1 1025416.5572 76802.2963 148.0000 ""
2 1025420.9031 76815.5795 148.0000 ""
3 1025428.8627 76830.2421 148.0000 ""
4 1025436.1976 76848.2605 148.0000 ""
5 1025444.6013 76869.0666 148.0000 ""
6 1025459.4629 76867.5336 148.0000 ""
7 1025368.2288 76779.2346 150.0000 ""
8 1025394.7769 76782.1509 150.0000 ""
9 1025404.8109 76797.8240 150.0000 ""
10 1025407.1322 76813.6211 150.0000 ""
11 1025406.1733 76816.1577 150.0000 ""
12 1025395.3291 76822.0957 150.0000 ""
13 1025402.6037 76832.7483 150.0000 ""
14 1025411.9569 76841.5956 150.0000 ""
15 1025418.5031 76857.6765 150.0000 ""
16 1025425.9481 76876.1090 150.0000 ""
17 1025431.0916 76893.3648 150.0000 ""
18 1025427.9163 76903.4927 150.0000 ""
19 1025424.0531 76926.0828 150.0000 ""
20 1025399.5746 76923.3439 150.0000 ""
21 1025395.5479 76918.8542 150.0000 ""
22 1025384.5402 76908.5821 150.0000 ""
23 1025377.0539 76915.7078 150.0000 ""
24 1025368.2859 76912.6663 150.0000 ""
25 1025359.3653 76913.2915 150.0000 ""
26 1025340.2447 76896.6570 150.0000 ""
27 1025333.9399 76890.8874 150.0000 ""
28 1025332.9657 76890.1860 150.0000 ""
29 1025332.3401 76889.2672 150.0000 ""
30 1025332.0146 76888.6136 150.0000 ""
31 1025332.9452 76862.3538 150.0000 ""
32 1025318.8766 76848.1047 150.0000 ""
33 1025316.2748 76841.9731 150.0000 ""
34 1025315.0033 76838.8425 150.0000 ""
35 1025313.2473 76834.5188 150.0000 ""
36 1025309.7365 76825.8746 150.0000 ""
37 1025311.5234 76805.5254 150.0000 ""
38 1025293.7796 76792.6121 150.0000 ""
39 1025286.2359 76781.3545 150.0000 ""
40 1025287.1117 76774.3007 150.0000 ""
41 1025298.6772 76765.7015 150.0000 ""
42 1025318.2374 76769.7670 150.0000 ""
43 1025326.8773 76775.4417 150.0000 ""
44 1025339.6797 76778.4373 150.0000 ""
45 1025367.5530 76779.0976 150.0000 ""
46 1025392.0640 76792.6384 152.0000 ""
47 1025396.3717 76799.3672 152.0000 ""
48 1025397.3683 76806.1491 152.0000 ""
49 1025394.2461 76814.4080 152.0000 ""
50 1025386.1959 76818.8160 152.0000 ""
51 1025377.3720 76808.3885 152.0000 ""
52 1025379.3291 76803.6852 152.0000 ""
53 1025380.5899 76791.3780 152.0000 ""
54 1025369.5022 76839.8705 152.0000 ""
55 1025383.6271 76846.7575 152.0000 ""
56 1025387.9311 76853.4731 152.0000 ""
57 1025384.8300 76860.9449 152.0000 ""
58 1025366.0618 76873.5686 152.0000 ""
59 1025364.3061 76883.1938 152.0000 ""
60 1025369.1559 76904.0106 152.0000 ""
61 1025363.2080 76904.4274 152.0000 ""
62 1025358.3880 76900.2341 152.0000 ""
63 1025356.7520 76877.8604 152.0000 ""
64 1025356.2431 76873.5325 152.0000 ""
65 1025341.4026 76838.8979 152.0000 ""
66 1025335.7830 76834.2375 152.0000 ""
67 1025336.8503 76820.1430 152.0000 ""
68 1025347.0418 76827.1887 152.0000 ""
69 1025351.2319 76830.9623 152.0000 ""
70 1025365.1578 76837.7522 152.0000 ""
71 1025495.5628 76944.3399 148.0000 ""
72 1025492.5575 76956.8412 148.0000 ""
73 1025484.5634 76968.8795 148.0000 ""
74 1025476.9564 76970.9979 148.0000 ""
75 1025463.1810 76975.6889 148.0000 ""
76 1025447.9825 76979.0182 148.0000 ""
77 1025439.7955 76977.9963 148.0000 ""
78 1025431.1878 76971.0676 148.0000 ""
79 1025413.6399 76955.1785 148.0000 ""
80 1025413.6040 76953.5076 148.0000 ""
81 1025410.7729 76952.9933 148.0000 ""
82 1025389.2841 76941.0570 148.0000 ""
83 1025384.7017 76938.5425 148.0000 ""
84 1025372.6356 76930.2311 148.0000 ""
85 1025357.2413 76925.0103 148.0000 ""
86 1025353.6228 76919.9407 148.0000 ""
87 1025332.6442 76900.7425 148.0000 ""
88 1025327.4785 76897.0238 148.0000 ""
89 1025324.1614 76892.1519 148.0000 ""
90 1025322.4354 76888.6863 148.0000 ""
91 1025323.0351 76871.7665 148.0000 ""
92 1025313.9703 76862.5855 148.0000 ""
93 1025306.9127 76845.9530 148.0000 ""
94 1025295.1047 76816.8794 148.0000 ""
95 1025290.0505 76808.8507 148.0000 ""
96 1025277.7934 76790.5592 148.0000 ""
97 1025280.1467 76771.6050 148.0000 ""
98 1025293.0459 76762.0141 148.0000 ""
99 1025295.4009 76757.4271 148.0000 ""
100 1025509.4351 76990.0466 146.0000 ""
101 1025507.2850 76989.9536 146.0000 ""
102 1025498.7282 76984.3115 146.0000 ""
103 1025500.8729 76977.7520 146.0000 ""
104 1025499.4419 76970.2944 146.0000 ""
105 1025496.9599 76966.7153 146.0000 ""
106 1025488.3631 76979.6611 146.0000 ""
107 1025475.0326 76983.3735 146.0000 ""
108 1025467.0433 76986.0941 146.0000 ""
109 1025443.1087 76991.3371 146.0000 ""
110 1025442.3753 76991.2456 146.0000 ""
111 1025424.4114 76976.7855 146.0000 ""
112 1025410.2543 76963.9668 146.0000 ""
113 1025400.8414 76964.5277 146.0000 ""
114 1025387.4944 76957.1138 146.0000 ""
115 1025373.3485 76949.3515 146.0000 ""
116 1025366.7063 76944.7763 146.0000 ""
117 1025358.2321 76941.9023 146.0000 ""
118 1025344.4378 76922.5760 146.0000 ""
119 1025331.3485 76910.5976 146.0000 ""
120 1025321.9912 76903.8615 146.0000 ""
121 1025315.9827 76895.0367 146.0000 ""
122 1025312.8563 76888.7590 146.0000 ""
123 1025313.1249 76881.1792 146.0000 ""
124 1025309.0641 76877.0662 146.0000 ""
125 1025297.5507 76849.9330 146.0000 ""
126 1025291.1163 76834.0902 146.0000 ""
127 1025271.9326 76803.6167 146.0000 ""
128 1025269.3509 76799.7639 146.0000 ""
129 1025272.2685 76776.2645 146.0000 ""
130 1025272.2530 76769.6152 146.0000 ""
131 1025272.6175 76768.7744 146.0000 ""
132 1025278.8437 76756.6470 146.0000 ""
133 1025512.3480 77001.3541 144.0000 ""
134 1025508.0656 77001.1689 144.0000 ""
135 1025497.6009 76994.2687 144.0000 ""
136 1025491.5109 76991.3811 144.0000 ""
137 1025487.7777 76991.6640 144.0000 ""
138 1025473.1087 76995.7491 144.0000 ""
139 1025470.9057 76996.4993 144.0000 ""
140 1025463.5441 76998.1119 144.0000 ""
141 1025462.6142 77003.6817 144.0000 ""
142 1025447.9961 77016.5747 144.0000 ""
143 1025441.0533 77017.7343 144.0000 ""
144 1025437.7627 77015.0895 144.0000 ""
145 1025435.3948 77009.7798 144.0000 ""
146 1025436.2275 76996.7722 144.0000 ""
147 1025431.1040 76993.3454 144.0000 ""
148 1025417.6349 76982.5034 144.0000 ""
149 1025407.8441 76973.6382 144.0000 ""
150 1025388.6096 76974.7843 144.0000 ""
151 1025385.7047 76973.1707 144.0000 ""
152 1025361.9953 76960.1606 144.0000 ""
153 1025360.7771 76959.3214 144.0000 ""
154 1025359.2228 76958.7943 144.0000 ""
155 1025335.2528 76925.2114 144.0000 ""
156 1025330.0528 76920.4527 144.0000 ""
157 1025316.5040 76910.6993 144.0000 ""
158 1025307.8041 76897.9215 144.0000 ""
159 1025304.7677 76891.8245 144.0000 ""
160 1025301.8071 76889.8954 144.0000 ""
161 1025295.9288 76872.1539 144.0000 ""
162 1025288.1887 76853.9129 144.0000 ""
163 1025287.1279 76851.3010 144.0000 ""
164 1025282.2585 76843.5660 144.0000 ""
165 1025262.3298 76819.0749 144.0000 ""
166 1025251.5274 76812.1123 144.0000 ""
167 1025252.7169 76798.4521 144.0000 ""
168 1025252.6657 76776.5141 144.0000 ""
169 1025257.9845 76764.2464 144.0000 ""
170 1025262.2865 76755.8669 144.0000 ""
171 1025446.6126 76920.2302 150.0000 ""
172 1025447.2693 76918.5473 150.0000 ""
173 1025452.4124 76907.4353 150.0000 ""
174 1025459.1374 76906.5595 150.0000 ""
175 1025472.9965 76903.3669 150.0000 ""
176 1025483.8831 76930.9560 150.0000 ""
177 1025482.0509 76936.2626 150.0000 ""
178 1025483.9454 76950.1152 150.0000 ""
179 1025482.7428 76955.1174 150.0000 ""
180 1025480.7637 76958.0979 150.0000 ""
181 1025478.8803 76958.6223 150.0000 ""
182 1025459.3186 76965.2837 150.0000 ""
183 1025452.8562 76966.6993 150.0000 ""
184 1025439.2805 76965.0047 150.0000 ""
185 1025438.4247 76939.5730 150.0000 ""
186 1025441.6928 76932.8385 150.0000 ""
187 1025444.9162 76924.5776 150.0000 ""
188 1025231.8555 76807.6227 142.0000 ""
189 1025233.1016 76793.3127 142.0000 ""
190 1025233.0785 76783.4130 142.0000 ""
191 1025243.3515 76759.7183 142.0000 ""
192 1025245.7293 76755.0869 142.0000 ""
193 1025515.9665 77013.5156 142.0000 ""
194 1025498.1076 77010.5436 142.0000 ""
195 1025461.2633 77024.0679 142.0000 ""
196 1025455.1330 77023.7553 142.0000 ""
197 1025453.6282 77023.8837 142.0000 ""
198 1025441.0579 77025.9832 142.0000 ""
199 1025433.8550 77020.1939 142.0000 ""
200 1025428.6717 77008.5709 142.0000 ""
201 1025429.1271 77001.4560 142.0000 ""
202 1025418.3210 76994.2283 142.0000 ""
203 1025410.8584 76988.2214 142.0000 ""
204 1025405.4338 76983.3096 142.0000 ""
205 1025391.5394 76984.1375 142.0000 ""
206 1025381.3045 76981.8989 142.0000 ""
207 1025362.8880 76971.4836 142.0000 ""
208 1025357.8095 76967.6022 142.0000 ""
209 1025345.9650 76965.4159 142.0000 ""
210 1025333.4836 76952.3522 142.0000 ""
211 1025324.7540 76935.7231 142.0000 ""
212 1025320.5571 76924.4049 142.0000 ""
213 1025311.0168 76917.5371 142.0000 ""
214 1025306.3001 76910.6095 142.0000 ""
215 1025291.1177 76899.9719 142.0000 ""
216 1025284.4276 76895.6126 142.0000 ""
217 1025277.7760 76875.5371 142.0000 ""
218 1025263.8039 76851.8684 142.0000 ""
219 1025255.8261 76842.0643 142.0000 ""
220 1025230.2896 76825.6050 142.0000 ""
221 1025231.4362 76812.4378 142.0000 ""
222 1025201.9307 76762.3221 140.0000 ""
223 1025220.5371 76774.0608 140.0000 ""
224 1025228.7186 76755.1903 140.0000 ""
225 1025229.1722 76754.3068 140.0000 ""
226 1025180.1044 76857.8779 142.0000 ""
227 1025184.3290 76855.7770 142.0000 ""
228 1025186.4880 76859.8816 142.0000 ""
229 1025184.1054 76862.0062 142.0000 ""
230 1025182.2324 76861.9182 142.0000 ""
231 1025180.8568 76860.1240 142.0000 ""
232 1025116.8094 76807.1665 142.0000 ""
233 1025136.1673 76813.2381 142.0000 ""
234 1025119.3164 76816.7868 142.0000 ""
235 1025109.4584 76815.7563 142.0000 ""
236 1025426.4013 77017.3468 140.0000 ""
237 1025421.9485 77007.3620 140.0000 ""
238 1025422.0268 77006.1397 140.0000 ""
239 1025405.5379 76995.1113 140.0000 ""
240 1025404.0820 76993.9393 140.0000 ""
241 1025403.0236 76992.9810 140.0000 ""
242 1025400.3128 76993.1425 140.0000 ""
243 1025375.8983 76987.8026 140.0000 ""
244 1025367.3277 76982.9556 140.0000 ""
245 1025355.6998 76974.0684 140.0000 ""
246 1025328.5800 76969.0626 140.0000 ""
247 1025322.5839 76962.7867 140.0000 ""
248 1025318.7533 76969.3016 140.0000 ""
249 1025292.2355 76986.7208 140.0000 ""
250 1025278.4953 76965.9889 140.0000 ""
251 1025283.3462 76958.7469 140.0000 ""
252 1025299.7235 76950.3383 140.0000 ""
253 1025294.6691 76935.5995 140.0000 ""
254 1025267.3190 76901.9489 140.0000 ""
255 1025266.8555 76901.5015 140.0000 ""
256 1025265.8348 76901.2067 140.0000 ""
257 1025221.8200 76873.7178 140.0000 ""
258 1025220.0729 76873.9170 140.0000 ""
259 1025195.9058 76895.4682 140.0000 ""
260 1025174.2426 76894.4501 140.0000 ""
261 1025158.3326 76873.6981 140.0000 ""
262 1025151.7310 76853.9917 140.0000 ""
263 1025139.4162 76856.0271 140.0000 ""
264 1025129.8275 76848.8780 140.0000 ""
265 1025108.8054 76846.0982 140.0000 ""
266 1025107.1107 76846.4551 140.0000 ""
267 1025099.2043 76845.6286 140.0000 ""
268 1025102.9901 76850.3548 140.0000 ""
269 1025105.2913 76872.2760 140.0000 ""
270 1025106.8270 76876.4776 140.0000 ""
271 1025115.5781 76881.0059 140.0000 ""
272 1025119.6622 76884.4116 140.0000 ""
273 1025297.9290 76966.5846 142.0000 ""
274 1025294.0451 76969.1359 142.0000 ""
275 1025292.0326 76966.0993 142.0000 ""
276 1025292.7431 76965.0386 142.0000 ""
277 1025301.4735 76960.5562 142.0000 ""
278 1025523.0207 77029.8353 140.0000 ""
279 1025515.0377 77028.5068 140.0000 ""
280 1025498.5680 77034.5523 140.0000 ""
281 1025456.8806 77032.4267 140.0000 ""
282 1025446.6477 77033.2993 140.0000 ""
283 1025441.0625 77034.2321 140.0000 ""
284 1025429.9473 77025.2982 140.0000 ""
285 1025428.3020 77021.6088 140.0000 ""
286 1025530.2306 77046.4060 138.0000 ""
287 1025526.1125 77044.5389 138.0000 ""
288 1025458.6283 77041.0980 138.0000 ""
289 1025442.1677 77042.5017 138.0000 ""
290 1025440.6651 77042.4011 138.0000 ""
291 1025438.6507 77040.5388 138.0000 ""
292 1025426.0395 77030.4026 138.0000 ""
293 1025420.3628 77017.6732 138.0000 ""
294 1025414.7866 77014.8292 138.0000 ""
295 1025409.0020 77012.3602 138.0000 ""
296 1025397.0040 77004.1701 138.0000 ""
297 1025372.2415 76995.1727 138.0000 ""
298 1025370.9156 76994.5152 138.0000 ""
299 1025369.7790 76992.9078 138.0000 ""
300 1025353.5901 76980.5346 138.0000 ""
301 1025331.4740 76976.4524 138.0000 ""
302 1025324.4927 76989.4441 138.0000 ""
303 1025306.0529 76997.4402 138.0000 ""
304 1025299.7960 76999.7143 138.0000 ""
305 1025297.3800 76999.4435 138.0000 ""
306 1025285.1007 77000.7695 138.0000 ""
307 1025280.9504 76992.3111 138.0000 ""
308 1025266.9569 76968.8945 138.0000 ""
309 1025264.9580 76965.8784 138.0000 ""
310 1025266.9542 76962.8983 138.0000 ""
311 1025261.4611 76962.5991 138.0000 ""
312 1025260.7449 76966.2072 138.0000 ""
313 1025254.8560 76984.4847 138.0000 ""
314 1025233.8164 76994.7740 138.0000 ""
315 1025221.3386 76998.4639 138.0000 ""
316 1025218.4941 76999.3012 138.0000 ""
317 1025206.8933 77004.6327 138.0000 ""
318 1025187.0373 77015.0987 138.0000 ""
319 1025175.7957 77017.6186 138.0000 ""
320 1025155.0308 77021.9596 138.0000 ""
321 1025144.5197 77022.6996 138.0000 ""
322 1025118.9896 77023.3959 138.0000 ""
323 1025113.2207 77021.4520 138.0000 ""
324 1025106.6289 77021.2708 138.0000 ""
325 1025054.3602 77016.3275 138.0000 ""
326 1025035.4400 77002.7634 138.0000 ""
327 1025019.1508 76980.6292 138.0000 ""
328 1025014.9711 76969.5068 138.0000 ""
329 1024998.0703 76949.9080 138.0000 ""
330 1024989.9798 76951.3356 138.0000 ""
331 1024972.2763 76938.1267 138.0000 ""
332 1024965.5969 76935.7011 138.0000 ""
333 1024950.6136 76930.0226 138.0000 ""
334 1024940.4700 76922.2626 138.0000 ""
335 1024932.8501 76913.3599 138.0000 ""
336 1024929.7072 76909.6880 138.0000 ""
337 1024917.5625 76895.4988 138.0000 ""
338 1024917.2422 76894.8937 138.0000 ""
339 1024915.8320 76893.6066 138.0000 ""
340 1024897.8903 76868.2185 138.0000 ""
341 1024894.3762 76862.2595 138.0000 ""
342 1024885.7799 76834.0323 138.0000 ""
343 1024885.3889 76828.1639 138.0000 ""
344 1025123.2462 76887.4004 140.0000 ""
345 1025137.6634 76899.4228 140.0000 ""
346 1025167.7144 76922.1469 140.0000 ""
347 1025167.7492 76922.1746 140.0000 ""
348 1025167.8144 76922.2033 140.0000 ""
349 1025167.9333 76922.1853 140.0000 ""
350 1025201.7365 76918.0757 140.0000 ""
351 1025229.2892 76925.3927 140.0000 ""
352 1025233.5801 76929.2583 140.0000 ""
353 1025233.6593 76929.6970 140.0000 ""
354 1025239.4340 76965.6239 140.0000 ""
355 1025238.7457 76969.0913 140.0000 ""
356 1025237.6931 76972.3584 140.0000 ""
357 1025229.4944 76976.3679 140.0000 ""
358 1025211.9037 76971.2412 140.0000 ""
359 1025203.3863 76995.2386 140.0000 ""
360 1025189.5349 77002.5396 140.0000 ""
361 1025165.1224 77008.0120 140.0000 ""
362 1025156.0516 77009.9083 140.0000 ""
363 1025133.3965 77011.5032 140.0000 ""
364 1025124.9216 77011.7344 140.0000 ""
365 1025108.3570 77006.1529 140.0000 ""
366 1025089.4296 77005.6324 140.0000 ""
367 1025081.4911 77004.8816 140.0000 ""
368 1025076.8452 77004.4422 140.0000 ""
369 1025058.9126 77002.7462 140.0000 ""
370 1025047.8660 76994.8269 140.0000 ""
371 1025038.3556 76981.9039 140.0000 ""
372 1025026.8879 76951.3884 140.0000 ""
373 1025019.3196 76942.6119 140.0000 ""
374 1025005.8724 76929.0971 140.0000 ""
375 1024995.8993 76922.4303 140.0000 ""
376 1024977.0645 76913.8422 140.0000 ""
377 1024953.4781 76891.7423 140.0000 ""
378 1024947.7380 76887.3511 140.0000 ""
379 1024945.5972 76884.8500 140.0000 ""
380 1024935.2934 76865.3811 140.0000 ""
381 1024929.7435 76854.3141 140.0000 ""
382 1024924.6763 76839.4963 140.0000 ""
383 1024917.1521 76820.5515 140.0000 ""
384 1024916.8843 76816.5338 140.0000 ""
385 1025181.2758 76984.4632 142.0000 ""
386 1025182.8584 76990.8008 142.0000 ""
387 1025160.7340 76996.2228 142.0000 ""
388 1025151.4086 76997.2622 142.0000 ""
389 1025127.1031 76998.1334 142.0000 ""
390 1025119.2480 76996.1623 142.0000 ""
391 1025103.4933 76990.8537 142.0000 ""
392 1025072.2303 76989.9940 142.0000 ""
393 1025063.4649 76989.1650 142.0000 ""
394 1025060.2920 76986.8903 142.0000 ""
395 1025057.5603 76983.1785 142.0000 ""
396 1025050.9301 76965.5355 142.0000 ""
397 1025047.6431 76946.4697 142.0000 ""
398 1025043.3358 76933.4208 142.0000 ""
399 1025029.6363 76925.2770 142.0000 ""
400 1025017.6840 76913.2646 142.0000 ""
401 1024996.1606 76898.8768 142.0000 ""
402 1024994.6801 76898.2017 142.0000 ""
403 1024992.0402 76895.7282 142.0000 ""
404 1024967.9760 76873.6987 142.0000 ""
405 1024964.0456 76845.7052 142.0000 ""
406 1024960.6500 76838.9340 142.0000 ""
407 1024957.8925 76830.8703 142.0000 ""
408 1024964.5709 76823.0493 142.0000 ""
409 1024969.1568 76804.8752 142.0000 ""
410 1024980.5578 76793.9144 142.0000 ""
411 1025020.7050 76780.7825 142.0000 ""
412 1025021.8033 76782.2867 142.0000 ""
413 1025040.0853 76805.4896 142.0000 ""
414 1025041.2500 76808.0332 142.0000 ""
415 1025054.7943 76831.6729 142.0000 ""
416 1025056.4787 76845.9842 142.0000 ""
417 1025070.2712 76863.2031 142.0000 ""
418 1025071.3238 76873.2301 142.0000 ""
419 1025081.0838 76899.9337 142.0000 ""
420 1025136.7031 76928.7145 142.0000 ""
421 1025138.7302 76930.4050 142.0000 ""
422 1025141.4886 76932.4908 142.0000 ""
423 1025153.1741 76941.7928 142.0000 ""
424 1025175.0766 76951.4166 142.0000 ""
425 1025189.7988 76949.1897 142.0000 ""
426 1025180.6358 76968.1515 142.0000 ""
427 1025087.0943 76949.4352 144.0000 ""
428 1025094.1969 76955.4634 144.0000 ""
429 1025103.6559 76964.4886 144.0000 ""
430 1025123.7093 76977.6477 144.0000 ""
431 1025129.0561 76976.1829 144.0000 ""
432 1025131.5014 76980.0503 144.0000 ""
433 1025132.9052 76981.9214 144.0000 ""
434 1025127.1815 76982.5594 144.0000 ""
435 1025125.5800 76982.6168 144.0000 ""
436 1025102.1112 76976.7277 144.0000 ""
437 1025098.6296 76975.5546 144.0000 ""
438 1025086.9584 76975.2336 144.0000 ""
439 1025078.5181 76963.7836 144.0000 ""
440 1025076.8651 76954.1958 144.0000 ""
441 1025070.7010 76935.5215 144.0000 ""
442 1025083.4093 76946.3076 144.0000 ""
443 1025012.4835 76833.0824 144.0000 ""
444 1025008.9374 76837.0081 144.0000 ""
445 1025004.9770 76842.2605 144.0000 ""
446 1024993.0708 76818.5877 144.0000 ""
447 1024994.3572 76813.4893 144.0000 ""
448 1025002.6723 76805.4954 144.0000 ""
449 1025017.7062 76801.6805 144.0000 ""
450 1025019.2317 76803.7700 144.0000 ""
451 1025020.6470 76805.5662 144.0000 ""
452 1025026.2622 76817.8290 144.0000 ""
453 1025015.7234 76829.4958 144.0000 ""
454 1025538.0972 77064.0354 136.0000 ""
455 1025512.4922 77052.4266 136.0000 ""
456 1025460.3760 77049.7693 136.0000 ""
457 1025447.6639 77050.8533 136.0000 ""
458 1025438.6637 77050.2508 136.0000 ""
459 1025426.5975 77039.0963 136.0000 ""
460 1025422.1318 77035.5069 136.0000 ""
461 1025420.1216 77030.9994 136.0000 ""
462 1025407.5099 77024.5670 136.0000 ""
463 1025394.4267 77018.9829 136.0000 ""
464 1025389.8295 77015.8448 136.0000 ""
465 1025380.3416 77012.3973 136.0000 ""
466 1025368.7788 77006.6642 136.0000 ""
467 1025358.8672 76992.6466 136.0000 ""
468 1025351.4804 76987.0008 136.0000 ""
469 1025341.3890 76985.1382 136.0000 ""
470 1025336.6061 76994.0387 136.0000 ""
471 1025339.2098 77010.6796 136.0000 ""
472 1025323.4353 77011.9051 136.0000 ""
473 1025309.1760 77017.0878 136.0000 ""
474 1025279.4745 77013.7585 136.0000 ""
475 1025276.8044 77014.0469 136.0000 ""
476 1025271.2345 77002.6956 136.0000 ""
477 1025268.6404 76996.9210 136.0000 ""
478 1025231.8085 77007.8128 136.0000 ""
479 1025221.8297 77010.7503 136.0000 ""
480 1025189.0217 77025.8280 136.0000 ""
481 1025186.0061 77027.1729 136.0000 ""
482 1025184.9017 77027.1785 136.0000 ""
483 1025155.4402 77033.3670 136.0000 ""
484 1025154.3987 77034.2928 136.0000 ""
485 1025152.2771 77033.7916 136.0000 ""
486 1025118.9320 77034.3260 136.0000 ""
487 1025114.8643 77033.3654 136.0000 ""
488 1025112.0605 77034.6140 136.0000 ""
489 1025107.9572 77034.8236 136.0000 ""
490 1025090.3516 77033.7431 136.0000 ""
491 1025049.8079 77029.9087 136.0000 ""
492 1025028.9522 77014.9570 136.0000 ""
493 1025017.7716 77017.4309 136.0000 ""
494 1025010.6349 77019.3029 136.0000 ""
495 1024997.9245 77025.4480 136.0000 ""
496 1024981.1233 77001.1324 136.0000 ""
497 1024969.1297 76980.8060 136.0000 ""
498 1024960.9887 76973.1999 136.0000 ""
499 1024937.8359 76949.9797 136.0000 ""
500 1024930.3919 76948.0800 136.0000 ""
501 1024933.9119 76942.7629 136.0000 ""
502 1024928.3058 76935.9713 136.0000 ""
503 1024915.9516 76916.5669 136.0000 ""
504 1024901.1241 76894.1846 136.0000 ""
505 1024900.0181 76892.6195 136.0000 ""
506 1024897.7024 76888.6928 136.0000 ""
507 1024870.3402 76886.3466 136.0000 ""
508 1024874.3434 76852.7093 136.0000 ""
509 1024866.5594 76838.1461 136.0000 ""
510 1025545.9638 77081.6649 134.0000 ""
511 1025498.8719 77060.3143 134.0000 ""
512 1025462.1236 77058.4406 134.0000 ""
513 1025453.1601 77059.2049 134.0000 ""
514 1025436.6623 77058.1006 134.0000 ""
515 1025422.1641 77044.6978 134.0000 ""
516 1025416.5118 77043.6706 134.0000 ""
517 1025409.6505 77039.1079 134.0000 ""
518 1025400.2332 77034.3048 134.0000 ""
519 1025389.4116 77029.6860 134.0000 ""
520 1025379.4004 77031.7929 134.0000 ""
521 1025373.8101 77022.3673 134.0000 ""
522 1025366.6420 77018.8131 134.0000 ""
523 1025356.0867 77003.8852 134.0000 ""
524 1025360.3880 77020.9034 134.0000 ""
525 1025350.0119 77026.5005 134.0000 ""
526 1025330.0202 77032.6142 134.0000 ""
527 1025321.9027 77033.2449 134.0000 ""
528 1025318.5560 77034.4613 134.0000 ""
529 1025307.4418 77033.2155 134.0000 ""
530 1025279.5173 77025.2736 134.0000 ""
531 1025273.2935 77023.4874 134.0000 ""
532 1025267.2299 77021.7565 134.0000 ""
533 1025262.4819 77011.1872 134.0000 ""
534 1025242.2784 77017.1617 134.0000 ""
535 1025225.1652 77022.1994 134.0000 ""
536 1025217.1210 77025.8963 134.0000 ""
537 1025193.5196 77036.4222 134.0000 ""
538 1025184.8755 77036.4662 134.0000 ""
539 1025165.0554 77040.6294 134.0000 ""
540 1025156.2683 77048.4412 134.0000 ""
541 1025138.3682 77044.2124 134.0000 ""
542 1025125.6159 77044.4168 134.0000 ""
543 1025112.8123 77041.3931 134.0000 ""
544 1025103.9871 77045.3231 134.0000 ""
545 1025091.0713 77045.9829 134.0000 ""
546 1025049.1006 77043.4071 134.0000 ""
547 1025048.5445 77049.5069 134.0000 ""
548 1025046.9084 77072.4768 134.0000 ""
549 1025047.9881 77078.0460 134.0000 ""
550 1025029.6822 77085.9218 134.0000 ""
551 1025014.0297 77084.8489 134.0000 ""
552 1024998.1628 77072.2951 134.0000 ""
553 1024998.2265 77071.9335 134.0000 ""
554 1024991.8684 77053.9973 134.0000 ""
555 1024991.2268 77043.4411 134.0000 ""
556 1024975.9103 77025.1868 134.0000 ""
557 1024963.1517 77006.7219 134.0000 ""
558 1024957.0187 76996.3278 134.0000 ""
559 1024937.3240 76977.9273 134.0000 ""
560 1024934.3476 76974.9422 134.0000 ""
561 1024921.3238 76971.6185 134.0000 ""
562 1024926.2598 76983.6153 134.0000 ""
563 1024925.3267 76985.3005 134.0000 ""
564 1024930.1087 77012.6027 134.0000 ""
565 1024923.3556 77024.2298 134.0000 ""
566 1024910.5948 77039.7332 134.0000 ""
567 1024909.8285 77043.7566 134.0000 ""
568 1024911.1892 77081.4950 134.0000 ""
569 1024913.0886 77084.8012 134.0000 ""
570 1025554.8239 77105.9818 132.0000 ""
571 1025543.4064 77092.8827 132.0000 ""
572 1025522.9853 77085.3098 132.0000 ""
573 1025485.2515 77068.2020 132.0000 ""
574 1025463.8713 77067.1119 132.0000 ""
575 1025458.6563 77067.5566 132.0000 ""
576 1025434.6609 77065.9504 132.0000 ""
577 1025426.9780 77058.8479 132.0000 ""
578 1025409.1733 77055.6123 132.0000 ""
579 1025408.6355 77055.6155 132.0000 ""
580 1025394.0130 77049.7535 132.0000 ""
581 1025375.9197 77053.5206 132.0000 ""
582 1025366.8970 77048.7056 132.0000 ""
583 1025362.3190 77046.5206 132.0000 ""
584 1025356.5356 77040.5338 132.0000 ""
585 1025355.9110 77039.3968 132.0000 ""
586 1025355.3418 77039.7038 132.0000 ""
587 1025354.0880 77040.0872 132.0000 ""
588 1025340.1243 77044.1355 132.0000 ""
589 1025324.2401 77046.5873 132.0000 ""
590 1025317.3552 77044.4961 132.0000 ""
591 1025286.4667 77035.7114 132.0000 ""
592 1025271.6241 77031.4516 132.0000 ""
593 1025257.1635 77027.3237 132.0000 ""
594 1025256.3233 77025.4535 132.0000 ""
595 1025252.7484 77026.5106 132.0000 ""
596 1025248.0555 77027.8921 132.0000 ""
597 1025229.4168 77034.4238 132.0000 ""
598 1025221.6070 77036.4958 132.0000 ""
599 1025201.0331 77045.6715 132.0000 ""
600 1025184.8493 77045.7539 132.0000 ""
601 1025174.6706 77047.8919 132.0000 ""
602 1025161.9060 77059.2398 132.0000 ""
603 1025158.5851 77061.0589 132.0000 ""
604 1025158.0054 77061.0178 132.0000 ""
605 1025156.9678 77062.0220 132.0000 ""
606 1025133.4294 77056.2226 132.0000 ""
607 1025128.9155 77054.6572 132.0000 ""
608 1025127.0031 77053.2567 132.0000 ""
609 1025110.7604 77049.4209 132.0000 ""
610 1025095.9137 77056.0323 132.0000 ""
611 1025074.1854 77057.1423 132.0000 ""
612 1025064.6310 77056.5559 132.0000 ""
613 1025063.3297 77070.8317 132.0000 ""
614 1025061.3102 77080.0621 132.0000 ""
615 1025060.1138 77082.9464 132.0000 ""
616 1025049.1756 77087.8373 132.0000 ""
617 1025035.5795 77093.6868 132.0000 ""
618 1025013.4984 77092.1733 132.0000 ""
619 1025009.2537 77088.8149 132.0000 ""
620 1024995.3482 77085.6836 132.0000 ""
621 1024988.6066 77077.3463 132.0000 ""
622 1024981.7482 77055.7746 132.0000 ""
623 1024977.1458 77052.0563 132.0000 ""
624 1024951.9880 77020.5698 132.0000 ""
625 1024945.7468 77013.1315 132.0000 ""
626 1024945.1801 77012.3113 132.0000 ""
627 1024944.9077 77011.8497 132.0000 ""
628 1024943.8013 77010.8160 132.0000 ""
629 1024943.5001 77011.3599 132.0000 ""
630 1024943.7125 77012.5725 132.0000 ""
631 1024931.2034 77034.1099 132.0000 ""
632 1024924.3096 77042.4853 132.0000 ""
633 1024921.2110 77058.7552 132.0000 ""
634 1024921.8918 77077.6375 132.0000 ""
635 1024928.6767 77089.4470 132.0000 ""
636 1025026.5468 77039.2635 136.0000 ""
637 1025032.9686 77045.9075 136.0000 ""
638 1025031.9614 77060.0473 136.0000 ""
639 1025034.5725 77073.5156 136.0000 ""
640 1025023.7849 77078.1568 136.0000 ""
641 1025014.5609 77077.5246 136.0000 ""
642 1025005.2107 77070.1266 136.0000 ""
643 1025006.1556 77064.7643 136.0000 ""
644 1025002.7420 77055.1343 136.0000 ""
645 1025001.7085 77038.1313 136.0000 ""
646 1025004.0870 77038.2490 136.0000 ""
647 1025013.9921 77026.2743 136.0000 ""
648 1025023.1877 77035.7882 136.0000 ""
649 1025013.4735 77053.9344 138.0000 ""
650 1025017.4454 77054.1310 138.0000 ""
651 1025018.7302 77056.4678 138.0000 ""
652 1025021.1569 77068.9852 138.0000 ""
653 1025017.8877 77070.3918 138.0000 ""
654 1025015.0922 77070.2002 138.0000 ""
655 1025012.2585 77067.9581 138.0000 ""
656 1025014.0848 77057.5950 138.0000 ""
657 1025013.6156 77056.2714 138.0000 ""
658 1025563.8164 77132.6039 130.0000 ""
659 1025563.2689 77132.6400 130.0000 ""
660 1025562.4449 77132.0722 130.0000 ""
661 1025534.8455 77100.4079 130.0000 ""
662 1025482.2421 77080.9005 130.0000 ""
663 1025471.6312 77076.0897 130.0000 ""
664 1025465.6190 77075.7832 130.0000 ""
665 1025464.1525 77075.9082 130.0000 ""
666 1025432.6595 77073.8001 130.0000 ""
667 1025431.7919 77072.9980 130.0000 ""
668 1025429.7812 77072.6327 130.0000 ""
669 1025422.7460 77072.6748 130.0000 ""
670 1025418.0794 77072.7027 130.0000 ""
671 1025412.6527 77072.7352 130.0000 ""
672 1025391.9035 77073.3501 130.0000 ""
673 1025389.7557 77071.8922 130.0000 ""
674 1025388.7209 77070.9752 130.0000 ""
675 1025385.7994 77069.6802 130.0000 ""
676 1025359.7163 77055.7606 130.0000 ""
677 1025352.5245 77052.3280 130.0000 ""
678 1025345.1176 77053.7947 130.0000 ""
679 1025328.2894 77056.3922 130.0000 ""
680 1025311.4740 77051.2848 130.0000 ""
681 1025293.4161 77046.1491 130.0000 ""
682 1025269.9547 77039.4158 130.0000 ""
683 1025258.9972 77036.2879 130.0000 ""
684 1025247.5483 77042.3116 130.0000 ""
685 1025234.1092 77047.0212 130.0000 ""
686 1025214.7321 77052.1621 130.0000 ""
687 1025208.5466 77054.9208 130.0000 ""
688 1025184.8231 77055.0416 130.0000 ""
689 1025184.2859 77055.1544 130.0000 ""
690 1025183.6122 77055.7533 130.0000 ""
691 1025162.8083 77067.1494 130.0000 ""
692 1025159.1770 77066.8916 130.0000 ""
693 1025152.6769 77073.1824 130.0000 ""
694 1025143.0801 77070.8179 130.0000 ""
695 1025126.7107 77065.1410 130.0000 ""
696 1025119.7752 77060.0621 130.0000 ""
697 1025108.7085 77057.4486 130.0000 ""
698 1025087.8404 77066.7415 130.0000 ""
699 1025076.3209 77067.3299 130.0000 ""
700 1025074.4090 77076.0686 130.0000 ""
701 1025069.1567 77088.7311 130.0000 ""
702 1025050.1945 77097.2099 130.0000 ""
703 1025040.3527 77102.5746 130.0000 ""
704 1025037.0592 77103.3718 130.0000 ""
705 1025032.7201 77101.9167 130.0000 ""
706 1025011.3842 77100.5668 130.0000 ""
707 1024994.6811 77100.3559 130.0000 ""
708 1024992.8635 77099.9466 130.0000 ""
709 1024978.8550 77082.6221 130.0000 ""
710 1024974.8633 77070.0668 130.0000 ""
711 1024945.8941 77046.6630 130.0000 ""
712 1024941.0326 77040.5786 130.0000 ""
713 1024939.0513 77043.9900 130.0000 ""
714 1024938.0245 77045.2375 130.0000 ""
715 1024932.5934 77073.7538 130.0000 ""
716 1024932.5944 77073.7801 130.0000 ""
717 1024944.2647 77094.0929 130.0000 ""
718 1025567.1089 77139.1829 128.0000 ""
719 1025558.9183 77139.7233 128.0000 ""
720 1025546.5888 77131.2278 128.0000 ""
721 1025526.2846 77107.9331 128.0000 ""
722 1025472.7916 77088.0958 128.0000 ""
723 1025469.3650 77087.9717 128.0000 ""
724 1025460.9036 77094.9779 128.0000 ""
725 1025437.7962 77092.7493 128.0000 ""
726 1025419.7067 77093.3392 128.0000 ""
727 1025404.4945 77093.7900 128.0000 ""
728 1025387.5897 77082.3155 128.0000 ""
729 1025379.4452 77075.0972 128.0000 ""
730 1025356.4506 77064.9049 128.0000 ""
731 1025352.5355 77062.8155 128.0000 ""
732 1025351.4560 77062.3003 128.0000 ""
733 1025340.1126 77064.5465 128.0000 ""
734 1025333.6084 77066.0465 128.0000 ""
735 1025331.2773 77066.1967 128.0000 ""
736 1025324.8245 77063.9148 128.0000 ""
737 1025305.5928 77058.0735 128.0000 ""
738 1025300.3655 77056.5868 128.0000 ""
739 1025268.2853 77047.3800 128.0000 ""
740 1025264.0901 77046.1824 128.0000 ""
741 1025240.7943 77058.4393 128.0000 ""
742 1025239.0825 77059.4363 128.0000 ""
743 1025238.4066 77059.6770 128.0000 ""
744 1025213.9480 77065.7700 128.0000 ""
745 1025210.0340 77065.0529 128.0000 ""
746 1025188.5420 77065.5901 128.0000 ""
747 1025184.1590 77063.8576 128.0000 ""
748 1025167.0315 77073.2398 128.0000 ""
749 1025160.3486 77072.7654 128.0000 ""
750 1025150.8765 77081.9325 128.0000 ""
751 1025149.8972 77082.9012 128.0000 ""
752 1025148.1204 77083.9345 128.0000 ""
753 1025137.1894 77080.0235 128.0000 ""
754 1025124.5058 77075.6247 128.0000 ""
755 1025112.5474 77066.8675 128.0000 ""
756 1025106.6565 77065.4764 128.0000 ""
757 1025087.9710 77073.7973 128.0000 ""
758 1025083.2447 77082.3527 128.0000 ""
759 1025078.1995 77094.5159 128.0000 ""
760 1025070.6364 77097.8977 128.0000 ""
761 1025044.3747 77112.2128 128.0000 ""
762 1025035.5864 77114.3400 128.0000 ""
763 1025024.0078 77110.4572 128.0000 ""
764 1025008.5057 77109.4764 128.0000 ""
765 1024994.7990 77109.3033 128.0000 ""
766 1024980.3209 77110.7284 128.0000 ""
767 1024973.4239 77093.2412 128.0000 ""
768 1024969.1034 77087.8979 128.0000 ""
769 1024967.9783 77084.3591 128.0000 ""
770 1024957.2646 77075.7036 128.0000 ""
771 1024956.0594 77085.3996 128.0000 ""
772 1024959.6887 77098.4532 128.0000 ""
773 1024959.8528 77098.7388 128.0000 ""
774 1025582.6920 77169.3151 126.0000 ""
775 1025563.7003 77146.2040 126.0000 ""
776 1025554.5677 77146.8066 126.0000 ""
777 1025530.7328 77130.3833 126.0000 ""
778 1025517.7237 77115.4582 126.0000 ""
779 1025483.4504 77102.7484 126.0000 ""
780 1025474.3952 77102.4204 126.0000 ""
781 1025452.0350 77120.9352 126.0000 ""
782 1025422.4616 77118.0830 126.0000 ""
783 1025409.8074 77114.2567 126.0000 ""
784 1025404.5164 77105.6982 126.0000 ""
785 1025385.4238 77092.7387 126.0000 ""
786 1025370.1694 77079.2193 126.0000 ""
787 1025355.6492 77072.7832 126.0000 ""
788 1025347.3119 77074.7060 126.0000 ""
789 1025327.2558 77075.9985 126.0000 ""
790 1025308.4231 77069.3387 126.0000 ""
791 1025300.7996 77066.0088 126.0000 ""
792 1025269.6998 77056.8113 126.0000 ""
793 1025268.6188 77057.2083 126.0000 ""
794 1025249.1253 77068.5624 126.0000 ""
795 1025235.5764 77073.3866 126.0000 ""
796 1025217.7567 77077.8258 126.0000 ""
797 1025206.9774 77075.8506 126.0000 ""
798 1025192.4819 77076.2130 126.0000 ""
799 1025183.4573 77072.6458 126.0000 ""
800 1025171.2547 77079.3302 126.0000 ""
801 1025161.5202 77078.6392 126.0000 ""
802 1025154.5770 77085.3588 126.0000 ""
803 1025150.4554 77089.4358 126.0000 ""
804 1025142.9773 77093.7849 126.0000 ""
805 1025127.7436 77088.3343 126.0000 ""
806 1025118.8343 77084.8514 126.0000 ""
807 1025107.6606 77075.3873 126.0000 ""
808 1025105.3196 77073.6729 126.0000 ""
809 1025104.6046 77073.5041 126.0000 ""
810 1025102.3368 77074.5140 126.0000 ""
811 1025098.4653 77081.5221 126.0000 ""
812 1025088.9957 77098.0282 126.0000 ""
813 1025086.3785 77100.6581 126.0000 ""
814 1025082.9702 77103.0052 126.0000 ""
815 1025048.3967 77121.8510 126.0000 ""
816 1025034.1135 77125.3083 126.0000 ""
817 1025015.2956 77118.9977 126.0000 ""
818 1025005.6272 77118.3860 126.0000 ""
819 1024997.0786 77118.2781 126.0000 ""
820 1024978.5756 77120.0993 126.0000 ""
821 1025597.6010 77203.6204 124.0000 ""
822 1025579.2942 77185.2299 124.0000 ""
823 1025570.4604 77176.9846 124.0000 ""
824 1025559.1096 77161.1283 124.0000 ""
825 1025553.0099 77153.7056 124.0000 ""
826 1025550.2171 77153.8898 124.0000 ""
827 1025514.8767 77129.5388 124.0000 ""
828 1025509.1628 77122.9834 124.0000 ""
829 1025494.1093 77117.4009 124.0000 ""
830 1025479.4254 77116.8692 124.0000 ""
831 1025447.6026 77143.2192 124.0000 ""
832 1025445.3674 77144.6964 124.0000 ""
833 1025444.2518 77144.8266 124.0000 ""
834 1025443.3542 77144.6670 124.0000 ""
835 1025423.9267 77140.2269 124.0000 ""
836 1025405.8392 77134.7577 124.0000 ""
837 1025388.5098 77106.7269 124.0000 ""
838 1025383.2578 77103.1620 124.0000 ""
839 1025361.2386 77083.6472 124.0000 ""
840 1025360.9536 77083.4229 124.0000 ""
841 1025360.8614 77083.3963 124.0000 ""
842 1025360.4985 77083.3988 124.0000 ""
843 1025323.2343 77085.8003 124.0000 ""
844 1025317.2425 77083.6814 124.0000 ""
845 1025296.7545 77074.7325 124.0000 ""
846 1025276.1542 77068.6401 124.0000 ""
847 1025272.2257 77070.0830 124.0000 ""
848 1025259.1681 77077.6885 124.0000 ""
849 1025232.7463 77087.0962 124.0000 ""
850 1025221.5654 77089.8815 124.0000 ""
851 1025203.9208 77086.6484 124.0000 ""
852 1025196.4218 77086.8359 124.0000 ""
853 1025182.7555 77081.4341 124.0000 ""
854 1025175.4779 77085.4207 124.0000 ""
855 1025162.6918 77084.5129 124.0000 ""
856 1025158.2776 77088.7851 124.0000 ""
857 1025151.0136 77095.9704 124.0000 ""
858 1025137.8342 77103.6353 124.0000 ""
859 1025133.7065 77102.1584 124.0000 ""
860 1025111.4269 77093.4486 124.0000 ""
861 1025107.3175 77089.9680 124.0000 ""
862 1025103.2488 77097.0601 124.0000 ""
863 1025092.8542 77107.5050 124.0000 ""
864 1025079.3179 77116.8266 124.0000 ""
865 1025052.4187 77131.4891 124.0000 ""
866 1025032.6406 77136.2765 124.0000 ""
867 1025006.5833 77127.5383 124.0000 ""
868 1025002.7487 77127.2957 124.0000 ""
869 1024999.3582 77127.2529 124.0000 ""
870 1024992.0198 77127.9752 124.0000 ""
871 1025608.7205 77228.2809 122.0000 ""
872 1025594.3044 77217.2202 122.0000 ""
873 1025583.9856 77209.1377 122.0000 ""
874 1025575.3087 77200.4211 122.0000 ""
875 1025560.0734 77186.2009 122.0000 ""
876 1025557.5664 77183.5288 122.0000 ""
877 1025543.9128 77162.6035 122.0000 ""
878 1025540.4265 77158.8026 122.0000 ""
879 1025503.4474 77132.4511 122.0000 ""
880 1025497.0574 77131.7743 122.0000 ""
881 1025484.4557 77131.3179 122.0000 ""
882 1025475.0298 77139.1228 122.0000 ""
883 1025454.5064 77152.6863 122.0000 ""
884 1025444.2635 77153.8817 122.0000 ""
885 1025436.0223 77152.4157 122.0000 ""
886 1025416.2624 77147.8997 122.0000 ""
887 1025402.1117 77141.7083 122.0000 ""
888 1025394.2553 77137.6150 122.0000 ""
889 1025384.7544 77128.2411 122.0000 ""
890 1025375.0316 77112.3970 122.0000 ""
891 1025363.0019 77102.9315 122.0000 ""
892 1025345.4956 77097.8791 122.0000 ""
893 1025326.9174 77098.0054 122.0000 ""
894 1025320.0662 77096.7029 122.0000 ""
895 1025309.7514 77090.8999 122.0000 ""
896 1025292.7094 77083.4562 122.0000 ""
897 1025282.6086 77080.4690 122.0000 ""
898 1025275.8326 77082.9577 122.0000 ""
899 1025269.2108 77086.8146 122.0000 ""
900 1025229.9161 77100.8058 122.0000 ""
901 1025225.3741 77101.9373 122.0000 ""
902 1025200.8642 77097.4462 122.0000 ""
903 1025200.3618 77097.4588 122.0000 ""
904 1025182.0538 77090.2223 122.0000 ""
905 1025179.7011 77091.5111 122.0000 ""
906 1025163.8634 77090.3867 122.0000 ""
907 1025161.9781 77092.2113 122.0000 ""
908 1025151.5719 77102.5049 122.0000 ""
909 1025140.8543 77108.7381 122.0000 ""
910 1025136.3444 77115.1247 122.0000 ""
911 1025126.2046 77112.5321 122.0000 ""
912 1025108.1689 77105.4701 122.0000 ""
913 1025099.3298 77114.3519 122.0000 ""
914 1025075.6655 77130.6480 122.0000 ""
915 1025056.4407 77141.1273 122.0000 ""
916 1025031.1677 77147.2448 122.0000 ""
917 1025008.6848 77139.7052 122.0000 ""
918 1025624.6129 77266.1873 120.0000 ""
919 1025614.8618 77258.9295 120.0000 ""
920 1025608.8014 77252.0287 120.0000 ""
921 1025598.6937 77235.9701 120.0000 ""
922 1025588.9589 77228.5011 120.0000 ""
923 1025574.3437 77217.0533 120.0000 ""
924 1025568.3565 77212.2740 120.0000 ""
925 1025565.9203 77208.8811 120.0000 ""
926 1025545.6347 77187.2591 120.0000 ""
927 1025536.0703 77172.6008 120.0000 ""
928 1025526.3526 77162.0065 120.0000 ""
929 1025508.0134 77148.9378 120.0000 ""
930 1025496.1816 77147.6847 120.0000 ""
931 1025475.5171 77152.8303 120.0000 ""
932 1025463.6453 77160.6761 120.0000 ""
933 1025444.2752 77162.9368 120.0000 ""
934 1025428.6904 77160.1644 120.0000 ""
935 1025428.4905 77160.1187 120.0000 ""
936 1025399.0864 77147.2536 120.0000 ""
937 1025394.9248 77145.1414 120.0000 ""
938 1025381.7164 77138.2595 120.0000 ""
939 1025364.3022 77121.0782 120.0000 ""
940 1025337.4744 77112.3334 120.0000 ""
941 1025331.2154 77111.1484 120.0000 ""
942 1025317.6449 77108.5685 120.0000 ""
943 1025289.4411 77092.7015 120.0000 ""
944 1025288.8701 77092.7640 120.0000 ""
945 1025283.5498 77094.3228 120.0000 ""
946 1025279.4395 77095.8325 120.0000 ""
947 1025279.2536 77095.9407 120.0000 ""
948 1025275.2243 77097.3754 120.0000 ""
949 1025277.5586 77098.7286 120.0000 ""
950 1025262.4728 77121.1876 120.0000 ""
951 1025259.3475 77123.3137 120.0000 ""
952 1025231.2055 77116.7435 120.0000 ""
953 1025225.6702 77116.7303 120.0000 ""
954 1025215.4992 77117.7597 120.0000 ""
955 1025194.5568 77118.8657 120.0000 ""
956 1025186.3659 77108.5855 120.0000 ""
957 1025177.7661 77102.9346 120.0000 ""
958 1025165.6203 77099.6698 120.0000 ""
959 1025160.4009 77100.8582 120.0000 ""
960 1025152.1301 77109.0395 120.0000 ""
961 1025148.7029 77111.0327 120.0000 ""
962 1025137.0156 77127.5837 120.0000 ""
963 1025110.7381 77120.8648 120.0000 ""
964 1025107.4278 77119.5686 120.0000 ""
965 1025105.8055 77121.1988 120.0000 ""
966 1025072.0132 77144.4694 120.0000 ""
967 1025060.4626 77150.7655 120.0000 ""
968 1025031.5565 77157.7624 120.0000 ""
969 1025633.1204 77285.6754 118.0000 ""
970 1025605.9078 77265.4211 118.0000 ""
971 1025588.9950 77246.1631 118.0000 ""
972 1025586.2536 77241.8077 118.0000 ""
973 1025583.6133 77239.7819 118.0000 ""
974 1025579.6494 77236.6771 118.0000 ""
975 1025555.2456 77217.1967 118.0000 ""
976 1025545.3158 77203.3674 118.0000 ""
977 1025533.7030 77190.9895 118.0000 ""
978 1025528.2277 77182.5982 118.0000 ""
979 1025512.5679 77165.5256 118.0000 ""
980 1025512.4741 77165.5340 118.0000 ""
981 1025512.1335 77165.5544 118.0000 ""
982 1025508.2003 77167.5768 118.0000 ""
983 1025470.2986 77183.7415 118.0000 ""
984 1025453.4978 77170.9168 118.0000 ""
985 1025444.2870 77171.9918 118.0000 ""
986 1025439.9321 77171.2171 118.0000 ""
987 1025424.0795 77165.9558 118.0000 ""
988 1025414.0402 77160.6652 118.0000 ""
989 1025394.7171 77152.2107 118.0000 ""
990 1025369.1775 77138.9041 118.0000 ""
991 1025360.9897 77130.8259 118.0000 ""
992 1025348.3760 77126.7143 118.0000 ""
993 1025319.7323 77121.2913 118.0000 ""
994 1025315.2235 77120.4341 118.0000 ""
995 1025305.8530 77115.1624 118.0000 ""
996 1025290.2456 77116.8708 118.0000 ""
997 1025287.8367 77117.5766 118.0000 ""
998 1025276.8001 77114.7787 118.0000 ""
999 1025267.4712 77128.6672 118.0000 ""
1000 1025251.1398 77139.7774 118.0000 ""
1001 1025241.4184 77137.5078 118.0000 ""
1002 1025218.3578 77137.4527 118.0000 ""
1003 1025203.3649 77138.9701 118.0000 ""
1004 1025191.9594 77137.2781 118.0000 ""
1005 1025188.3494 77136.8521 118.0000 ""
1006 1025184.1767 77134.5251 118.0000 ""
1007 1025173.9594 77123.4877 118.0000 ""
1008 1025170.9822 77119.7512 118.0000 ""
1009 1025170.1984 77119.2361 118.0000 ""
1010 1025169.0914 77118.9385 118.0000 ""
1011 1025166.7267 77119.4770 118.0000 ""
1012 1025156.3503 77120.7561 118.0000 ""
1013 1025138.9238 77139.3435 118.0000 ""
1014 1025137.7600 77139.9190 118.0000 ""
1015 1025135.5032 77140.1706 118.0000 ""
1016 1025116.1483 77138.1698 118.0000 ""
1017 1025106.9250 77134.7390 118.0000 ""
1018 1025082.5904 77148.4918 118.0000 ""
1019 1025068.3608 77158.2908 118.0000 ""
1020 1025064.4846 77160.4037 118.0000 ""
1021 1025054.7841 77162.7518 118.0000 ""
1022 1025641.0799 77303.0089 116.0000 ""
1023 1025636.1331 77302.3759 116.0000 ""
1024 1025624.8724 77296.2875 116.0000 ""
1025 1025611.3715 77282.6437 116.0000 ""
1026 1025596.9539 77271.9126 116.0000 ""
1027 1025587.8746 77261.5744 116.0000 ""
1028 1025574.3888 77249.5942 116.0000 ""
1029 1025564.6247 77240.0721 116.0000 ""
1030 1025542.1347 77222.1194 116.0000 ""
1031 1025524.7113 77197.8536 116.0000 ""
1032 1025521.7713 77194.7199 116.0000 ""
1033 1025520.3851 77192.5955 116.0000 ""
1034 1025516.4206 77188.2733 116.0000 ""
1035 1025510.5110 77188.8036 116.0000 ""
1036 1025489.0555 77190.0875 116.0000 ""
1037 1025479.7623 77194.8659 116.0000 ""
1038 1025467.5183 77194.2971 116.0000 ""
1039 1025446.6080 77182.3641 116.0000 ""
1040 1025443.3036 77180.8911 116.0000 ""
1041 1025435.0244 77176.8805 116.0000 ""
1042 1025419.4968 77171.7270 116.0000 ""
1043 1025399.3145 77161.0911 116.0000 ""
1044 1025391.0197 77157.4619 116.0000 ""
1045 1025361.9809 77142.3321 116.0000 ""
1046 1025357.5272 77143.9693 116.0000 ""
1047 1025350.0218 77142.5853 116.0000 ""
1048 1025312.8238 77141.3570 116.0000 ""
1049 1025302.1985 77142.9088 116.0000 ""
1050 1025287.5494 77136.0307 116.0000 ""
1051 1025277.3143 77134.7521 116.0000 ""
1052 1025273.9750 77133.9056 116.0000 ""
1053 1025272.4695 77136.1468 116.0000 ""
1054 1025265.7239 77140.7359 116.0000 ""
1055 1025250.3998 77151.6856 116.0000 ""
1056 1025245.8414 77153.4032 116.0000 ""
1057 1025232.6664 77160.0304 116.0000 ""
1058 1025228.8555 77159.3809 116.0000 ""
1059 1025216.9979 77151.3005 116.0000 ""
1060 1025209.6168 77150.9963 116.0000 ""
1061 1025196.2677 77149.0160 116.0000 ""
1062 1025182.7548 77147.4214 116.0000 ""
1063 1025167.1352 77138.7106 116.0000 ""
1064 1025165.4322 77136.8710 116.0000 ""
1065 1025163.8192 77137.0698 116.0000 ""
1066 1025161.7425 77139.2848 116.0000 ""
1067 1025139.7403 77150.1640 116.0000 ""
1068 1025126.0801 77151.6868 116.0000 ""
1069 1025113.7793 77152.9312 116.0000 ""
1070 1025106.4912 77150.2203 116.0000 ""
1071 1025083.2174 77163.3736 116.0000 ""
1072 1025483.2881 77200.3133 116.0000 ""
1073 1025496.6054 77203.7178 116.0000 ""
1074 1025495.3154 77220.4504 116.0000 ""
1075 1025481.9211 77214.7109 116.0000 ""
1076 1025480.1813 77207.2431 116.0000 ""
1077 1025647.8297 77318.3902 114.0000 ""
1078 1025646.0082 77318.7672 114.0000 ""
1079 1025636.0161 77317.4886 114.0000 ""
1080 1025607.0810 77301.8439 114.0000 ""
1081 1025599.2684 77293.9487 114.0000 ""
1082 1025588.9117 77278.2883 114.0000 ""
1083 1025588.1490 77277.3105 114.0000 ""
1084 1025581.0513 77274.6918 114.0000 ""
1085 1025562.8651 77258.5359 114.0000 ""
1086 1025537.5493 77233.8476 114.0000 ""
1087 1025529.0239 77227.0421 114.0000 ""
1088 1025519.4385 77213.6925 114.0000 ""
1089 1025514.5373 77213.7241 114.0000 ""
1090 1025511.6144 77227.6940 114.0000 ""
1091 1025506.1055 77231.0726 114.0000 ""
1092 1025499.5675 77234.3609 114.0000 ""
1093 1025487.6735 77233.3366 114.0000 ""
1094 1025483.6261 77231.2349 114.0000 ""
1095 1025477.0040 77231.0595 114.0000 ""
1096 1025476.6214 77230.6369 114.0000 ""
1097 1025476.3017 77229.9549 114.0000 ""
1098 1025471.4649 77209.1934 114.0000 ""
1099 1025474.8779 77201.5808 114.0000 ""
1100 1025463.5018 77201.0523 114.0000 ""
1101 1025450.3522 77193.5482 114.0000 ""
1102 1025441.7070 77189.6945 114.0000 ""
1103 1025420.0466 77179.2016 114.0000 ""
1104 1025414.9140 77177.4981 114.0000 ""
1105 1025396.3982 77167.7405 114.0000 ""
1106 1025388.2570 77166.6550 114.0000 ""
1107 1025359.4253 77178.6566 114.0000 ""
1108 1025354.2285 77180.0924 114.0000 ""
1109 1025352.6544 77179.3153 114.0000 ""
1110 1025332.8089 77177.7425 114.0000 ""
1111 1025324.1197 77179.5857 114.0000 ""
1112 1025309.4430 77165.0919 114.0000 ""
1113 1025305.9601 77162.0596 114.0000 ""
1114 1025293.6406 77157.7790 114.0000 ""
1115 1025282.7908 77152.6847 114.0000 ""
1116 1025279.0612 77152.2188 114.0000 ""
1117 1025270.8806 77149.3031 114.0000 ""
1118 1025258.0050 77158.5033 114.0000 ""
1119 1025243.7943 77163.8579 114.0000 ""
1120 1025236.5999 77167.4768 114.0000 ""
1121 1025224.6909 77165.4468 114.0000 ""
1122 1025218.8349 77161.4563 114.0000 ""
1123 1025201.1071 77160.7257 114.0000 ""
1124 1025200.9159 77160.7694 114.0000 ""
1125 1025200.4137 77160.8190 114.0000 ""
1126 1025198.0340 77160.4539 114.0000 ""
1127 1025177.1601 77157.9908 114.0000 ""
1128 1025172.5227 77155.4046 114.0000 ""
1129 1025154.7602 77153.9615 114.0000 ""
1130 1025141.7206 77160.4089 114.0000 ""
1131 1025135.0405 77161.1536 114.0000 ""
1132 1025115.5524 77163.1252 114.0000 ""
1133 1025112.9358 77168.7296 114.0000 ""
1134 1025648.9157 77329.1969 112.0000 ""
1135 1025637.3883 77331.5826 112.0000 ""
1136 1025634.3005 77332.6462 112.0000 ""
1137 1025631.3555 77331.0894 112.0000 ""
1138 1025630.9679 77330.2788 112.0000 ""
1139 1025597.8483 77313.1189 112.0000 ""
1140 1025594.5592 77307.6542 112.0000 ""
1141 1025592.8744 77301.4360 112.0000 ""
1142 1025581.7117 77284.5568 112.0000 ""
1143 1025579.4817 77281.6984 112.0000 ""
1144 1025558.7309 77274.0422 112.0000 ""
1145 1025551.3414 77267.4777 112.0000 ""
1146 1025529.1562 77245.8424 112.0000 ""
1147 1025521.3328 77237.5028 112.0000 ""
1148 1025516.4292 77238.0442 112.0000 ""
1149 1025515.1329 77238.8392 112.0000 ""
1150 1025501.0257 77245.9346 112.0000 ""
1151 1025495.0887 77245.4233 112.0000 ""
1152 1025479.3503 77237.2509 112.0000 ""
1153 1025475.8611 77237.1585 112.0000 ""
1154 1025469.7968 77230.4601 112.0000 ""
1155 1025464.7307 77219.6520 112.0000 ""
1156 1025462.7486 77211.1438 112.0000 ""
1157 1025464.1472 77208.0241 112.0000 ""
1158 1025459.4852 77207.8075 112.0000 ""
1159 1025454.0964 77204.7322 112.0000 ""
1160 1025440.1104 77198.4978 112.0000 ""
1161 1025420.8561 77189.1705 112.0000 ""
1162 1025409.3586 77189.0837 112.0000 ""
1163 1025392.7227 77187.3950 112.0000 ""
1164 1025386.1827 77186.9380 112.0000 ""
1165 1025358.6437 77194.5466 112.0000 ""
1166 1025346.4834 77188.5431 112.0000 ""
1167 1025333.5462 77187.5178 112.0000 ""
1168 1025314.8799 77191.4774 112.0000 ""
1169 1025304.8870 77181.6091 112.0000 ""
1170 1025293.8384 77171.9900 112.0000 ""
1171 1025279.0492 77166.8512 112.0000 ""
1172 1025270.2690 77164.7197 112.0000 ""
1173 1025267.7220 77163.8119 112.0000 ""
1174 1025265.6102 77165.3209 112.0000 ""
1175 1025241.7472 77174.3125 112.0000 ""
1176 1025240.5334 77174.9231 112.0000 ""
1177 1025222.8390 77171.9070 112.0000 ""
1178 1025220.6722 77171.7310 112.0000 ""
1179 1025215.2715 77172.9654 112.0000 ""
1180 1025199.9248 77174.4814 112.0000 ""
1181 1025181.5373 77171.6605 112.0000 ""
1182 1025173.3094 77172.5843 112.0000 ""
1183 1025144.2853 77170.9668 112.0000 ""
1184 1025134.1348 77192.0533 112.0000 ""
1185 1025133.9585 77192.4784 112.0000 ""
1186 1025650.0016 77340.0035 110.0000 ""
1187 1025645.7746 77340.8783 110.0000 ""
1188 1025625.0556 77348.0153 110.0000 ""
1189 1025605.2945 77337.5692 110.0000 ""
1190 1025602.6936 77332.1299 110.0000 ""
1191 1025591.5612 77326.3620 110.0000 ""
1192 1025583.8510 77313.5519 110.0000 ""
1193 1025579.9015 77298.9755 110.0000 ""
1194 1025574.5116 77290.8254 110.0000 ""
1195 1025570.8144 77286.0862 110.0000 ""
1196 1025546.9557 77277.2834 110.0000 ""
1197 1025544.2907 77279.3600 110.0000 ""
1198 1025536.5959 77275.0329 110.0000 ""
1199 1025527.1077 77261.9426 110.0000 ""
1200 1025522.1370 77256.6440 110.0000 ""
1201 1025521.6163 77256.7015 110.0000 ""
1202 1025503.1553 77257.5032 110.0000 ""
1203 1025502.5649 77257.5663 110.0000 ""
1204 1025502.4209 77257.5762 110.0000 ""
1205 1025502.3792 77257.4910 110.0000 ""
1206 1025501.6801 77257.0823 110.0000 ""
1207 1025475.0744 77243.2669 110.0000 ""
1208 1025474.7182 77243.2575 110.0000 ""
1209 1025463.8323 77231.2332 110.0000 ""
1210 1025462.9641 77230.4717 110.0000 ""
1211 1025462.6530 77230.2151 110.0000 ""
1212 1025449.5364 77216.6427 110.0000 ""
1213 1025442.2378 77208.9612 110.0000 ""
1214 1025438.5138 77207.3012 110.0000 ""
1215 1025437.0633 77206.5985 110.0000 ""
1216 1025430.7680 77206.5510 110.0000 ""
1217 1025406.0159 77207.5308 110.0000 ""
1218 1025403.7672 77207.1609 110.0000 ""
1219 1025399.4913 77206.4576 110.0000 ""
1220 1025397.9209 77206.1993 110.0000 ""
1221 1025378.1893 77204.8204 110.0000 ""
1222 1025363.0589 77209.0007 110.0000 ""
1223 1025340.3125 77197.7709 110.0000 ""
1224 1025334.2835 77197.2930 110.0000 ""
1225 1025305.6400 77203.3692 110.0000 ""
1226 1025300.3310 77198.1263 110.0000 ""
1227 1025281.7167 77181.9203 110.0000 ""
1228 1025275.7817 77179.8581 110.0000 ""
1229 1025270.6408 77178.6101 110.0000 ""
1230 1025264.3580 77187.7551 110.0000 ""
1231 1025260.5628 77192.6202 110.0000 ""
1232 1025255.9651 77194.0640 110.0000 ""
1233 1025242.0343 77193.9174 110.0000 ""
1234 1025232.4365 77188.8430 110.0000 ""
1235 1025221.2613 77187.7031 110.0000 ""
1236 1025212.9059 77186.8132 110.0000 ""
1237 1025199.4359 77188.1438 110.0000 ""
1238 1025190.6072 77186.7894 110.0000 ""
1239 1025170.2794 77189.0718 110.0000 ""
1240 1025159.8641 77188.4913 110.0000 ""
1241 1025156.2215 77196.0583 110.0000 ""
1242 1025153.8015 77201.8931 110.0000 ""
1243 1025562.1472 77290.4740 108.0000 ""
1244 1025558.0511 77288.9628 108.0000 ""
1245 1025550.1351 77295.1310 108.0000 ""
1246 1025565.9858 77295.3945 108.0000 ""
1247 1025465.3852 77269.8826 108.0000 ""
1248 1025452.2790 77251.5689 108.0000 ""
1249 1025433.5832 77240.1472 108.0000 ""
1250 1025414.7454 77232.3734 108.0000 ""
1251 1025399.4384 77227.1767 108.0000 ""
1252 1025373.7455 77222.9509 108.0000 ""
1253 1025370.1959 77222.7029 108.0000 ""
1254 1025367.4741 77223.4549 108.0000 ""
1255 1025347.2325 77213.4616 108.0000 ""
1256 1025315.5207 77211.2049 108.0000 ""
1257 1025296.4002 77215.2609 108.0000 ""
1258 1025295.7750 77214.6435 108.0000 ""
1259 1025288.9493 77208.7009 108.0000 ""
1260 1025271.5581 77197.4094 108.0000 ""
1261 1025268.5231 77201.3000 108.0000 ""
1262 1025256.8809 77204.9560 108.0000 ""
1263 1025221.6050 77204.5850 108.0000 ""
1264 1025221.2763 77204.4112 108.0000 ""
1265 1025220.8936 77204.3722 108.0000 ""
1266 1025213.9383 77203.6315 108.0000 ""
1267 1024753.1679 78106.8179 108.0000 ""
1268 1024764.8870 78104.1532 108.0000 ""
1269 1024770.4558 78103.3284 108.0000 ""
1270 1024778.4438 78100.3606 108.0000 ""
1271 1024783.4765 78097.0779 108.0000 ""
1272 1024783.7447 78086.2562 108.0000 ""
1273 1024778.3953 78076.1090 108.0000 ""
1274 1024795.8534 78057.4055 108.0000 ""
1275 1024810.8100 78053.9212 108.0000 ""
1276 1024855.9257 78043.9208 108.0000 ""
1277 1024870.4725 78041.6872 108.0000 ""
1278 1024896.4746 78034.5499 108.0000 ""
1279 1024924.3891 78017.5541 108.0000 ""
1280 1024944.2473 78006.7312 108.0000 ""
1281 1024953.6022 78000.9165 108.0000 ""
1282 1024998.8932 78001.8890 108.0000 ""
1283 1025037.5329 78000.4749 108.0000 ""
1284 1025051.2446 77994.7820 108.0000 ""
1285 1025077.7496 77977.3821 108.0000 ""
1286 1025093.0839 77959.3779 108.0000 ""
1287 1025099.3621 77947.8906 108.0000 ""
1288 1025102.2927 77943.5483 108.0000 ""
1289 1025116.2722 77943.1662 108.0000 ""
1290 1025126.8764 77946.0725 108.0000 ""
1291 1025134.0805 77947.8104 108.0000 ""
1292 1025158.0481 77952.9356 108.0000 ""
1293 1025166.5753 77951.0244 108.0000 ""
1294 1025173.3815 77943.3460 108.0000 ""
1295 1025173.4399 77932.9308 108.0000 ""
1296 1025168.7781 77924.5458 108.0000 ""
1297 1025154.6686 77903.7472 108.0000 ""
1298 1025165.7298 77905.4038 108.0000 ""
1299 1025191.6614 77917.2976 108.0000 ""
1300 1025196.7936 77913.2171 108.0000 ""
1301 1025214.8184 77905.6951 108.0000 ""
1302 1025226.1860 77897.1895 108.0000 ""
1303 1025247.5111 77881.3236 108.0000 ""
1304 1025259.7629 77866.6155 108.0000 ""
1305 1025262.7792 77855.4169 108.0000 ""
1306 1025258.3425 77842.4300 108.0000 ""
1307 1025255.4863 77824.3958 108.0000 ""
1308 1025244.8765 77804.7228 108.0000 ""
1309 1025238.9561 77788.4774 108.0000 ""
1310 1025244.3602 77780.1962 108.0000 ""
1311 1025251.4200 77753.0570 108.0000 ""
1312 1025242.4951 77736.8495 108.0000 ""
1313 1025209.4385 77719.8722 108.0000 ""
1314 1025187.7575 77728.4711 108.0000 ""
1315 1025160.9749 77717.9799 108.0000 ""
1316 1025157.7504 77712.5598 108.0000 ""
1317 1025145.0924 77692.8328 108.0000 ""
1318 1025142.7726 77686.8673 108.0000 ""
1319 1025123.9289 77663.1586 108.0000 ""
1320 1025119.0047 77648.5758 108.0000 ""
1321 1025118.8007 77631.6661 108.0000 ""
1322 1025123.1339 77618.1315 108.0000 ""
1323 1025121.5986 77615.1726 108.0000 ""
1324 1025105.4201 77607.4384 108.0000 ""
1325 1025097.3270 77595.5432 108.0000 ""
1326 1025090.0838 77575.2000 108.0000 ""
1327 1025083.0056 77561.0605 108.0000 ""
1328 1025068.1016 77523.7280 108.0000 ""
1329 1025071.9147 77504.9952 108.0000 ""
1330 1025075.5604 77497.8631 108.0000 ""
1331 1025086.9788 77479.7204 108.0000 ""
1332 1025097.7944 77470.5253 108.0000 ""
1333 1025111.2243 77468.0433 108.0000 ""
1334 1025122.9381 77468.0025 108.0000 ""
1335 1025136.1528 77459.2700 108.0000 ""
1336 1025150.8070 77452.5948 108.0000 ""
1337 1025168.4412 77458.8833 108.0000 ""
1338 1025173.5258 77453.7096 108.0000 ""
1339 1025186.6594 77441.3279 108.0000 ""
1340 1025192.9362 77437.7103 108.0000 ""
1341 1025201.7264 77432.1560 108.0000 ""
1342 1025208.8697 77425.6936 108.0000 ""
1343 1025211.1040 77410.9087 108.0000 ""
1344 1025207.4285 77405.8416 108.0000 ""
1345 1025207.0259 77406.2394 108.0000 ""
1346 1025211.6768 77388.8687 108.0000 ""
1347 1025212.8519 77375.5297 108.0000 ""
1348 1025208.4289 77360.9134 108.0000 ""
1349 1025196.7152 77334.5167 108.0000 ""
1350 1025199.2567 77318.4887 108.0000 ""
1351 1025191.4439 77301.6591 108.0000 ""
1352 1025201.4901 77285.8711 108.0000 ""
1353 1025211.4351 77270.1833 108.0000 ""
1354 1025207.7353 77251.6289 108.0000 ""
1355 1025216.3529 77234.9965 108.0000 ""
1356 1025212.2614 77210.2435 108.0000 ""
1357 1025213.6898 77203.7288 108.0000 ""
1358 1025076.1045 77452.8405 110.0000 ""
1359 1025081.4916 77441.6455 110.0000 ""
1360 1025091.3312 77436.6960 110.0000 ""
1361 1025105.1425 77437.4158 110.0000 ""
1362 1025128.4890 77442.5832 110.0000 ""
1363 1025142.4017 77443.0536 110.0000 ""
1364 1025155.8615 77443.9216 110.0000 ""
1365 1025167.5852 77441.9812 110.0000 ""
1366 1025178.6444 77433.5388 110.0000 ""
1367 1025174.7760 77427.1705 110.0000 ""
1368 1025148.5538 77408.4921 110.0000 ""
1369 1025144.4217 77395.7248 110.0000 ""
1370 1025144.4217 77395.7248 110.0000 ""
1371 1025150.7350 77394.5073 110.0000 ""
1372 1025165.3505 77394.3815 110.0000 ""
1373 1025172.4537 77395.0674 110.0000 ""
1374 1025190.3266 77394.1584 110.0000 ""
1375 1025202.0212 77379.2232 110.0000 ""
1376 1025201.0394 77375.7696 110.0000 ""
1377 1025198.0601 77371.5561 110.0000 ""
1378 1025171.1382 77361.9732 110.0000 ""
1379 1025163.7362 77361.0859 110.0000 ""
1380 1025159.9871 77351.4212 110.0000 ""
1381 1025161.4626 77347.1307 110.0000 ""
1382 1025174.2720 77338.6502 110.0000 ""
1383 1025182.5385 77328.0979 110.0000 ""
1384 1025185.8201 77305.0782 110.0000 ""
1385 1025186.1436 77291.9884 110.0000 ""
1386 1025178.9229 77258.9255 110.0000 ""
1387 1025173.4777 77252.2126 110.0000 ""
1388 1025167.7827 77226.9683 110.0000 ""
1389 1025161.5929 77211.8711 110.0000 ""
1390 1025154.2176 77202.1376 110.0000 ""
1391 1024973.0774 77983.8678 110.0000 ""
1392 1024989.3098 77987.1667 110.0000 ""
1393 1025019.1181 77987.8634 110.0000 ""
1394 1025030.1976 77986.7656 110.0000 ""
1395 1025049.4477 77976.3922 110.0000 ""
1396 1025054.0858 77971.4567 110.0000 ""
1397 1025071.1928 77958.9201 110.0000 ""
1398 1025090.3976 77938.6326 110.0000 ""
1399 1025111.9487 77910.7473 110.0000 ""
1400 1025125.7162 77894.6426 110.0000 ""
1401 1025132.2436 77865.4865 110.0000 ""
1402 1025140.0143 77864.3233 110.0000 ""
1403 1025150.4124 77867.9791 110.0000 ""
1404 1025182.0104 77887.4095 110.0000 ""
1405 1025187.0154 77888.1350 110.0000 ""
1406 1025194.4550 77874.4539 110.0000 ""
1407 1025181.7130 77842.1019 110.0000 ""
1408 1025171.1324 77826.4318 110.0000 ""
1409 1025168.1873 77797.9368 110.0000 ""
1410 1025176.5251 77775.8063 110.0000 ""
1411 1025198.4043 77767.9574 110.0000 ""
1412 1025220.0989 77757.1052 110.0000 ""
1413 1025240.8759 77749.0013 110.0000 ""
1414 1025242.8539 77744.4574 110.0000 ""
1415 1025231.8780 77727.9398 110.0000 ""
1416 1025214.8242 77732.9590 110.0000 ""
1417 1025192.5241 77744.7579 110.0000 ""
1418 1025178.3090 77752.3939 110.0000 ""
1419 1025156.8442 77748.9345 110.0000 ""
1420 1025146.6448 77737.0739 110.0000 ""
1421 1025134.8765 77710.5446 110.0000 ""
1422 1025132.8275 77692.1713 110.0000 ""
1423 1025117.8281 77661.7273 110.0000 ""
1424 1025093.5415 77618.2335 110.0000 ""
1425 1025079.8478 77579.0498 110.0000 ""
1426 1025059.1731 77535.2850 110.0000 ""
1427 1025040.0692 77514.4857 110.0000 ""
1428 1025034.8029 77507.5584 110.0000 ""
1429 1025036.3931 77501.0158 110.0000 ""
1430 1025042.4178 77498.0960 110.0000 ""
1431 1025058.9245 77491.8789 110.0000 ""
1432 1025066.2762 77475.8659 110.0000 ""
1433 1025069.9394 77464.6538 110.0000 ""
1434 1024744.7674 78067.6878 112.0000 ""
1435 1024749.2020 78063.9423 112.0000 ""
1436 1024755.4454 78059.4134 112.0000 ""
1437 1024760.4846 78055.0791 112.0000 ""
1438 1024791.9962 78041.0544 112.0000 ""
1439 1024803.7402 78038.3562 112.0000 ""
1440 1024828.2307 78032.8147 112.0000 ""
1441 1024842.4791 78030.2290 112.0000 ""
1442 1024852.6319 78025.3692 112.0000 ""
1443 1024877.3013 78023.0850 112.0000 ""
1444 1024877.3013 78023.0850 112.0000 ""
1445 1024876.2074 78021.6771 112.0000 ""
1446 1024911.3124 78008.9247 112.0000 ""
1447 1024920.5809 78000.9055 112.0000 ""
1448 1024943.1775 77976.2229 112.0000 ""
1449 1024955.5187 77973.6789 112.0000 ""
1450 1024973.4540 77974.0672 112.0000 ""
1451 1025000.6395 77977.6559 112.0000 ""
1452 1025016.1076 77971.5213 112.0000 ""
1453 1025027.8548 77967.5722 112.0000 ""
1454 1025057.6333 77947.2354 112.0000 ""
1455 1025066.7223 77934.9611 112.0000 ""
1456 1025084.1301 77904.7524 112.0000 ""
1457 1025087.0278 77897.4064 112.0000 ""
1458 1025093.3794 77873.0550 112.0000 ""
1459 1025108.2553 77855.8064 112.0000 ""
1460 1025140.9413 77842.1509 112.0000 ""
1461 1025158.2424 77820.7119 112.0000 ""
1462 1025157.3797 77804.9406 112.0000 ""
1463 1025152.6619 77788.9510 112.0000 ""
1464 1025137.6703 77756.5461 112.0000 ""
1465 1025132.7328 77744.1107 112.0000 ""
1466 1025122.9125 77709.7345 112.0000 ""
1467 1025119.4372 77695.6571 112.0000 ""
1468 1025110.0247 77677.7982 112.0000 ""
1469 1025077.6795 77625.0573 112.0000 ""
1470 1025059.0462 77591.6499 112.0000 ""
1471 1025055.1488 77573.0240 112.0000 ""
1472 1025002.7743 77513.8977 112.0000 ""
1473 1024991.7731 77494.7403 112.0000 ""
1474 1024994.2303 77485.6022 112.0000 ""
1475 1024998.0099 77472.9211 112.0000 ""
1476 1025008.6884 77453.3259 112.0000 ""
1477 1025033.9809 77434.1060 112.0000 ""
1478 1025059.0653 77415.8864 112.0000 ""
1479 1025097.8720 77413.4338 112.0000 ""
1480 1025106.7727 77414.9785 112.0000 ""
1481 1025114.0280 77415.4152 112.0000 ""
1482 1025127.2043 77395.6874 112.0000 ""
1483 1025127.8680 77384.5944 112.0000 ""
1484 1025113.4003 77376.3738 112.0000 ""
1485 1025088.2658 77343.1597 112.0000 ""
1486 1025108.4521 77331.4683 112.0000 ""
1487 1025113.9531 77340.9417 112.0000 ""
1488 1025118.1754 77346.5105 112.0000 ""
1489 1025126.7262 77339.0077 112.0000 ""
1490 1025138.4857 77339.2675 112.0000 ""
1491 1025152.8777 77343.0390 112.0000 ""
1492 1025175.3955 77316.8179 112.0000 ""
1493 1025171.4285 77292.5128 112.0000 ""
1494 1025155.6437 77216.5919 112.0000 ""
1495 1025148.3503 77205.6646 112.0000 ""
1496 1025134.2437 77192.5156 112.0000 ""
1497 1024756.8179 78051.4649 114.0000 ""
1498 1024764.9929 78047.4858 114.0000 ""
1499 1024776.8941 78035.7707 114.0000 ""
1500 1024792.7272 78028.3333 114.0000 ""
1501 1024801.3209 78024.4678 114.0000 ""
1502 1024805.6450 78022.1845 114.0000 ""
1503 1024814.5168 78021.9272 114.0000 ""
1504 1024836.7987 78016.8262 114.0000 ""
1505 1024854.1612 78013.0037 114.0000 ""
1506 1024865.4895 78012.5079 114.0000 ""
1507 1024883.0007 78008.8365 114.0000 ""
1508 1024897.9593 78004.6018 114.0000 ""
1509 1024918.8472 77989.2765 114.0000 ""
1510 1024922.8409 77983.4359 114.0000 ""
1511 1024931.0210 77973.0081 114.0000 ""
1512 1024944.1355 77966.8619 114.0000 ""
1513 1024975.1913 77959.9524 114.0000 ""
1514 1024987.8541 77962.2180 114.0000 ""
1515 1025011.6656 77960.0809 114.0000 ""
1516 1025030.1319 77946.5998 114.0000 ""
1517 1025050.6337 77936.1341 114.0000 ""
1518 1025063.4198 77916.9682 114.0000 ""
1519 1025067.6879 77906.6243 114.0000 ""
1520 1025066.7037 77894.9031 114.0000 ""
1521 1025060.1293 77888.3118 114.0000 ""
1522 1025049.5121 77870.5860 114.0000 ""
1523 1025062.8125 77857.5348 114.0000 ""
1524 1025073.2808 77849.0258 114.0000 ""
1525 1025103.9448 77830.0544 114.0000 ""
1526 1025109.8190 77827.6306 114.0000 ""
1527 1025121.2618 77823.6326 114.0000 ""
1528 1025131.7457 77820.8812 114.0000 ""
1529 1025140.4560 77804.0561 114.0000 ""
1530 1025136.2243 77790.7214 114.0000 ""
1531 1025126.6935 77775.7095 114.0000 ""
1532 1025122.6843 77758.5736 114.0000 ""
1533 1025111.9277 77721.5890 114.0000 ""
1534 1025106.5331 77701.6471 114.0000 ""
1535 1025101.0541 77687.7601 114.0000 ""
1536 1025079.5652 77662.7370 114.0000 ""
1537 1025068.3668 77650.8742 114.0000 ""
1538 1025063.3567 77642.6947 114.0000 ""
1539 1025038.9776 77615.7094 114.0000 ""
1540 1025027.0546 77582.4862 114.0000 ""
1541 1025008.9876 77555.5372 114.0000 ""
1542 1025001.5916 77544.6473 114.0000 ""
1543 1024961.8966 77509.4912 114.0000 ""
1544 1024951.4889 77491.7369 114.0000 ""
1545 1024948.5470 77473.0213 114.0000 ""
1546 1024958.5537 77457.2721 114.0000 ""
1547 1024967.9013 77442.8204 114.0000 ""
1548 1024980.8253 77424.5382 114.0000 ""
1549 1024994.4351 77417.1085 114.0000 ""
1550 1025000.4619 77413.7397 114.0000 ""
1551 1025010.5007 77400.5936 114.0000 ""
1552 1025028.6410 77397.1366 114.0000 ""
1553 1025054.3675 77371.5754 114.0000 ""
1554 1025044.5918 77357.0812 114.0000 ""
1555 1025025.2522 77334.8425 114.0000 ""
1556 1025036.1880 77322.0047 114.0000 ""
1557 1025072.4973 77317.7422 114.0000 ""
1558 1025095.3241 77308.0643 114.0000 ""
1559 1025108.9114 77312.4311 114.0000 ""
1560 1025123.7083 77315.3050 114.0000 ""
1561 1025137.1999 77318.9218 114.0000 ""
1562 1025153.5145 77318.9050 114.0000 ""
1563 1025160.6079 77303.4505 114.0000 ""
1564 1025153.7696 77256.0488 114.0000 ""
1565 1025150.9552 77240.4969 114.0000 ""
1566 1025148.1914 77224.8961 114.0000 ""
1567 1025139.2470 77207.1225 114.0000 ""
1568 1025130.2040 77193.0096 114.0000 ""
1569 1025128.4584 77179.2131 114.0000 ""
1570 1025112.9288 77168.6109 114.0000 ""
1571 1024768.3074 78030.4686 116.0000 ""
1572 1024770.7324 78027.3745 116.0000 ""
1573 1024778.9640 78025.3607 116.0000 ""
1574 1024784.6961 78022.3328 116.0000 ""
1575 1024813.7318 78011.1533 116.0000 ""
1576 1024832.2470 78007.3365 116.0000 ""
1577 1024849.7525 78004.6669 116.0000 ""
1578 1024860.1282 78004.2167 116.0000 ""
1579 1024887.7496 78002.4982 116.0000 ""
1580 1024905.9686 77989.4139 116.0000 ""
1581 1024913.6909 77980.1856 116.0000 ""
1582 1024917.9545 77971.1411 116.0000 ""
1583 1024926.1237 77962.5167 116.0000 ""
1584 1024946.2833 77951.2469 116.0000 ""
1585 1024967.4359 77941.3347 116.0000 ""
1586 1024982.8882 77946.2681 116.0000 ""
1587 1025002.3504 77950.9207 116.0000 ""
1588 1025027.3595 77932.3643 116.0000 ""
1589 1025046.5177 77920.2902 116.0000 ""
1590 1025051.0292 77911.1991 116.0000 ""
1591 1025035.4864 77887.6398 116.0000 ""
1592 1025028.2512 77874.1862 116.0000 ""
1593 1025036.4386 77844.6890 116.0000 ""
1594 1025054.3210 77836.1168 116.0000 ""
1595 1025097.6129 77816.2076 116.0000 ""
1596 1025123.0073 77807.3734 116.0000 ""
1597 1025124.1576 77798.8701 116.0000 ""
1598 1025115.5691 77785.5140 116.0000 ""
1599 1025109.0460 77770.1167 116.0000 ""
1600 1025106.9701 77747.7861 116.0000 ""
1601 1025084.9352 77686.7291 116.0000 ""
1602 1025063.1138 77667.3078 116.0000 ""
1603 1025049.5534 77648.3289 116.0000 ""
1604 1025033.5422 77637.5430 116.0000 ""
1605 1025011.1657 77610.8180 116.0000 ""
1606 1024995.7691 77572.5259 116.0000 ""
1607 1024989.7338 77560.1418 116.0000 ""
1608 1024967.0631 77541.4730 116.0000 ""
1609 1024919.1389 77492.9738 116.0000 ""
1610 1024923.9264 77471.1969 116.0000 ""
1611 1024935.9366 77455.4078 116.0000 ""
1612 1024945.0774 77442.1549 116.0000 ""
1613 1024954.3035 77431.3028 116.0000 ""
1614 1024958.4406 77425.9246 116.0000 ""
1615 1024964.7277 77420.9572 116.0000 ""
1616 1024973.7691 77407.3557 116.0000 ""
1617 1024984.8271 77391.2657 116.0000 ""
1618 1024991.9910 77373.3576 116.0000 ""
1619 1024993.3853 77340.7274 116.0000 ""
1620 1024995.4949 77322.5468 116.0000 ""
1621 1025008.1809 77310.0682 116.0000 ""
1622 1025033.3890 77295.7053 116.0000 ""
1623 1025044.5726 77291.7149 116.0000 ""
1624 1025053.2892 77290.2104 116.0000 ""
1625 1025076.1527 77291.4265 116.0000 ""
1626 1025111.1993 77288.6575 116.0000 ""
1627 1025125.1944 77291.6271 116.0000 ""
1628 1025133.6853 77294.5186 116.0000 ""
1629 1025145.0888 77295.6262 116.0000 ""
1630 1025147.2999 77285.1444 116.0000 ""
1631 1025142.2549 77257.0391 116.0000 ""
1632 1025138.0037 77239.0317 116.0000 ""
1633 1025130.3483 77203.7738 116.0000 ""
1634 1025121.6363 77185.2393 116.0000 ""
1635 1025109.4044 77171.9068 116.0000 ""
1636 1025092.8062 77166.5653 116.0000 ""
1637 1025082.6876 77165.3157 116.0000 ""
1638 1025083.1591 77163.3823 116.0000 ""
1639 1024748.8969 78033.7119 118.0000 ""
1640 1024758.8896 78029.8215 118.0000 ""
1641 1024772.8935 78018.4179 118.0000 ""
1642 1024777.0330 78013.6291 118.0000 ""
1643 1024801.2820 78006.5842 118.0000 ""
1644 1024813.1983 78000.2307 118.0000 ""
1645 1024822.5297 77998.5231 118.0000 ""
1646 1024832.3098 77997.1683 118.0000 ""
1647 1024849.4003 77996.7509 118.0000 ""
1648 1024871.2758 78000.4643 118.0000 ""
1649 1024908.8861 77970.9966 118.0000 ""
1650 1024921.5489 77956.7348 118.0000 ""
1651 1024956.0038 77934.4180 118.0000 ""
1652 1024962.7975 77929.3935 118.0000 ""
1653 1024975.8007 77924.8503 118.0000 ""
1654 1024995.6636 77929.4046 118.0000 ""
1655 1025004.6449 77927.1452 118.0000 ""
1656 1025008.6846 77904.7321 118.0000 ""
1657 1025002.3561 77890.4809 118.0000 ""
1658 1025004.7375 77877.4248 118.0000 ""
1659 1025015.0022 77861.2041 118.0000 ""
1660 1025022.8115 77845.0222 118.0000 ""
1661 1025025.7474 77831.2701 118.0000 ""
1662 1025036.8939 77826.7698 118.0000 ""
1663 1025053.6754 77826.5524 118.0000 ""
1664 1025071.2876 77821.2332 118.0000 ""
1665 1025093.2421 77809.7789 118.0000 ""
1666 1025102.5399 77795.5097 118.0000 ""
1667 1025096.2679 77780.0131 118.0000 ""
1668 1025094.2378 77767.2407 118.0000 ""
1669 1025097.4033 77739.2813 118.0000 ""
1670 1025093.3171 77727.0008 118.0000 ""
1671 1025083.1559 77700.0296 118.0000 ""
1672 1025060.8355 77671.5991 118.0000 ""
1673 1025042.9229 77651.8478 118.0000 ""
1674 1025007.7484 77612.9018 118.0000 ""
1675 1024993.7628 77581.5689 118.0000 ""
1676 1024983.8787 77568.0648 118.0000 ""
1677 1024954.8425 77550.4638 118.0000 ""
1678 1024933.6126 77542.1549 118.0000 ""
1679 1024919.1723 77537.1811 118.0000 ""
1680 1024902.0663 77525.9426 118.0000 ""
1681 1024893.8668 77515.7494 118.0000 ""
1682 1024893.9974 77502.4981 118.0000 ""
1683 1024906.1403 77473.3571 118.0000 ""
1684 1024917.2516 77457.3133 118.0000 ""
1685 1024929.5519 77443.2263 118.0000 ""
1686 1024943.0700 77426.2966 118.0000 ""
1687 1024955.5012 77406.8131 118.0000 ""
1688 1024970.6812 77371.1000 118.0000 ""
1689 1024974.9737 77356.3272 118.0000 ""
1690 1024969.0042 77308.1192 118.0000 ""
1691 1024968.0741 77296.2212 118.0000 ""
1692 1024974.4315 77287.6088 118.0000 ""
1693 1024991.7778 77282.5507 118.0000 ""
1694 1025007.0806 77284.4778 118.0000 ""
1695 1025052.4187 77276.4150 118.0000 ""
1696 1025060.0929 77273.4063 118.0000 ""
1697 1025094.6905 77270.2856 118.0000 ""
1698 1025121.4760 77267.9744 118.0000 ""
1699 1025130.2531 77246.8856 118.0000 ""
1700 1025126.8029 77220.0906 118.0000 ""
1701 1025118.4203 77198.4176 118.0000 ""
1702 1025116.6068 77191.8147 118.0000 ""
1703 1025080.5064 77170.1008 118.0000 ""
1704 1025073.2094 77168.7147 118.0000 ""
1705 1025054.1496 77164.1907 118.0000 ""
1706 1025054.7586 77162.7380 118.0000 ""
1707 1024982.5925 77581.4670 120.0000 ""
1708 1024945.7291 77558.9204 120.0000 ""
1709 1024907.0455 77555.3250 120.0000 ""
1710 1024876.6510 77530.8157 120.0000 ""
1711 1024869.6817 77499.6251 120.0000 ""
1712 1024881.0258 77478.5305 120.0000 ""
1713 1024922.2132 77431.5403 120.0000 ""
1714 1024929.9479 77419.0312 120.0000 ""
1715 1024931.5614 77408.7913 120.0000 ""
1716 1024939.2414 77388.6349 120.0000 ""
1717 1024943.5890 77381.5090 120.0000 ""
1718 1024948.7982 77364.2410 120.0000 ""
1719 1024950.9279 77351.3067 120.0000 ""
1720 1024954.2911 77316.2398 120.0000 ""
1721 1024948.1931 77298.1685 120.0000 ""
1722 1024948.2080 77278.9801 120.0000 ""
1723 1024948.3063 77270.9359 120.0000 ""
1724 1024954.0530 77264.0199 120.0000 ""
1725 1024987.1728 77265.7883 120.0000 ""
1726 1025001.1794 77266.8093 120.0000 ""
1727 1025015.2547 77264.6329 120.0000 ""
1728 1025031.2993 77259.4188 120.0000 ""
1729 1025054.8686 77259.5894 120.0000 ""
1730 1025089.9306 77253.9233 120.0000 ""
1731 1025106.4233 77248.8118 120.0000 ""
1732 1025114.3238 77232.3159 120.0000 ""
1733 1025111.6710 77223.7097 120.0000 ""
1734 1025108.1553 77208.5053 120.0000 ""
1735 1025101.8705 77196.3345 120.0000 ""
1736 1025084.1041 77179.6096 120.0000 ""
1737 1025066.6371 77171.7776 120.0000 ""
1738 1025047.9056 77166.3368 120.0000 ""
1739 1025033.7280 77160.6910 120.0000 ""
1740 1025031.5013 77157.7204 120.0000 ""
1741 1024765.9320 77998.0117 122.0000 ""
1742 1024788.2980 77983.2789 122.0000 ""
1743 1024808.6536 77973.5613 122.0000 ""
1744 1024814.7799 77971.4877 122.0000 ""
1745 1024829.2240 77969.4548 122.0000 ""
1746 1024841.4886 77971.4180 122.0000 ""
1747 1024852.4015 77965.0105 122.0000 ""
1748 1024860.6248 77955.9356 122.0000 ""
1749 1024875.6028 77931.9704 122.0000 ""
1750 1024889.5522 77920.3708 122.0000 ""
1751 1024898.1579 77914.1035 122.0000 ""
1752 1024909.5516 77910.7044 122.0000 ""
1753 1024914.7184 77917.9405 122.0000 ""
1754 1024922.4647 77921.1834 122.0000 ""
1755 1024932.0975 77918.9773 122.0000 ""
1756 1024947.1716 77911.6904 122.0000 ""
1757 1024963.8203 77892.2942 122.0000 ""
1758 1024967.2632 77877.7911 122.0000 ""
1759 1024959.4721 77856.9753 122.0000 ""
1760 1024961.6254 77840.3149 122.0000 ""
1761 1024975.5684 77820.6101 122.0000 ""
1762 1024979.8662 77813.8735 122.0000 ""
1763 1024994.4481 77804.4851 122.0000 ""
1764 1025011.7438 77801.9678 122.0000 ""
1765 1025026.3586 77803.8921 122.0000 ""
1766 1025064.0514 77807.9828 122.0000 ""
1767 1025070.4575 77774.2296 122.0000 ""
1768 1025068.3424 77767.5627 122.0000 ""
1769 1025068.3488 77757.8036 122.0000 ""
1770 1025072.4810 77744.7624 122.0000 ""
1771 1025071.7535 77731.9978 122.0000 ""
1772 1025060.2828 77697.8142 122.0000 ""
1773 1025055.2217 77689.7332 122.0000 ""
1774 1025045.3330 77676.5250 122.0000 ""
1775 1025028.3782 77664.2826 122.0000 ""
1776 1025017.6921 77650.5711 122.0000 ""
1777 1025001.7373 77621.7759 122.0000 ""
1778 1024972.9059 77586.1160 122.0000 ""
1779 1024952.1943 77574.6580 122.0000 ""
1780 1024942.8496 77571.5100 122.0000 ""
1781 1024921.0074 77573.2510 122.0000 ""
1782 1024906.2496 77570.9761 122.0000 ""
1783 1024893.3648 77565.3595 122.0000 ""
1784 1024865.3010 77544.5121 122.0000 ""
1785 1024855.2459 77534.8090 122.0000 ""
1786 1024851.5016 77516.7362 122.0000 ""
1787 1024854.2831 77504.0981 122.0000 ""
1788 1024867.1098 77478.1102 122.0000 ""
1789 1024882.1852 77460.8359 122.0000 ""
1790 1024913.2423 77424.8957 122.0000 ""
1791 1024918.2755 77412.1232 122.0000 ""
1792 1024940.0030 77353.5002 122.0000 ""
1793 1024925.4866 77287.2088 122.0000 ""
1794 1024913.8604 77273.1081 122.0000 ""
1795 1024931.3707 77257.5583 122.0000 ""
1796 1024940.3460 77238.0686 122.0000 ""
1797 1024949.7250 77242.9630 122.0000 ""
1798 1024959.0732 77244.6596 122.0000 ""
1799 1024966.3106 77247.8443 122.0000 ""
1800 1024988.6134 77250.7065 122.0000 ""
1801 1024999.7684 77251.5131 122.0000 ""
1802 1025008.9649 77253.4588 122.0000 ""
1803 1025036.7649 77249.0046 122.0000 ""
1804 1025050.3718 77249.7738 122.0000 ""
1805 1025061.2491 77246.6320 122.0000 ""
1806 1025073.2011 77247.9922 122.0000 ""
1807 1025095.4854 77236.4657 122.0000 ""
1808 1025100.8866 77219.5579 122.0000 ""
1809 1025095.6188 77204.5445 122.0000 ""
1810 1025074.0974 77188.1995 122.0000 ""
1811 1025027.6068 77163.6849 122.0000 ""
1812 1025012.7326 77149.2780 122.0000 ""
1813 1025006.9173 77141.0186 122.0000 ""
1814 1025008.4390 77139.6500 122.0000 ""
1815 1024753.3758 77990.8299 124.0000 ""
1816 1024795.4737 77973.6972 124.0000 ""
1817 1024812.6700 77964.2650 124.0000 ""
1818 1024823.8766 77959.0611 124.0000 ""
1819 1024835.8555 77950.4554 124.0000 ""
1820 1024851.1581 77930.8989 124.0000 ""
1821 1024869.3670 77919.3202 124.0000 ""
1822 1024876.2127 77914.1460 124.0000 ""
1823 1024883.6242 77906.5210 124.0000 ""
1824 1024895.4281 77893.3598 124.0000 ""
1825 1024903.9458 77893.2514 124.0000 ""
1826 1024911.9670 77892.3896 124.0000 ""
1827 1024920.7236 77902.4971 124.0000 ""
1828 1024933.7536 77901.8602 124.0000 ""
1829 1024947.0350 77892.6622 124.0000 ""
1830 1024949.7667 77888.2695 124.0000 ""
1831 1024955.8852 77878.7865 124.0000 ""
1832 1024948.5426 77858.4233 124.0000 ""
1833 1024950.6466 77833.3022 124.0000 ""
1834 1024954.9385 77802.4876 124.0000 ""
1835 1024957.1593 77791.2864 124.0000 ""
1836 1024969.9035 77787.6956 124.0000 ""
1837 1024995.0996 77787.4700 124.0000 ""
1838 1025002.8068 77788.5593 124.0000 ""
1839 1025024.8397 77789.5693 124.0000 ""
1840 1025035.7780 77786.2700 124.0000 ""
1841 1025045.5857 77796.4792 124.0000 ""
1842 1025058.5644 77795.4422 124.0000 ""
1843 1025060.9078 77788.6468 124.0000 ""
1844 1025052.6765 77765.7334 124.0000 ""
1845 1025061.1911 77739.8020 124.0000 ""
1846 1025062.2019 77720.9414 124.0000 ""
1847 1025045.6013 77690.6360 124.0000 ""
1848 1025042.8241 77685.9689 124.0000 ""
1849 1025015.9867 77659.5679 124.0000 ""
1850 1024994.1644 77623.7390 124.0000 ""
1851 1024992.4447 77618.1777 124.0000 ""
1852 1024972.9320 77598.5712 124.0000 ""
1853 1024965.1583 77592.2296 124.0000 ""
1854 1024938.0615 77585.0409 124.0000 ""
1855 1024909.3764 77583.8466 124.0000 ""
1856 1024877.6351 77566.4309 124.0000 ""
1857 1024837.6269 77541.8723 124.0000 ""
1858 1024837.7786 77525.4189 124.0000 ""
1859 1024847.3992 77483.6610 124.0000 ""
1860 1024861.6391 77463.9821 124.0000 ""
1861 1024871.4527 77455.6817 124.0000 ""
1862 1024880.8502 77449.8794 124.0000 ""
1863 1024899.0297 77424.1238 124.0000 ""
1864 1024911.8962 77407.4418 124.0000 ""
1865 1024928.0495 77368.5340 124.0000 ""
1866 1024935.5402 77338.1838 124.0000 ""
1867 1024934.7576 77326.8349 124.0000 ""
1868 1024930.6849 77313.2708 124.0000 ""
1869 1024918.2631 77298.2155 124.0000 ""
1870 1024903.3402 77266.5086 124.0000 ""
1871 1024900.7533 77247.4586 124.0000 ""
1872 1024897.5150 77236.7999 124.0000 ""
1873 1024907.3063 77231.4542 124.0000 ""
1874 1024938.8849 77231.3664 124.0000 ""
1875 1024955.5648 77228.8040 124.0000 ""
1876 1024972.8941 77234.7881 124.0000 ""
1877 1024980.0609 77241.4197 124.0000 ""
1878 1024991.9573 77243.7789 124.0000 ""
1879 1025003.6950 77239.0928 124.0000 ""
1880 1025011.7990 77239.5839 124.0000 ""
1881 1025026.5943 77242.5075 124.0000 ""
1882 1025037.9102 77241.4164 124.0000 ""
1883 1025073.9317 77234.1571 124.0000 ""
1884 1025089.1967 77233.6358 124.0000 ""
1885 1025089.1749 77220.0474 124.0000 ""
1886 1025076.7908 77206.9955 124.0000 ""
1887 1025066.8345 77198.1525 124.0000 ""
1888 1025053.6730 77189.8428 124.0000 ""
1889 1025030.7531 77173.2413 124.0000 ""
1890 1025022.2332 77167.0537 124.0000 ""
1891 1025022.2332 77167.0537 124.0000 ""
1892 1025009.4503 77154.1015 124.0000 ""
1893 1024989.6262 77130.1593 124.0000 ""
1894 1024991.4028 77127.9397 124.0000 ""
1895 1024737.9312 77983.2102 126.0000 ""
1896 1024777.2477 77968.4953 126.0000 ""
1897 1024788.0347 77961.2896 126.0000 ""
1898 1024816.2832 77947.2544 126.0000 ""
1899 1024865.2553 77903.4763 126.0000 ""
1900 1024873.6262 77894.6546 126.0000 ""
1901 1024883.4081 77884.4381 126.0000 ""
1902 1024890.1084 77878.3625 126.0000 ""
1903 1024905.8251 77872.4818 126.0000 ""
1904 1024921.8476 77882.2740 126.0000 ""
1905 1024943.5465 77881.2292 126.0000 ""
1906 1024941.5170 77868.8024 126.0000 ""
1907 1024938.4191 77842.4031 126.0000 ""
1908 1024941.1504 77829.7010 126.0000 ""
1909 1024928.8165 77798.2038 126.0000 ""
1910 1024927.0096 77790.4865 126.0000 ""
1911 1024937.3944 77779.4762 126.0000 ""
1912 1024948.5887 77775.4274 126.0000 ""
1913 1024964.4109 77776.4068 126.0000 ""
1914 1024988.3503 77776.8757 126.0000 ""
1915 1025017.9128 77775.0202 126.0000 ""
1916 1025025.8881 77773.0578 126.0000 ""
1917 1025042.1518 77758.3242 126.0000 ""
1918 1025054.1363 77730.0087 126.0000 ""
1919 1025042.4181 77695.4736 126.0000 ""
1920 1025032.4034 77686.7175 126.0000 ""
1921 1025013.7698 77661.8583 126.0000 ""
1922 1025004.6346 77648.4547 126.0000 ""
1923 1024965.4536 77601.4849 126.0000 ""
1924 1024959.0265 77596.0504 126.0000 ""
1925 1024917.8503 77598.5452 126.0000 ""
1926 1024902.3786 77598.2676 126.0000 ""
1927 1024885.7833 77585.1288 126.0000 ""
1928 1024883.0961 77582.3643 126.0000 ""
1929 1024874.3623 77577.5686 126.0000 ""
1930 1024851.9975 77566.3522 126.0000 ""
1931 1024838.5203 77559.3821 126.0000 ""
1932 1024825.3469 77543.8111 126.0000 ""
1933 1024822.5268 77530.2433 126.0000 ""
1934 1024826.7234 77515.6112 126.0000 ""
1935 1024829.8566 77502.8748 126.0000 ""
1936 1024834.2728 77485.0449 126.0000 ""
1937 1024838.6480 77473.8162 126.0000 ""
1938 1024844.8981 77467.0475 126.0000 ""
1939 1024887.0058 77425.6127 126.0000 ""
1940 1024895.5255 77415.8572 126.0000 ""
1941 1024908.8319 77392.6794 126.0000 ""
1942 1024917.2033 77374.1771 126.0000 ""
1943 1024918.7289 77361.9389 126.0000 ""
1944 1024917.5841 77352.5864 126.0000 ""
1945 1024923.9080 77333.1767 126.0000 ""
1946 1024914.7078 77315.0384 126.0000 ""
1947 1024899.7689 77285.9281 126.0000 ""
1948 1024887.3232 77250.3377 126.0000 ""
1949 1024887.5288 77241.2453 126.0000 ""
1950 1024878.8643 77225.9126 126.0000 ""
1951 1024878.8643 77225.9126 126.0000 ""
1952 1024880.3030 77219.7749 126.0000 ""
1953 1024894.2766 77217.9482 126.0000 ""
1954 1024924.9483 77218.8050 126.0000 ""
1955 1024953.9870 77216.5061 126.0000 ""
1956 1024964.5637 77213.5130 126.0000 ""
1957 1025004.8339 77232.6537 126.0000 ""
1958 1025014.9509 77231.2068 126.0000 ""
1959 1025032.9678 77230.8496 126.0000 ""
1960 1025045.2440 77228.0649 126.0000 ""
1961 1025061.5361 77223.0528 126.0000 ""
1962 1025063.7624 77218.8179 126.0000 ""
1963 1025048.5769 77205.7016 126.0000 ""
1964 1025041.4416 77193.6762 126.0000 ""
1965 1025022.2392 77183.0876 126.0000 ""
1966 1025012.4303 77174.8453 126.0000 ""
1967 1025000.2640 77159.1487 126.0000 ""
1968 1024993.9763 77139.3877 126.0000 ""
1969 1024977.8433 77122.0533 126.0000 ""
1970 1024978.7381 77119.9670 126.0000 ""
1971 1024722.7974 77975.2388 128.0000 ""
1972 1024732.1400 77972.1141 128.0000 ""
1973 1024755.6439 77968.2760 128.0000 ""
1974 1024773.6421 77962.5043 128.0000 ""
1975 1024790.8532 77943.2734 128.0000 ""
1976 1024821.0719 77926.4946 128.0000 ""
1977 1024849.3308 77902.1462 128.0000 ""
1978 1024862.3426 77888.2399 128.0000 ""
1979 1024874.3337 77860.8612 128.0000 ""
1980 1024880.7177 77857.3380 128.0000 ""
1981 1024892.7697 77860.9020 128.0000 ""
1982 1024901.1103 77856.8878 128.0000 ""
1983 1024920.4580 77855.1808 128.0000 ""
1984 1024923.6201 77854.1951 128.0000 ""
1985 1024928.9535 77833.6957 128.0000 ""
1986 1024896.5125 77805.5524 128.0000 ""
1987 1024882.7946 77796.0739 128.0000 ""
1988 1024882.4922 77788.1638 128.0000 ""
1989 1024878.7357 77763.4694 128.0000 ""
1990 1024886.1509 77754.9477 128.0000 ""
1991 1024901.4920 77769.1879 128.0000 ""
1992 1024921.5061 77772.7907 128.0000 ""
1993 1024948.0785 77768.6180 128.0000 ""
1994 1024964.4053 77768.9492 128.0000 ""
1995 1024970.7227 77767.8795 128.0000 ""
1996 1025006.3955 77766.0544 128.0000 ""
1997 1025026.9704 77759.2999 128.0000 ""
1998 1025044.4643 77731.0615 128.0000 ""
1999 1025039.9868 77708.7714 128.0000 ""
2000 1025017.3679 77680.1881 128.0000 ""
2001 1024996.6057 77651.2662 128.0000 ""
2002 1024984.4551 77631.2944 128.0000 ""
2003 1024951.0228 77603.0634 128.0000 ""
2004 1024935.3004 77602.8846 128.0000 ""
2005 1024912.6647 77611.4252 128.0000 ""
2006 1024886.2873 77601.0383 128.0000 ""
2007 1024866.4163 77583.1309 128.0000 ""
2008 1024855.8347 77577.5256 128.0000 ""
2009 1024838.4410 77572.2363 128.0000 ""
2010 1024825.7129 77565.5700 128.0000 ""
2011 1024811.5680 77553.2447 128.0000 ""
2012 1024807.9329 77549.9754 128.0000 ""
2013 1024811.2676 77537.1384 128.0000 ""
2014 1024819.5332 77512.3744 128.0000 ""
2015 1024833.3914 77465.6394 128.0000 ""
2016 1024859.1008 77437.0702 128.0000 ""
2017 1024869.8335 77425.7756 128.0000 ""
2018 1024876.5206 77421.0601 128.0000 ""
2019 1024891.2420 77395.8394 128.0000 ""
2020 1024906.9803 77376.0745 128.0000 ""
2021 1024907.6934 77365.7814 128.0000 ""
2022 1024910.9586 77355.6016 128.0000 ""
2023 1024915.9335 77335.8349 128.0000 ""
2024 1024914.2742 77320.5335 128.0000 ""
2025 1024886.9156 77284.3633 128.0000 ""
2026 1024882.4973 77278.4443 128.0000 ""
2027 1024881.6290 77273.0932 128.0000 ""
2028 1024883.3554 77269.0546 128.0000 ""
2029 1024877.1340 77246.9878 128.0000 ""
2030 1024873.7088 77226.0361 128.0000 ""
2031 1024871.7633 77216.8335 128.0000 ""
2032 1024874.7572 77210.1044 128.0000 ""
2033 1024887.0786 77208.3692 128.0000 ""
2034 1024944.5401 77206.3163 128.0000 ""
2035 1024962.7025 77198.3668 128.0000 ""
2036 1024983.6032 77209.5143 128.0000 ""
2037 1024995.9866 77214.0239 128.0000 ""
2038 1025008.6255 77217.6358 128.0000 ""
2039 1025028.0538 77215.4874 128.0000 ""
2040 1025031.7244 77212.4589 128.0000 ""
2041 1024998.8949 77170.6797 128.0000 ""
2042 1024994.4309 77155.5724 128.0000 ""
2043 1024959.6887 77098.4532 128.0000 ""
2044 1024963.0010 77109.8169 128.0000 ""
2045 1024976.7723 77129.5478 128.0000 ""
2046 1024994.4309 77155.5724 128.0000 ""
2047 1024944.2647 77094.0929 130.0000 ""
2048 1024955.6772 77111.1340 130.0000 ""
2049 1024975.9175 77138.7452 130.0000 ""
2050 1024796.3003 77562.9654 130.0000 ""
2051 1024793.1034 77559.1540 130.0000 ""
2052 1024798.8186 77550.0796 130.0000 ""
2053 1024811.5873 77525.9872 130.0000 ""
2054 1024813.2371 77518.3438 130.0000 ""
2055 1024815.2725 77505.0516 130.0000 ""
2056 1024814.4232 77496.6961 130.0000 ""
2057 1024829.0994 77463.4176 130.0000 ""
2058 1024830.3184 77452.5238 130.0000 ""
2059 1024831.8271 77443.3317 130.0000 ""
2060 1024840.3885 77435.1756 130.0000 ""
2061 1024859.1788 77424.3718 130.0000 ""
2062 1024865.5416 77415.4053 130.0000 ""
2063 1024878.4019 77399.9233 130.0000 ""
2064 1024890.9490 77378.1924 130.0000 ""
2065 1024906.3647 77337.2355 130.0000 ""
2066 1024908.5124 77329.7497 130.0000 ""
2067 1024902.8074 77313.0786 130.0000 ""
2068 1024880.7749 77290.0286 130.0000 ""
2069 1024872.0935 77261.0023 130.0000 ""
2070 1024865.3044 77217.3499 130.0000 ""
2071 1024865.6238 77206.0609 130.0000 ""
2072 1024872.4169 77200.0011 130.0000 ""
2073 1024879.5942 77196.5410 130.0000 ""
2074 1024891.8825 77200.2010 130.0000 ""
2075 1024898.0576 77196.9356 130.0000 ""
2076 1024902.3177 77195.8585 130.0000 ""
2077 1024912.1108 77198.3566 130.0000 ""
2078 1024932.7991 77194.8662 130.0000 ""
2079 1024942.7180 77193.0689 130.0000 ""
2080 1024943.0890 77189.6240 130.0000 ""
2081 1024972.0281 77186.9254 130.0000 ""
2082 1024984.0892 77186.6378 130.0000 ""
2083 1024989.4565 77184.4175 130.0000 ""
2084 1024990.1594 77167.1383 130.0000 ""
2085 1024980.4927 77143.4636 130.0000 ""
2086 1024975.9175 77138.7452 130.0000 ""
2087 1024743.7709 77936.1672 132.0000 ""
2088 1024762.2324 77904.8728 132.0000 ""
2089 1024783.2684 77890.2043 132.0000 ""
2090 1024790.5999 77879.5751 132.0000 ""
2091 1024807.2386 77862.7335 132.0000 ""
2092 1024812.2665 77851.7936 132.0000 ""
2093 1024822.9285 77837.1272 132.0000 ""
2094 1024829.7146 77817.2362 132.0000 ""
2095 1024829.5799 77798.5136 132.0000 ""
2096 1024828.3257 77766.4227 132.0000 ""
2097 1024823.4604 77735.1179 132.0000 ""
2098 1024819.2574 77718.2319 132.0000 ""
2099 1024832.2612 77705.1354 132.0000 ""
2100 1024845.0047 77701.6460 132.0000 ""
2101 1024860.4698 77703.5244 132.0000 ""
2102 1024875.6315 77705.8517 132.0000 ""
2103 1024905.8234 77699.1466 132.0000 ""
2104 1024925.5809 77711.7048 132.0000 ""
2105 1024926.3412 77718.5142 132.0000 ""
2106 1024928.6461 77726.6826 132.0000 ""
2107 1024950.4329 77743.4557 132.0000 ""
2108 1024968.6139 77743.4959 132.0000 ""
2109 1024986.5218 77747.3383 132.0000 ""
2110 1024996.4899 77747.1375 132.0000 ""
2111 1025017.3970 77743.4379 132.0000 ""
2112 1025028.4035 77728.3795 132.0000 ""
2113 1025017.1734 77696.2485 132.0000 ""
2114 1025009.8059 77688.7064 132.0000 ""
2115 1024994.0528 77668.0138 132.0000 ""
2116 1024982.3349 77651.0448 132.0000 ""
2117 1024952.2598 77622.2787 132.0000 ""
2118 1024933.3153 77624.8853 132.0000 ""
2119 1024911.0523 77637.8812 132.0000 ""
2120 1024899.9442 77636.3248 132.0000 ""
2121 1024876.8239 77617.2488 132.0000 ""
2122 1024858.8948 77601.1011 132.0000 ""
2123 1024833.7203 77590.6202 132.0000 ""
2124 1024811.6840 77590.9599 132.0000 ""
2125 1024786.6243 77578.2288 132.0000 ""
2126 1024784.0983 77573.7643 132.0000 ""
2127 1024786.8309 77553.2204 132.0000 ""
2128 1024792.0912 77544.8442 132.0000 ""
2129 1024806.7824 77517.6112 132.0000 ""
2130 1024805.7772 77494.1021 132.0000 ""
2131 1024813.1185 77472.9872 132.0000 ""
2132 1024816.0782 77447.9018 132.0000 ""
2133 1024821.2285 77440.8782 132.0000 ""
2134 1024839.0491 77425.0697 132.0000 ""
2135 1024853.7141 77417.4950 132.0000 ""
2136 1024881.6125 77357.8014 132.0000 ""
2137 1024886.4158 77341.7320 132.0000 ""
2138 1024887.6414 77337.7399 132.0000 ""
2139 1024895.4610 77327.6841 132.0000 ""
2140 1024891.6575 77319.3686 132.0000 ""
2141 1024871.5542 77291.8804 132.0000 ""
2142 1024867.1609 77273.7188 132.0000 ""
2143 1024860.0392 77251.6469 132.0000 ""
2144 1024851.8055 77239.5634 132.0000 ""
2145 1024855.0119 77222.7427 132.0000 ""
2146 1024857.8656 77214.4141 132.0000 ""
2147 1024862.3934 77202.3975 132.0000 ""
2148 1024864.8193 77198.5133 132.0000 ""
2149 1024890.1488 77189.0521 132.0000 ""
2150 1024900.1851 77184.4580 132.0000 ""
2151 1024952.2302 77167.2428 132.0000 ""
2152 1024964.4248 77169.7031 132.0000 ""
2153 1024974.5399 77168.4565 132.0000 ""
2154 1024962.2392 77141.8712 132.0000 ""
2155 1024940.1363 77102.8234 132.0000 ""
2156 1024929.0670 77089.6616 132.0000 ""
2157 1024814.8527 77645.7840 134.0000 ""
2158 1024815.8569 77644.7598 134.0000 ""
2159 1024826.1538 77639.9082 134.0000 ""
2160 1024843.0041 77652.4502 134.0000 ""
2161 1024869.6778 77680.2523 134.0000 ""
2162 1024884.0461 77689.3807 134.0000 ""
2163 1024896.5037 77675.0823 134.0000 ""
2164 1024899.4452 77660.7873 134.0000 ""
2165 1024893.3829 77652.9520 134.0000 ""
2166 1024870.9612 77642.3835 134.0000 ""
2167 1024858.1735 77620.7073 134.0000 ""
2168 1024833.6752 77606.0272 134.0000 ""
2169 1024820.0093 77605.1083 134.0000 ""
2170 1024813.0427 77606.0239 134.0000 ""
2171 1024796.0718 77605.0384 134.0000 ""
2172 1024776.7894 77589.3343 134.0000 ""
2173 1024772.5150 77576.2072 134.0000 ""
2174 1024770.5008 77569.9945 134.0000 ""
2175 1024785.1832 77544.4594 134.0000 ""
2176 1024798.9405 77522.5228 134.0000 ""
2177 1024796.8630 77494.3572 134.0000 ""
2178 1024799.8519 77480.7708 134.0000 ""
2179 1024802.3451 77458.3323 134.0000 ""
2180 1024800.2942 77441.9722 134.0000 ""
2181 1024801.1361 77435.4268 134.0000 ""
2182 1024816.6965 77428.9561 134.0000 ""
2183 1024844.2186 77414.8473 134.0000 ""
2184 1024854.6890 77405.5019 134.0000 ""
2185 1024870.1957 77358.4431 134.0000 ""
2186 1024871.5419 77342.9557 134.0000 ""
2187 1024871.0918 77318.3642 134.0000 ""
2188 1024867.4450 77300.8545 134.0000 ""
2189 1024865.0320 77286.2503 134.0000 ""
2190 1024859.6760 77270.0328 134.0000 ""
2191 1024845.2891 77241.2287 134.0000 ""
2192 1024846.3268 77227.1446 134.0000 ""
2193 1024855.0126 77206.3561 134.0000 ""
2194 1024872.9797 77181.6206 134.0000 ""
2195 1024891.7283 77167.9803 134.0000 ""
2196 1024906.0905 77159.6127 134.0000 ""
2197 1024928.4779 77147.9903 134.0000 ""
2198 1024935.3270 77132.3428 134.0000 ""
2199 1024913.9342 77086.2337 134.0000 ""
2200 1024964.6752 77656.6321 136.0000 ""
2201 1024959.1144 77649.7241 136.0000 ""
2202 1024947.7039 77643.8565 136.0000 ""
2203 1024938.9129 77651.8139 136.0000 ""
2204 1024935.8207 77658.0825 136.0000 ""
2205 1024945.7496 77677.5544 136.0000 ""
2206 1024957.1880 77703.5635 136.0000 ""
2207 1024967.4626 77719.5354 136.0000 ""
2208 1024982.7072 77712.7818 136.0000 ""
2209 1024984.0629 77680.6859 136.0000 ""
2210 1024975.4194 77669.9622 136.0000 ""
2211 1024972.1686 77650.6827 134.0000 ""
2212 1024955.6923 77634.1556 134.0000 ""
2213 1024955.6923 77634.1556 134.0000 ""
2214 1024937.0409 77635.9347 134.0000 ""
2215 1024918.3631 77655.3055 134.0000 ""
2216 1024926.4098 77688.4844 134.0000 ""
2217 1024937.1294 77700.9544 134.0000 ""
2218 1024943.7580 77720.7002 134.0000 ""
2219 1024951.7730 77730.0907 134.0000 ""
2220 1024966.3749 77728.6394 134.0000 ""
2221 1024993.5944 77737.4464 134.0000 ""
2222 1025014.4483 77736.2014 134.0000 ""
2223 1025020.2363 77726.6147 134.0000 ""
2224 1025016.6589 77707.8471 134.0000 ""
2225 1025000.3267 77687.8194 134.0000 ""
2226 1024972.1686 77650.6827 134.0000 ""
2227 1024704.9597 77962.8514 130.0000 ""
2228 1024712.6179 77960.3363 130.0000 ""
2229 1024750.9492 77943.3450 130.0000 ""
2230 1024770.0118 77928.7927 130.0000 ""
2231 1024776.0497 77914.7557 130.0000 ""
2232 1024791.1815 77898.7558 130.0000 ""
2233 1024805.8663 77890.0151 130.0000 ""
2234 1024811.6093 77893.0477 130.0000 ""
2235 1024818.6025 77896.4870 130.0000 ""
2236 1024828.8137 77889.9777 130.0000 ""
2237 1024834.6501 77877.8892 130.0000 ""
2238 1024846.1567 77864.3272 130.0000 ""
2239 1024854.1057 77858.9091 130.0000 ""
2240 1024868.2904 77841.4563 130.0000 ""
2241 1024872.8531 77832.6177 130.0000 ""
2242 1024857.0483 77795.7964 130.0000 ""
2243 1024861.5272 77759.7804 130.0000 ""
2244 1024857.3046 77754.0539 130.0000 ""
2245 1024846.9678 77740.7398 130.0000 ""
2246 1024849.0476 77736.4962 130.0000 ""
2247 1024870.8418 77727.3962 130.0000 ""
2248 1024885.8750 77718.0127 130.0000 ""
2249 1024891.5001 77715.4886 130.0000 ""
2250 1024899.2950 77718.5299 130.0000 ""
2251 1024916.6126 77745.3897 130.0000 ""
2252 1024928.7422 77752.3063 130.0000 ""
2253 1024962.1682 77757.7272 130.0000 ""
2254 1025005.3002 77756.4398 130.0000 ""
2255 1025030.9627 77744.6563 130.0000 ""
2256 1025035.8272 77726.4148 130.0000 ""
2257 1025025.8528 77702.1461 130.0000 ""
2258 1025002.6157 77668.1066 130.0000 ""
2259 1024975.6224 77634.5520 130.0000 ""
2260 1024969.7594 77626.8185 130.0000 ""
2261 1024953.3146 77613.3796 130.0000 ""
2262 1024940.7100 77610.9654 130.0000 ""
2263 1024934.2213 77615.7852 130.0000 ""
2264 1024917.1960 77623.9542 130.0000 ""
2265 1024905.7789 77623.8471 130.0000 ""
2266 1024891.6444 77617.6732 130.0000 ""
2267 1024866.5422 77595.2867 130.0000 ""
2268 1024832.6728 77581.8612 130.0000 ""
2269 1024808.1098 77573.5172 130.0000 ""
2270 1025252.5835 77485.9647 108.0000 ""
2271 1025258.8676 77491.8276 108.0000 ""
2272 1025265.7072 77497.4498 108.0000 ""
2273 1025279.4067 77502.8894 108.0000 ""
2274 1025283.2744 77523.8738 108.0000 ""
2275 1025292.8062 77537.1985 108.0000 ""
2276 1025313.6673 77561.6265 108.0000 ""
2277 1025309.4731 77575.6166 108.0000 ""
2278 1025299.9988 77583.6113 108.0000 ""
2279 1025273.7153 77593.7205 108.0000 ""
2280 1025264.9894 77589.7679 108.0000 ""
2281 1025248.8281 77589.5914 108.0000 ""
2282 1025238.2960 77590.6622 108.0000 ""
2283 1025228.0047 77594.5897 108.0000 ""
2284 1025205.7106 77607.7203 108.0000 ""
2285 1025196.5164 77607.0125 108.0000 ""
2286 1025174.2185 77579.3562 108.0000 ""
2287 1025168.2966 77553.6314 108.0000 ""
2288 1025168.9286 77518.4099 108.0000 ""
2289 1025179.0414 77499.0155 108.0000 ""
2290 1025188.1654 77486.2603 108.0000 ""
2291 1025213.8977 77478.6948 108.0000 ""
2292 1025243.4958 77482.5559 108.0000 ""
2293 1025252.5835 77485.9647 108.0000 ""
2294 1025221.1866 77506.4241 110.0000 ""
2295 1025234.4305 77511.7763 110.0000 ""
2296 1025234.4305 77511.7763 110.0000 ""
2297 1025234.4305 77511.7763 110.0000 ""
2298 1025235.8323 77511.7503 110.0000 ""
2299 1025240.6718 77514.8860 110.0000 ""
2300 1025246.9987 77521.0999 110.0000 ""
2301 1025263.7407 77546.3087 110.0000 ""
2302 1025270.8907 77549.0335 110.0000 ""
2303 1025286.5912 77554.5070 110.0000 ""
2304 1025292.6854 77559.8659 110.0000 ""
2305 1025289.8498 77566.2728 110.0000 ""
2306 1025262.0546 77572.0523 110.0000 ""
2307 1025252.8932 77572.1956 110.0000 ""
2308 1025247.3496 77576.4545 110.0000 ""
2309 1025229.8749 77579.2581 110.0000 ""
2310 1025224.0935 77582.9125 110.0000 ""
2311 1025199.7452 77600.9623 110.0000 ""
2312 1025187.8947 77595.6049 110.0000 ""
2313 1025180.3331 77583.7648 110.0000 ""
2314 1025174.5303 77561.9457 110.0000 ""
2315 1025171.5752 77540.3754 110.0000 ""
2316 1025190.2966 77499.3087 110.0000 ""
2317 1025203.1787 77500.7808 110.0000 ""
2318 1025208.5311 77502.7067 110.0000 ""
2319 1025217.8593 77546.4781 112.0000 ""
2320 1025220.5053 77543.6614 112.0000 ""
2321 1025222.2849 77530.3075 112.0000 ""
2322 1025211.1264 77525.6882 112.0000 ""
2323 1025194.8426 77537.5940 112.0000 ""
2324 1025194.8135 77551.2857 112.0000 ""
2325 1025206.5681 77553.2026 112.0000 ""
2326 1025217.8593 77546.4781 112.0000 ""
2327 1025202.0249 77645.3911 108.0000 ""
2328 1025201.8900 77659.1011 108.0000 ""
2329 1025197.2016 77677.5877 108.0000 ""
2330 1025192.7015 77689.4216 108.0000 ""
2331 1025172.1836 77696.5282 108.0000 ""
2332 1025156.9708 77662.6878 108.0000 ""
2333 1025152.6028 77632.0351 108.0000 ""
2334 1025143.5017 77607.5570 108.0000 ""
2335 1025161.9091 77593.6588 108.0000 ""
2336 1025178.1933 77607.2496 108.0000 ""
2337 1025187.1208 77625.6188 108.0000 ""
2338 1025202.0249 77645.3911 108.0000 ""
2339 1025162.4354 77633.3542 110.0000 ""
2340 1025153.2001 77612.9277 110.0000 ""
2341 1025151.3694 77607.0910 110.0000 ""
2342 1025157.4786 77604.5431 110.0000 ""
2343 1025165.9137 77612.8949 110.0000 ""
2344 1025168.1158 77613.6430 110.0000 ""
2345 1025177.8997 77622.5913 110.0000 ""
2346 1025183.7886 77629.4153 110.0000 ""
2347 1025184.6332 77634.5344 110.0000 ""
2348 1025185.5411 77655.8692 110.0000 ""
2349 1025185.0461 77658.0127 110.0000 ""
2350 1025171.2441 77669.4876 110.0000 ""
2351 1025164.1848 77659.9584 110.0000 ""
2352 1025162.4354 77633.3542 110.0000 ""
2353 1025162.4354 77633.3542 110.0000 ""
2354 1025162.4354 77633.3542 110.0000 ""
2355 1025337.6647 77560.3361 108.0000 ""
2356 1025337.1876 77564.0310 108.0000 ""
2357 1025341.3858 77571.5091 108.0000 ""
2358 1025347.5524 77595.0341 108.0000 ""
2359 1025323.8530 77610.8922 108.0000 ""
2360 1025308.7457 77620.2419 108.0000 ""
2361 1025296.2270 77627.8345 108.0000 ""
2362 1025243.0933 77668.0621 108.0000 ""
2363 1025238.6290 77682.9991 108.0000 ""
2364 1025235.2404 77701.5576 108.0000 ""
2365 1025256.0644 77732.6395 108.0000 ""
2366 1025275.9592 77762.6541 108.0000 ""
2367 1025295.6117 77768.1932 108.0000 ""
2368 1025315.4198 77768.6306 108.0000 ""
2369 1025328.7347 77766.0550 108.0000 ""
2370 1025346.7747 77764.8610 108.0000 ""
2371 1025410.7125 77739.0287 108.0000 ""
2372 1025417.4556 77732.3883 108.0000 ""
2373 1025433.1057 77732.9553 108.0000 ""
2374 1025438.4830 77736.6498 108.0000 ""
2375 1025467.5037 77746.3015 108.0000 ""
2376 1025480.5219 77745.8728 108.0000 ""
2377 1025496.8471 77742.7985 108.0000 ""
2378 1025505.2424 77738.4883 108.0000 ""
2379 1025522.0805 77725.1652 108.0000 ""
2380 1025539.0746 77711.5448 108.0000 ""
2381 1025558.6069 77703.3719 108.0000 ""
2382 1025577.1606 77698.9350 108.0000 ""
2383 1025613.4414 77679.2400 108.0000 ""
2384 1025275.2017 77661.8546 110.0000 ""
2385 1025279.1287 77658.3186 110.0000 ""
2386 1025291.5694 77649.6736 110.0000 ""
2387 1025298.8887 77646.6460 110.0000 ""
2388 1025315.2792 77640.5707 110.0000 ""
2389 1025323.2645 77639.2059 110.0000 ""
2390 1025335.0829 77641.2094 110.0000 ""
2391 1025344.1509 77640.7138 110.0000 ""
2392 1025358.0753 77642.5031 110.0000 ""
2393 1025367.6831 77647.3211 110.0000 ""
2394 1025406.5575 77645.2332 110.0000 ""
2395 1025433.1684 77645.6880 110.0000 ""
2396 1025443.3381 77647.5131 110.0000 ""
2397 1025442.6498 77658.9602 110.0000 ""
2398 1025435.4560 77672.8483 110.0000 ""
2399 1025413.2801 77690.1337 110.0000 ""
2400 1025394.6785 77713.5852 110.0000 ""
2401 1025373.7789 77719.9842 110.0000 ""
2402 1025354.5634 77734.4186 110.0000 ""
2403 1025327.2673 77742.7607 110.0000 ""
2404 1025312.9080 77745.0181 110.0000 ""
2405 1025288.5071 77751.2579 110.0000 ""
2406 1025279.1653 77745.6441 110.0000 ""
2407 1025254.3719 77715.3457 110.0000 ""
2408 1025250.5445 77690.0084 110.0000 ""
2409 1025262.0177 77670.1368 110.0000 ""
2410 1025275.2017 77661.8546 110.0000 ""
2411 1025471.6201 77738.0627 110.0000 ""
2412 1025465.9931 77732.3150 110.0000 ""
2413 1025469.5353 77713.5610 110.0000 ""
2414 1025475.8730 77714.3697 110.0000 ""
2415 1025481.7704 77726.7296 110.0000 ""
2416 1025471.6201 77738.0627 110.0000 ""
2417 1024678.8216 76836.1143 136.0000 ""
2418 1024695.2521 76865.6587 136.0000 ""
2419 1024700.7349 76872.9103 136.0000 ""
2420 1024726.0382 76893.8001 136.0000 ""
2421 1024728.9699 76896.2087 136.0000 ""
2422 1024731.8363 76896.6883 136.0000 ""
2423 1024772.1854 76914.6026 136.0000 ""
2424 1024774.8741 76919.9433 136.0000 ""
2425 1024779.7498 76921.1688 136.0000 ""
2426 1024808.9133 76905.2182 136.0000 ""
2427 1024824.4871 76927.5368 136.0000 ""
2428 1024827.3569 76931.4280 136.0000 ""
2429 1024836.8815 76940.5522 136.0000 ""
2430 1024851.4123 76939.3769 136.0000 ""
2431 1024871.2828 76946.5035 136.0000 ""
2432 1024884.6943 76966.0263 136.0000 ""
2433 1024898.1485 76968.9828 136.0000 ""
2434 1024900.6666 76973.7983 136.0000 ""
2435 1024914.3298 76989.8868 136.0000 ""
2436 1024915.7620 77008.3912 136.0000 ""
2437 1024916.5049 77012.6329 136.0000 ""
2438 1024915.5077 77014.3497 136.0000 ""
2439 1024912.4953 77018.0096 136.0000 ""
2440 1024900.5967 77034.7797 136.0000 ""
2441 1024899.2719 77041.5951 136.0000 ""
2442 1024897.2100 77049.7026 136.0000 ""
2443 1024898.2621 77075.8796 136.0000 ""
2444 1024899.8773 77086.0037 136.0000 ""
2445 1024646.3939 76812.6525 138.0000 ""
2446 1024651.3867 76837.4029 138.0000 ""
2447 1024668.0439 76866.5229 138.0000 ""
2448 1024675.9987 76872.1395 138.0000 ""
2449 1024691.7732 76891.1006 138.0000 ""
2450 1024700.1520 76904.4987 138.0000 ""
2451 1024709.2294 76911.9564 138.0000 ""
2452 1024744.1665 76917.8022 138.0000 ""
2453 1024762.8133 76926.0811 138.0000 ""
2454 1024771.8967 76944.1236 138.0000 ""
2455 1024758.4615 76962.4654 138.0000 ""
2456 1024775.3692 76949.9230 138.0000 ""
2457 1024793.8948 76954.4102 138.0000 ""
2458 1024822.5890 76981.1129 138.0000 ""
2459 1024824.8856 76982.4903 138.0000 ""
2460 1024830.0908 76981.1899 138.0000 ""
2461 1024868.8056 76975.1538 138.0000 ""
2462 1024871.9504 76975.7684 138.0000 ""
2463 1024894.8185 76980.7935 138.0000 ""
2464 1024900.6659 76991.9753 138.0000 ""
2465 1024903.5407 76995.3604 138.0000 ""
2466 1024903.9520 77000.6749 138.0000 ""
2467 1024901.8765 77015.4171 138.0000 ""
2468 1024892.4172 77028.7493 138.0000 ""
2469 1024889.1194 77045.7146 138.0000 ""
2470 1024884.3423 77064.4982 138.0000 ""
2471 1024883.8525 77065.3465 138.0000 ""
2472 1024884.2988 77066.6124 138.0000 ""
2473 1024888.1778 77090.9266 138.0000 ""
2474 1024735.2132 77909.6419 136.0000 ""
2475 1024736.8803 77904.5980 136.0000 ""
2476 1024744.8463 77888.9137 136.0000 ""
2477 1024751.8931 77867.9684 136.0000 ""
2478 1024761.2823 77848.8887 136.0000 ""
2479 1024772.7648 77839.4329 136.0000 ""
2480 1024790.8319 77802.3766 136.0000 ""
2481 1024794.1178 77765.5523 136.0000 ""
2482 1024781.3541 77731.9560 136.0000 ""
2483 1024773.1604 77720.6049 136.0000 ""
2484 1024767.7508 77712.6210 136.0000 ""
2485 1024768.8240 77701.2667 136.0000 ""
2486 1024777.2190 77680.4919 136.0000 ""
2487 1024782.7216 77665.6084 136.0000 ""
2488 1024787.1891 77648.0188 136.0000 ""
2489 1024790.1148 77636.6762 136.0000 ""
2490 1024784.8235 77625.8934 136.0000 ""
2491 1024777.8411 77621.2558 136.0000 ""
2492 1024766.4646 77614.5452 136.0000 ""
2493 1024761.4973 77608.0669 136.0000 ""
2494 1024754.1336 77592.4722 136.0000 ""
2495 1024758.9999 77575.2390 136.0000 ""
2496 1024766.2308 77556.2180 136.0000 ""
2497 1024772.7168 77552.0491 136.0000 ""
2498 1024779.2197 77545.1796 136.0000 ""
2499 1024790.4982 77535.3335 136.0000 ""
2500 1024789.5417 77504.1218 136.0000 ""
2501 1024786.5792 77489.4547 136.0000 ""
2502 1024787.9069 77477.3102 136.0000 ""
2503 1024794.0345 77466.2405 136.0000 ""
2504 1024793.1077 77438.2860 136.0000 ""
2505 1024789.4680 77427.8683 136.0000 ""
2506 1024789.4680 77427.8683 136.0000 ""
2507 1024815.7938 77421.1523 136.0000 ""
2508 1024834.8155 77413.4498 136.0000 ""
2509 1024857.8292 77383.2728 136.0000 ""
2510 1024859.4092 77362.3869 136.0000 ""
2511 1024861.3372 77325.5611 136.0000 ""
2512 1024862.1400 77308.9232 136.0000 ""
2513 1024856.3390 77283.6574 136.0000 ""
2514 1024837.2866 77240.3883 136.0000 ""
2515 1024832.8093 77236.0186 136.0000 ""
2516 1024833.2115 77227.6270 136.0000 ""
2517 1024847.4259 77211.2131 136.0000 ""
2518 1024860.1466 77185.2512 136.0000 ""
2519 1024882.1444 77164.0848 136.0000 ""
2520 1024891.7022 77155.8424 136.0000 ""
2521 1024905.2565 77148.6198 136.0000 ""
2522 1024914.8381 77136.3326 136.0000 ""
2523 1024918.0772 77130.2560 136.0000 ""
2524 1024903.9309 77092.1798 136.0000 ""
2525 1024900.4970 77087.1139 136.0000 ""
2526 1024738.9703 77833.4763 138.0000 ""
2527 1024741.5448 77832.6703 138.0000 ""
2528 1024758.3154 77818.8357 138.0000 ""
2529 1024767.7576 77815.0777 138.0000 ""
2530 1024775.3507 77754.6982 138.0000 ""
2531 1024773.6791 77749.6849 138.0000 ""
2532 1024764.1252 77739.5276 138.0000 ""
2533 1024753.1792 77711.8979 138.0000 ""
2534 1024758.8117 77692.4596 138.0000 ""
2535 1024767.0878 77658.7756 138.0000 ""
2536 1024764.8469 77648.7577 138.0000 ""
2537 1024760.5815 77634.1771 138.0000 ""
2538 1024749.3898 77614.0595 138.0000 ""
2539 1024747.9389 77574.2330 138.0000 ""
2540 1024748.7318 77567.6344 138.0000 ""
2541 1024773.8272 77542.7017 138.0000 ""
2542 1024791.4629 77525.1857 138.0000 ""
2543 1024788.5848 77513.0186 138.0000 ""
2544 1024777.0640 77497.7078 138.0000 ""
2545 1024782.1238 77473.3307 138.0000 ""
2546 1024783.4402 77447.0367 138.0000 ""
2547 1024772.7678 77408.4859 138.0000 ""
2548 1024767.8235 77398.6124 138.0000 ""
2549 1024767.5402 77395.9114 138.0000 ""
2550 1024779.5661 77402.1714 138.0000 ""
2551 1024792.9802 77410.6381 138.0000 ""
2552 1024810.4922 77412.2766 138.0000 ""
2553 1024823.6284 77409.0937 138.0000 ""
2554 1024847.7189 77374.8736 138.0000 ""
2555 1024845.2370 77355.2172 138.0000 ""
2556 1024848.7833 77332.0942 138.0000 ""
2557 1024853.4236 77318.2241 138.0000 ""
2558 1024851.6102 77303.8220 138.0000 ""
2559 1024850.8817 77292.0746 138.0000 ""
2560 1024843.7204 77268.3522 138.0000 ""
2561 1024807.9485 77233.8926 138.0000 ""
2562 1024780.9309 77200.5802 138.0000 ""
2563 1024780.0994 77189.5354 138.0000 ""
2564 1024780.0994 77189.5354 138.0000 ""
2565 1024782.6038 77189.1986 138.0000 ""
2566 1024817.7715 77215.6071 138.0000 ""
2567 1024829.8153 77218.4167 138.0000 ""
2568 1024848.0596 77205.8208 138.0000 ""
2569 1024866.2942 77178.3393 138.0000 ""
2570 1024883.9164 77160.6973 138.0000 ""
2571 1024891.9952 77148.8012 138.0000 ""
2572 1024894.6381 77105.7265 138.0000 ""
2573 1024888.7551 77092.1283 138.0000 ""
2574 1024767.6673 76993.0184 140.0000 ""
2575 1024771.3891 76991.3429 140.0000 ""
2576 1024781.4556 76983.8754 140.0000 ""
2577 1024784.8856 76984.7062 140.0000 ""
2578 1024790.1983 76989.6501 140.0000 ""
2579 1024811.2236 77002.2601 140.0000 ""
2580 1024858.8771 76990.3547 140.0000 ""
2581 1024870.8603 76988.4864 140.0000 ""
2582 1024887.9428 76991.8250 140.0000 ""
2583 1024891.4886 76992.6042 140.0000 ""
2584 1024892.8362 76995.1812 140.0000 ""
2585 1024888.0320 77011.6856 140.0000 ""
2586 1024887.0334 77018.7785 140.0000 ""
2587 1024884.2377 77022.7188 140.0000 ""
2588 1024878.9669 77049.8341 140.0000 ""
2589 1024877.0876 77057.2234 140.0000 ""
2590 1024868.3774 77072.3090 140.0000 ""
2591 1024876.3142 77094.8209 140.0000 ""
2592 1024876.4783 77095.8495 140.0000 ""
2593 1024744.1179 77126.0621 140.0000 ""
2594 1024744.8451 77129.7618 140.0000 ""
2595 1024749.2978 77137.8263 140.0000 ""
2596 1024752.5268 77141.5891 140.0000 ""
2597 1024758.9641 77144.4694 140.0000 ""
2598 1024785.2956 77174.9254 140.0000 ""
2599 1024817.1537 77202.2650 140.0000 ""
2600 1024829.0820 77207.5219 140.0000 ""
2601 1024845.0752 77202.8580 140.0000 ""
2602 1024867.0266 77173.1480 140.0000 ""
2603 1024876.2794 77165.7529 140.0000 ""
2604 1024883.3613 77136.8694 140.0000 ""
2605 1024880.7670 77119.2258 140.0000 ""
2606 1024877.2370 77096.5585 140.0000 ""
2607 1024864.1708 77090.9239 142.0000 ""
2608 1024869.4012 77098.9606 142.0000 ""
2609 1024870.1410 77126.2183 142.0000 ""
2610 1024873.7581 77142.5381 142.0000 ""
2611 1024861.7002 77167.6231 142.0000 ""
2612 1024843.6596 77200.0151 142.0000 ""
2613 1024835.7582 77204.2589 142.0000 ""
2614 1024791.8655 77081.0810 142.0000 ""
2615 1024772.0520 77065.1648 142.0000 ""
2616 1024772.0713 77062.1212 142.0000 ""
2617 1024787.9916 77050.0648 142.0000 ""
2618 1024770.9407 77020.1107 142.0000 ""
2619 1024772.3535 77014.6804 142.0000 ""
2620 1024775.7035 77013.1723 142.0000 ""
2621 1024783.8999 77016.9209 142.0000 ""
2622 1024796.8792 77041.9551 142.0000 ""
2623 1024805.4369 77029.2290 142.0000 ""
2624 1024821.0360 77035.9834 142.0000 ""
2625 1024853.4816 77039.0956 142.0000 ""
2626 1024855.7176 77046.8659 142.0000 ""
2627 1024856.2885 77055.3120 142.0000 ""
2628 1024850.5024 77062.3001 142.0000 ""
2629 1024856.4205 77076.1308 142.0000 ""
2630 1024863.4947 77090.0618 142.0000 ""
2631 1024791.8655 77081.0810 142.0000 ""
2632 1024793.6939 77085.3983 142.0000 ""
2633 1024786.4229 77128.3983 142.0000 ""
2634 1024785.6808 77137.4146 142.0000 ""
2635 1024785.5313 77137.3336 142.0000 ""
2636 1024790.8109 77173.2553 142.0000 ""
2637 1024818.7256 77198.9759 142.0000 ""
2638 1024822.3645 77201.2926 142.0000 ""
2639 1024829.7502 77204.6777 142.0000 ""
2640 1024835.7582 77204.2589 142.0000 ""
2641 1024808.5953 77177.2608 146.0000 ""
2642 1024804.6666 77174.2757 146.0000 ""
2643 1024800.0793 77155.5702 146.0000 ""
2644 1024810.5682 77134.6460 146.0000 ""
2645 1024812.2963 77122.3184 146.0000 ""
2646 1024817.8057 77097.3258 146.0000 ""
2647 1024822.7571 77080.0322 146.0000 ""
2648 1024823.1827 77078.6302 144.0000 ""
2649 1024827.6823 77067.3365 144.0000 ""
2650 1024833.4010 77067.3948 144.0000 ""
2651 1024838.2340 77067.4440 144.0000 ""
2652 1024842.9784 77067.4923 144.0000 ""
2653 1024847.2469 77077.4677 144.0000 ""
2654 1024850.4518 77083.7790 144.0000 ""
2655 1024850.7241 77084.2702 146.0000 ""
2656 1024854.2128 77092.3204 146.0000 ""
2657 1024856.7577 77101.5723 146.0000 ""
2658 1024856.8956 77111.7110 146.0000 ""
2659 1024851.2863 77120.6718 146.0000 ""
2660 1024846.3900 77127.5887 146.0000 ""
2661 1024846.5429 77159.6057 146.0000 ""
2662 1024840.9162 77187.5002 146.0000 ""
2663 1024824.0526 77187.3136 146.0000 ""
2664 1024821.6748 77185.9383 146.0000 ""
2665 1024829.5850 77093.9908 148.0000 ""
2666 1024831.2407 77093.2503 148.0000 ""
2667 1024835.2126 77090.1746 148.0000 ""
2668 1024846.2505 77101.5180 148.0000 ""
2669 1024831.9059 77107.0373 148.0000 ""
2670 1024826.3437 77100.2665 148.0000 ""
2671 1024829.5850 77093.9908 148.0000 ""
2672 1024815.0243 77166.4366 148.0000 ""
2673 1024813.0332 77164.7280 148.0000 ""
2674 1024809.7452 77154.3213 148.0000 ""
2675 1024816.8465 77147.0154 148.0000 ""
2676 1024826.5388 77157.6046 148.0000 ""
2677 1024815.0243 77166.4366 148.0000 ""
2678 1024732.6399 77086.9546 140.0000 ""
2679 1024744.1179 77126.0621 140.0000 ""
2680 1024732.6399 77086.9546 140.0000 ""
2681 1024744.1179 77126.0621 140.0000 ""
2682 1024732.6399 77086.9546 140.0000 ""
2683 1024723.3054 77065.8348 140.0000 ""
2684 1024707.8532 77060.7239 140.0000 ""
2685 1024707.5411 77079.8256 140.0000 ""
2686 1024707.5411 77079.8256 140.0000 ""
2687 1024709.3296 77091.0332 140.0000 ""
2688 1024728.9322 77123.1725 140.0000 ""
2689 1024769.1816 77488.4110 140.0000 ""
2690 1024763.9794 77428.6891 140.0000 ""
2691 1024750.3606 77389.2255 140.0000 ""
2692 1024748.8057 77381.7692 140.0000 ""
2693 1024755.0799 77371.2537 140.0000 ""
2694 1024767.6909 77379.9156 140.0000 ""
2695 1024812.1330 77406.0359 140.0000 ""
2696 1024823.6476 77405.9944 140.0000 ""
2697 1024835.5305 77378.7606 140.0000 ""
2698 1024833.5705 77363.8050 140.0000 ""
2699 1024839.0685 77332.7444 140.0000 ""
2700 1024839.2958 77312.1549 140.0000 ""
2701 1024837.9989 77279.0163 140.0000 ""
2702 1024827.8927 77262.1751 140.0000 ""
2703 1024802.7686 77245.9074 140.0000 ""
2704 1024780.2925 77222.5592 140.0000 ""
2705 1024765.6552 77202.4001 140.0000 ""
2706 1024757.9869 77196.2159 140.0000 ""
2707 1024752.3084 77199.8836 140.0000 ""
2708 1024745.1655 77205.5922 140.0000 ""
2709 1024735.8248 77210.5902 140.0000 ""
2710 1024727.3231 77209.5473 140.0000 ""
2711 1024724.8355 77191.4994 140.0000 ""
2712 1024726.1254 77185.4113 140.0000 ""
2713 1024729.6653 77171.7918 140.0000 ""
2714 1024730.0313 77161.4534 140.0000 ""
2715 1024733.8566 77142.2421 140.0000 ""
2716 1024728.9322 77123.1725 140.0000 ""
2717 1024631.8638 76816.5580 140.0000 ""
2718 1024641.1145 76862.4155 140.0000 ""
2719 1024642.3973 76869.6465 140.0000 ""
2720 1024644.1296 76871.5983 140.0000 ""
2721 1024657.6883 76881.1758 140.0000 ""
2722 1024678.0259 76895.5356 140.0000 ""
2723 1024681.2951 76899.4652 140.0000 ""
2724 1024685.3161 76905.8949 140.0000 ""
2725 1024690.1839 76919.3747 140.0000 ""
2726 1024670.8099 76945.3143 140.0000 ""
2727 1024670.0618 76947.0812 140.0000 ""
2728 1024670.2165 76948.4186 140.0000 ""
2729 1024666.2865 76979.3195 140.0000 ""
2730 1024676.4961 77012.3666 140.0000 ""
2731 1024678.1541 77017.9935 140.0000 ""
2732 1024678.7540 77019.6669 140.0000 ""
2733 1024678.7125 77025.4612 140.0000 ""
2734 1024691.9886 77040.8087 140.0000 ""
2735 1024707.6680 77060.2048 140.0000 ""
2736 1024716.2959 77041.0082 140.0000 ""
2737 1024720.3476 77036.9006 140.0000 ""
2738 1024725.0311 77031.3988 140.0000 ""
2739 1024741.3179 77022.7994 140.0000 ""
2740 1024745.9680 77015.5034 140.0000 ""
2741 1024749.7154 77001.0999 140.0000 ""
2742 1024763.4119 76994.9340 140.0000 ""
2743 1024710.8123 76975.9876 138.0000 ""
2744 1024716.1321 76989.0811 138.0000 ""
2745 1024719.1529 76967.8416 138.0000 ""
2746 1024717.9809 76958.3621 138.0000 ""
2747 1024712.6221 76952.1689 138.0000 ""
2748 1024704.9431 76961.5417 138.0000 ""
2749 1024708.9930 76971.5098 138.0000 ""
2750 1024617.3337 76820.4634 142.0000 ""
2751 1024618.1196 76824.3594 142.0000 ""
2752 1024627.3609 76876.4488 142.0000 ""
2753 1024639.8396 76890.5090 142.0000 ""
2754 1024656.7111 76902.4265 142.0000 ""
2755 1024668.8055 76915.5521 142.0000 ""
2756 1024671.4624 76922.9094 142.0000 ""
2757 1024665.1672 76931.3379 142.0000 ""
2758 1024658.1612 76947.8855 142.0000 ""
2759 1024659.6105 76960.4099 142.0000 ""
2760 1024657.0347 76980.6629 142.0000 ""
2761 1024663.7262 77002.3225 142.0000 ""
2762 1024668.6173 77018.9217 142.0000 ""
2763 1024670.3870 77023.8580 142.0000 ""
2764 1024670.2645 77040.9510 142.0000 ""
2765 1024675.6421 77047.1676 142.0000 ""
2766 1024682.0700 77055.1192 142.0000 ""
2767 1024681.9418 77062.9717 142.0000 ""
2768 1024681.9418 77062.9717 142.0000 ""
2769 1024687.4316 77078.1520 142.0000 ""
2770 1024710.4017 77108.5822 142.0000 ""
2771 1024712.1638 77128.9923 142.0000 ""
2772 1024712.1675 77128.9768 142.0000 ""
2773 1024712.1638 77128.9923 142.0000 ""
2774 1024706.7412 77147.4984 142.0000 ""
2775 1024700.8440 77163.1504 142.0000 ""
2776 1024697.1211 77170.8199 142.0000 ""
2777 1024699.8372 77180.3436 142.0000 ""
2778 1024706.8042 77195.7036 142.0000 ""
2779 1024709.5194 77205.3274 142.0000 ""
2780 1024714.1197 77222.3182 142.0000 ""
2781 1024721.1035 77224.8272 142.0000 ""
2782 1024734.7402 77222.1913 142.0000 ""
2783 1024736.9012 77221.2093 142.0000 ""
2784 1024764.5462 77351.8688 142.0000 ""
2785 1024766.0735 77350.5658 142.0000 ""
2786 1024771.8070 77362.2413 142.0000 ""
2787 1024783.3208 77362.2498 142.0000 ""
2788 1024789.1516 77366.4283 142.0000 ""
2789 1024794.6444 77376.6534 142.0000 ""
2790 1024800.0275 77388.4279 142.0000 ""
2791 1024812.4299 77390.4904 142.0000 ""
2792 1024824.4537 77380.9538 142.0000 ""
2793 1024822.2359 77367.2463 142.0000 ""
2794 1024818.1742 77344.1834 142.0000 ""
2795 1024824.6572 77331.9713 142.0000 ""
2796 1024829.5459 77286.1689 142.0000 ""
2797 1024830.3938 77278.5777 142.0000 ""
2798 1024827.7285 77272.5177 142.0000 ""
2799 1024817.2914 77268.7167 142.0000 ""
2800 1024810.8391 77268.0341 142.0000 ""
2801 1024804.4648 77262.8547 142.0000 ""
2802 1024766.8749 77215.3459 142.0000 ""
2803 1024766.4074 77210.0977 142.0000 ""
2804 1024758.1036 77201.5121 142.0000 ""
2805 1024759.7771 77205.9670 142.0000 ""
2806 1024756.5404 77211.2961 142.0000 ""
2807 1024736.9012 77221.2093 142.0000 ""
2808 1024567.1865 76871.6651 144.0000 ""
2809 1024576.7357 76865.8742 144.0000 ""
2810 1024584.6195 76833.0557 144.0000 ""
2811 1024588.8227 76829.6231 144.0000 ""
2812 1024591.3238 76837.8134 144.0000 ""
2813 1024608.4942 76878.2285 144.0000 ""
2814 1024617.9548 76888.9377 144.0000 ""
2815 1024632.9266 76905.9490 144.0000 ""
2816 1024650.3393 76923.2490 144.0000 ""
2817 1024654.2410 76929.8406 144.0000 ""
2818 1024646.2606 76948.6897 144.0000 ""
2819 1024649.0044 76972.4011 144.0000 ""
2820 1024647.7828 76982.0062 144.0000 ""
2821 1024650.9563 76992.2784 144.0000 ""
2822 1024659.0806 77019.8498 144.0000 ""
2823 1024662.0200 77028.0491 144.0000 ""
2824 1024661.8650 77049.6691 144.0000 ""
2825 1024642.8976 77063.5117 144.0000 ""
2826 1024635.0760 77065.0245 144.0000 ""
2827 1024621.2343 77064.4539 144.0000 ""
2828 1024699.7272 77123.5530 144.0000 ""
2829 1024691.7326 77110.8909 144.0000 ""
2830 1024670.4405 77107.3734 144.0000 ""
2831 1024656.3622 77110.3632 144.0000 ""
2832 1024653.1247 77116.6992 144.0000 ""
2833 1024653.1247 77116.6992 144.0000 ""
2834 1024650.6979 77130.4294 144.0000 ""
2835 1024650.6979 77130.4294 144.0000 ""
2836 1024636.6821 77131.5642 144.0000 ""
2837 1024668.7058 77142.2303 146.0000 ""
2838 1024667.6490 77137.3712 146.0000 ""
2839 1024668.3631 77130.3768 146.0000 ""
2840 1024677.2140 77125.6005 146.0000 ""
2841 1024688.8084 77143.8483 146.0000 ""
2842 1024685.2830 77146.3190 146.0000 ""
2843 1024668.7058 77142.2303 146.0000 ""
2844 1024731.5988 77261.2826 144.0000 ""
2845 1024730.6561 77259.9786 144.0000 ""
2846 1024729.2921 77254.0754 144.0000 ""
2847 1024727.4922 77253.7663 144.0000 ""
2848 1024720.2091 77273.4670 144.0000 ""
2849 1024710.6400 77274.8172 144.0000 ""
2850 1024702.6593 77270.4289 144.0000 ""
2851 1024704.6449 77218.2741 144.0000 ""
2852 1024698.3231 77197.2582 144.0000 ""
2853 1024684.5038 77182.5996 144.0000 ""
2854 1024651.8909 77156.5552 144.0000 ""
2855 1024645.4681 77151.4270 144.0000 ""
2856 1024644.2667 77143.7782 144.0000 ""
2857 1024675.1063 77157.5240 144.0000 ""
2858 1024691.9668 77158.3102 144.0000 ""
2859 1024699.7272 77123.5530 144.0000 ""
2860 1024777.3417 77315.1179 144.0000 ""
2861 1024776.2506 77316.2812 144.0000 ""
2862 1024776.8861 77326.6799 144.0000 ""
2863 1024773.9591 77338.4103 144.0000 ""
2864 1024783.7940 77342.6588 144.0000 ""
2865 1024788.3970 77343.0321 144.0000 ""
2866 1024792.7996 77327.4108 144.0000 ""
2867 1024812.3891 77316.5655 144.0000 ""
2868 1024810.9833 77293.1201 144.0000 ""
2869 1024776.6545 77251.9694 144.0000 ""
2870 1024760.0124 77224.2039 144.0000 ""
2871 1024746.7212 77220.7382 144.0000 ""
2872 1024737.3381 77240.2759 144.0000 ""
2873 1024735.6132 77251.8092 144.0000 ""
2874 1024732.1975 77261.5855 144.0000 ""
2875 1024731.5988 77261.2826 144.0000 ""
2876 1024745.5174 77244.8646 146.0000 ""
2877 1024746.6866 77242.0226 146.0000 ""
2878 1024749.0261 77236.1387 146.0000 ""
2879 1024749.2690 77229.3948 146.0000 ""
2880 1024751.9912 77226.3111 146.0000 ""
2881 1024756.7100 77239.9254 146.0000 ""
2882 1024751.5788 77244.0463 146.0000 ""
2883 1024745.5174 77244.8646 146.0000 ""
2884 1024567.2951 76889.1319 146.0000 ""
2885 1024586.9732 76877.1985 146.0000 ""
2886 1024587.9840 76877.7149 146.0000 ""
2887 1024592.6790 76882.6270 146.0000 ""
2888 1024615.3955 76908.3419 146.0000 ""
2889 1024620.7547 76914.4311 146.0000 ""
2890 1024626.9876 76920.6237 146.0000 ""
2891 1024638.4118 76939.9239 146.0000 ""
2892 1024634.3600 76949.4939 146.0000 ""
2893 1024637.9324 76980.3653 146.0000 ""
2894 1024636.5019 76982.4732 146.0000 ""
2895 1024639.1700 76985.5722 146.0000 ""
2896 1024649.5438 77020.7779 146.0000 ""
2897 1024653.6529 77032.2402 146.0000 ""
2898 1024653.5691 77043.9418 146.0000 ""
2899 1024643.3031 77051.4340 146.0000 ""
2900 1024624.6288 77055.0458 146.0000 ""
2901 1024608.9633 77054.4001 146.0000 ""
2902 1024596.0983 77052.9148 146.0000 ""
2903 1024592.6307 77052.0358 146.0000 ""
2904 1024567.4038 76906.5986 148.0000 ""
2905 1024579.4855 76899.2719 148.0000 ""
2906 1024588.5882 76903.9222 148.0000 ""
2907 1024607.7408 76923.9606 148.0000 ""
2908 1024621.5489 76948.2607 148.0000 ""
2909 1024622.5826 76950.0071 148.0000 ""
2910 1024622.4594 76950.2981 148.0000 ""
2911 1024622.5680 76951.2369 148.0000 ""
2912 1024606.5311 76974.8682 148.0000 ""
2913 1024636.4426 77009.6096 148.0000 ""
2914 1024640.0070 77021.7060 148.0000 ""
2915 1024645.2859 77036.4312 148.0000 ""
2916 1024645.2731 77038.2145 148.0000 ""
2917 1024643.7087 77039.3563 148.0000 ""
2918 1024640.5088 77039.9752 148.0000 ""
2919 1024630.9384 77033.8211 148.0000 ""
2920 1024621.6435 77032.7480 148.0000 ""
2921 1024588.7638 77024.4131 148.0000 ""
2922 1024577.1729 77021.4412 148.0000 ""
2923 1024567.5125 76924.0654 150.0000 ""
2924 1024571.9979 76921.3453 150.0000 ""
2925 1024589.1924 76930.1294 150.0000 ""
2926 1024593.6661 76934.8100 150.0000 ""
2927 1024597.2050 76941.0380 150.0000 ""
2928 1024592.8496 76947.3535 150.0000 ""
2929 1024588.8588 76953.4109 150.0000 ""
2930 1024586.2913 76957.3079 150.0000 ""
2931 1024579.3104 76967.9037 150.0000 ""
2932 1024571.5165 76990.5800 150.0000 ""
2933 1024571.5165 76990.5800 150.0000 ""
2934 1024567.9993 76992.2475 150.0000 ""
2935 1024558.5702 76987.9170 150.0000 ""
2936 1024542.2618 76969.0688 150.0000 ""
2937 1024521.8758 76935.1923 150.0000 ""
2938 1024505.5662 76871.5142 150.0000 ""
2939 1024613.1040 77093.4655 144.0000 ""
2940 1024618.8809 77086.7946 144.0000 ""
2941 1024616.7699 77068.6779 144.0000 ""
2942 1024621.2343 77064.4539 144.0000 ""
2943 1024621.0114 77131.6571 144.0000 ""
2944 1024597.6620 77118.7366 144.0000 ""
2945 1024591.9198 77100.9389 144.0000 ""
2946 1024608.2701 77096.7752 144.0000 ""
2947 1024613.1040 77093.4655 144.0000 ""
2948 1024592.6307 77052.0358 146.0000 ""
2949 1024562.5597 77048.3815 146.0000 ""
2950 1024533.4533 77047.2203 146.0000 ""
2951 1024515.3363 76965.4633 148.0000 ""
2952 1024529.9670 76984.5196 148.0000 ""
2953 1024563.8529 77015.8043 148.0000 ""
2954 1024577.1729 77021.4412 148.0000 ""
2955 1024515.9964 77070.2084 148.0000 ""
2956 1024513.3200 77053.1329 148.0000 ""
2957 1024505.8848 77018.1740 148.0000 ""
2958 1024502.8596 76982.8109 148.0000 ""
2959 1024503.3262 76954.1900 148.0000 ""
2960 1024507.2660 76950.4239 148.0000 ""
2961 1024515.3363 76965.4633 148.0000 ""
2962 1024533.7291 77073.4056 146.0000 ""
2963 1024530.3819 77059.8554 146.0000 ""
2964 1024528.5462 77047.2230 146.0000 ""
2965 1024534.0536 77047.4998 146.0000 ""
2966 1023993.7928 77878.4706 146.0000 ""
2967 1024008.7809 77882.2936 146.0000 ""
2968 1024028.1319 77883.0632 146.0000 ""
2969 1024045.1986 77887.4637 146.0000 ""
2970 1024058.2357 77894.8799 146.0000 ""
2971 1024098.0626 77915.6351 146.0000 ""
2972 1024135.8511 77929.8713 146.0000 ""
2973 1024165.4975 77948.3382 146.0000 ""
2974 1024187.3022 77954.6822 146.0000 ""
2975 1024199.7639 77959.6938 146.0000 ""
2976 1024211.8746 77964.8023 146.0000 ""
2977 1024254.1572 77969.8264 146.0000 ""
2978 1024275.4750 77958.7091 146.0000 ""
2979 1024286.7670 77955.0568 146.0000 ""
2980 1024309.6706 77951.1063 146.0000 ""
2981 1024320.7773 77951.3040 146.0000 ""
2982 1024330.9483 77960.7478 146.0000 ""
2983 1024341.9117 77960.2439 146.0000 ""
2984 1024348.8815 77953.2519 146.0000 ""
2985 1024360.8515 77941.2514 146.0000 ""
2986 1024384.6460 77927.6539 146.0000 ""
2987 1024397.7128 77921.5657 146.0000 ""
2988 1024413.2478 77919.2008 146.0000 ""
2989 1024438.2327 77912.3165 146.0000 ""
2990 1024449.1327 77907.9099 146.0000 ""
2991 1024474.3905 77893.1739 146.0000 ""
2992 1024485.6836 77878.6656 146.0000 ""
2993 1024506.0665 77849.7797 146.0000 ""
2994 1024547.5125 77860.0468 146.0000 ""
2995 1024560.6032 77873.4682 146.0000 ""
2996 1024594.0986 77883.2164 146.0000 ""
2997 1024609.5373 77875.2471 146.0000 ""
2998 1024626.6652 77863.1901 146.0000 ""
2999 1024635.9604 77853.8161 146.0000 ""
3000 1024659.5526 77829.9589 146.0000 ""
3001 1024667.3095 77819.1206 146.0000 ""
3002 1024674.3998 77804.5245 146.0000 ""
3003 1024678.0801 77785.0962 146.0000 ""
3004 1024687.9552 77761.4698 146.0000 ""
3005 1024691.4385 77747.1928 146.0000 ""
3006 1024693.7981 77696.7887 146.0000 ""
3007 1024694.0874 77670.4291 146.0000 ""
3008 1024687.2259 77659.8652 146.0000 ""
3009 1024679.3776 77642.2399 146.0000 ""
3010 1024670.9391 77612.4550 146.0000 ""
3011 1024676.7996 77606.4531 146.0000 ""
3012 1024687.1877 77575.8805 146.0000 ""
3013 1024690.6885 77565.1566 146.0000 ""
3014 1024700.9457 77548.9885 146.0000 ""
3015 1024711.5244 77524.9705 146.0000 ""
3016 1024719.4391 77502.1802 146.0000 ""
3017 1024723.0837 77481.1043 146.0000 ""
3018 1024727.4536 77446.2805 146.0000 ""
3019 1024718.8266 77420.6996 146.0000 ""
3020 1024707.8969 77400.7013 146.0000 ""
3021 1024701.4394 77384.2923 146.0000 ""
3022 1024705.0593 77360.4173 146.0000 ""
3023 1024701.4133 77337.5313 146.0000 ""
3024 1024697.5788 77324.3962 146.0000 ""
3025 1024688.8263 77307.2189 146.0000 ""
3026 1024680.4740 77290.0955 146.0000 ""
3027 1024673.3247 77278.2833 146.0000 ""
3028 1024670.2916 77270.6066 146.0000 ""
3029 1024683.2950 77260.5146 146.0000 ""
3030 1024695.0380 77234.9097 146.0000 ""
3031 1024696.1385 77218.4168 146.0000 ""
3032 1024694.1043 77205.4482 146.0000 ""
3033 1024678.3817 77189.8648 146.0000 ""
3034 1024662.6660 77184.5826 146.0000 ""
3035 1024643.2619 77183.2200 146.0000 ""
3036 1024624.2587 77165.3599 146.0000 ""
3037 1024620.1571 77154.1751 146.0000 ""
3038 1024609.6478 77143.2870 146.0000 ""
3039 1024567.7466 77128.9369 146.0000 ""
3040 1024538.0271 77101.3398 146.0000 ""
3041 1024533.8189 77080.0059 146.0000 ""
3042 1024533.7291 77073.4056 146.0000 ""
3043 1024502.5264 77060.4972 150.0000 ""
3044 1024495.1003 77041.8951 150.0000 ""
3045 1024482.4323 77009.9416 150.0000 ""
3046 1024479.4499 76954.0645 150.0000 ""
3047 1024468.3803 76917.4335 150.0000 ""
3048 1024469.2400 76873.6641 150.0000 ""
3049 1024671.6243 77514.2746 150.0000 ""
3050 1024678.3502 77507.3808 150.0000 ""
3051 1024689.5604 77501.9749 150.0000 ""
3052 1024696.0807 77483.9247 150.0000 ""
3053 1024695.6164 77474.4178 150.0000 ""
3054 1024694.1071 77442.1954 150.0000 ""
3055 1024677.7780 77421.6008 150.0000 ""
3056 1024677.7780 77421.6008 150.0000 ""
3057 1024663.8207 77415.4306 150.0000 ""
3058 1024662.2730 77409.5160 150.0000 ""
3059 1024672.8805 77343.6912 150.0000 ""
3060 1024661.8634 77333.4460 150.0000 ""
3061 1024654.0768 77314.6769 150.0000 ""
3062 1024647.0665 77293.1142 150.0000 ""
3063 1024641.9828 77279.8194 150.0000 ""
3064 1024608.6152 77229.1830 150.0000 ""
3065 1024602.4499 77219.3304 150.0000 ""
3066 1024591.7302 77198.5891 150.0000 ""
3067 1024586.7446 77185.5967 150.0000 ""
3068 1024581.6787 77170.4538 150.0000 ""
3069 1024582.4594 77161.6601 150.0000 ""
3070 1024574.3368 77152.4920 150.0000 ""
3071 1024527.5474 77125.7015 150.0000 ""
3072 1024511.3714 77110.9172 150.0000 ""
3073 1024509.3176 77089.3014 150.0000 ""
3074 1024502.5264 77060.4972 150.0000 ""
3075 1023991.0501 77860.6748 148.0000 ""
3076 1023998.1690 77861.6461 148.0000 ""
3077 1024014.7683 77862.4414 148.0000 ""
3078 1024025.6524 77864.6370 148.0000 ""
3079 1024071.5516 77893.8463 148.0000 ""
3080 1024085.8100 77904.4742 148.0000 ""
3081 1024111.3187 77910.3497 148.0000 ""
3082 1024124.9850 77920.1727 148.0000 ""
3083 1024169.2694 77940.8186 148.0000 ""
3084 1024213.1006 77956.6598 148.0000 ""
3085 1024253.3884 77960.9658 148.0000 ""
3086 1024274.4606 77949.3461 148.0000 ""
3087 1024333.5730 77931.1073 148.0000 ""
3088 1024343.6444 77929.6450 148.0000 ""
3089 1024367.5467 77915.1481 148.0000 ""
3090 1024396.3839 77908.2478 148.0000 ""
3091 1024432.7254 77901.6631 148.0000 ""
3092 1024463.2901 77875.7183 148.0000 ""
3093 1024483.9568 77843.1336 148.0000 ""
3094 1024505.0570 77839.7662 148.0000 ""
3095 1024549.1171 77848.7551 148.0000 ""
3096 1024584.8711 77863.2249 148.0000 ""
3097 1024584.8711 77863.2249 148.0000 ""
3098 1024606.0073 77856.1558 148.0000 ""
3099 1024622.0562 77841.6381 148.0000 ""
3100 1024657.7105 77790.3218 148.0000 ""
3101 1024663.8866 77777.1687 148.0000 ""
3102 1024668.9646 77752.6505 148.0000 ""
3103 1024678.4622 77709.9622 148.0000 ""
3104 1024674.0388 77678.9597 148.0000 ""
3105 1024666.5408 77655.8349 148.0000 ""
3106 1024662.4272 77640.3430 148.0000 ""
3107 1024653.0719 77612.3513 148.0000 ""
3108 1024670.2950 77584.1886 148.0000 ""
3109 1024675.7533 77550.8233 148.0000 ""
3110 1024695.3971 77520.6310 148.0000 ""
3111 1024706.7503 77488.4673 148.0000 ""
3112 1024711.3225 77458.9470 148.0000 ""
3113 1024699.4573 77415.1834 148.0000 ""
3114 1024687.1415 77404.5760 148.0000 ""
3115 1024683.4206 77384.4395 148.0000 ""
3116 1024686.8523 77359.2628 148.0000 ""
3117 1024672.1969 77319.7808 148.0000 ""
3118 1024670.8039 77313.3679 148.0000 ""
3119 1024663.7993 77302.1568 148.0000 ""
3120 1024656.8098 77289.2958 148.0000 ""
3121 1024654.0374 77252.9673 148.0000 ""
3122 1024649.1193 77243.4748 148.0000 ""
3123 1024674.5420 77237.9378 148.0000 ""
3124 1024687.2435 77222.4926 148.0000 ""
3125 1024680.9881 77200.4376 148.0000 ""
3126 1024652.9949 77197.0026 148.0000 ""
3127 1024637.1000 77211.4706 148.0000 ""
3128 1024620.9327 77211.8850 148.0000 ""
3129 1024604.6461 77181.4965 148.0000 ""
3130 1024590.3560 77151.7259 148.0000 ""
3131 1024572.7019 77139.7283 148.0000 ""
3132 1024530.3897 77110.3258 148.0000 ""
3133 1024517.5115 77079.6202 148.0000 ""
3134 1024515.9964 77070.2084 148.0000 ""
3135 1024669.7679 77218.0954 150.0000 ""
3136 1024667.3614 77218.5753 150.0000 ""
3137 1024660.9112 77212.4705 150.0000 ""
3138 1024675.4151 77213.4423 150.0000 ""
3139 1024673.9462 77215.3802 150.0000 ""
3140 1024669.7679 77218.0954 150.0000 ""
3141 1024710.1458 77562.3901 144.0000 ""
3142 1024715.8215 77553.3677 144.0000 ""
3143 1024724.5802 77542.3886 144.0000 ""
3144 1024734.6393 77531.5207 144.0000 ""
3145 1024735.7901 77520.5265 144.0000 ""
3146 1024742.1408 77493.5712 144.0000 ""
3147 1024746.3726 77457.3951 144.0000 ""
3148 1024748.0263 77451.6574 144.0000 ""
3149 1024741.5753 77434.4471 144.0000 ""
3150 1024729.2038 77413.3357 144.0000 ""
3151 1024718.3059 77378.7840 144.0000 ""
3152 1024719.4654 77372.3422 144.0000 ""
3153 1024720.0910 77358.5441 144.0000 ""
3154 1024717.0686 77338.6140 144.0000 ""
3155 1024716.3275 77321.0039 144.0000 ""
3156 1024713.3705 77310.4268 144.0000 ""
3157 1024720.1063 77307.1830 144.0000 ""
3158 1024726.4593 77307.5367 144.0000 ""
3159 1024735.8320 77300.5143 144.0000 ""
3160 1024753.0188 77303.8601 144.0000 ""
3161 1024761.3713 77298.9795 144.0000 ""
3162 1024767.5846 77303.7329 144.0000 ""
3163 1024777.3417 77315.1179 144.0000 ""
3164 1024738.4359 77548.3693 142.0000 ""
3165 1024750.5046 77542.7608 142.0000 ""
3166 1024758.0077 77532.2710 142.0000 ""
3167 1024760.5722 77525.4404 142.0000 ""
3168 1024758.0031 77510.6629 142.0000 ""
3169 1024760.3760 77491.8263 142.0000 ""
3170 1024760.5814 77452.5646 142.0000 ""
3171 1024756.4379 77434.7737 142.0000 ""
3172 1024739.8517 77403.7234 142.0000 ""
3173 1024735.3044 77397.3831 142.0000 ""
3174 1024733.2383 77365.8073 142.0000 ""
3175 1024737.9767 77339.9911 142.0000 ""
3176 1024740.4714 77329.8098 142.0000 ""
3177 1024743.7457 77327.4870 142.0000 ""
3178 1024749.4381 77334.4867 142.0000 ""
3179 1024757.9895 77340.8106 142.0000 ""
3180 1024760.3900 77341.0309 142.0000 ""
3181 1024764.5462 77351.8688 142.0000 ""
3182 1024046.7281 77921.9866 144.0000 ""
3183 1024055.3387 77926.6635 144.0000 ""
3184 1024092.6141 77942.0956 144.0000 ""
3185 1024134.4441 77952.1166 144.0000 ""
3186 1024165.4844 77960.5426 144.0000 ""
3187 1024172.1797 77961.5019 144.0000 ""
3188 1024220.3817 77980.8838 144.0000 ""
3189 1024269.4231 77974.7129 144.0000 ""
3190 1024283.8653 77971.2884 144.0000 ""
3191 1024289.5008 77967.8865 144.0000 ""
3192 1024316.1263 77967.3205 144.0000 ""
3193 1024325.9582 77986.4160 144.0000 ""
3194 1024339.4959 77988.9365 144.0000 ""
3195 1024362.6157 77967.0793 144.0000 ""
3196 1024373.5254 77956.1199 144.0000 ""
3197 1024398.8512 77939.2842 144.0000 ""
3198 1024435.8589 77925.6023 144.0000 ""
3199 1024449.1651 77920.7666 144.0000 ""
3200 1024489.1800 77906.7603 144.0000 ""
3201 1024508.7896 77891.3241 144.0000 ""
3202 1024511.4609 77883.7937 144.0000 ""
3203 1024523.0807 77871.8893 144.0000 ""
3204 1024543.9344 77884.6783 144.0000 ""
3205 1024569.8483 77902.4647 144.0000 ""
3206 1024605.9877 77896.7781 144.0000 ""
3207 1024639.2987 77872.0055 144.0000 ""
3208 1024650.7498 77862.2500 144.0000 ""
3209 1024680.7772 77835.3470 144.0000 ""
3210 1024686.7986 77817.1894 144.0000 ""
3211 1024685.3479 77811.5737 144.0000 ""
3212 1024702.7758 77777.5569 144.0000 ""
3213 1024707.3223 77756.4353 144.0000 ""
3214 1024704.6701 77739.8038 144.0000 ""
3215 1024708.7815 77716.9780 144.0000 ""
3216 1024711.0540 77687.1834 144.0000 ""
3217 1024703.4818 77650.1011 144.0000 ""
3218 1024687.0142 77622.5475 144.0000 ""
3219 1024689.2615 77606.5603 144.0000 ""
3220 1024701.0365 77583.1022 144.0000 ""
3221 1024709.7499 77562.9967 144.0000 ""
3222 1024056.2728 77971.4357 142.0000 ""
3223 1024077.7857 77971.2249 142.0000 ""
3224 1024115.1833 77979.0569 142.0000 ""
3225 1024158.6840 77970.9368 142.0000 ""
3226 1024198.4675 77986.2431 142.0000 ""
3227 1024217.0591 77993.9101 142.0000 ""
3228 1024239.4125 77995.2077 142.0000 ""
3229 1024268.4085 77987.0595 142.0000 ""
3230 1024288.6643 77982.6358 142.0000 ""
3231 1024299.2269 77982.1286 142.0000 ""
3232 1024313.0623 77990.3043 142.0000 ""
3233 1024318.8010 77997.4583 142.0000 ""
3234 1024336.6233 78002.0176 142.0000 ""
3235 1024379.7624 77974.4338 142.0000 ""
3236 1024421.6223 77944.5868 142.0000 ""
3237 1024463.1145 77933.1453 142.0000 ""
3238 1024515.5724 77921.2993 142.0000 ""
3239 1024525.5546 77918.8355 142.0000 ""
3240 1024545.7139 77920.0129 142.0000 ""
3241 1024560.6573 77922.3953 142.0000 ""
3242 1024582.6473 77920.4870 142.0000 ""
3243 1024615.5293 77909.8191 142.0000 ""
3244 1024629.3677 77901.7357 142.0000 ""
3245 1024643.0629 77887.3972 142.0000 ""
3246 1024673.9314 77867.1054 142.0000 ""
3247 1024698.9821 77831.5536 142.0000 ""
3248 1024725.6964 77794.7156 142.0000 ""
3249 1024733.7893 77785.4809 142.0000 ""
3250 1024730.7277 77753.2368 142.0000 ""
3251 1024723.3326 77724.1577 142.0000 ""
3252 1024723.6762 77708.3527 142.0000 ""
3253 1024728.4222 77687.2835 142.0000 ""
3254 1024732.2793 77670.4088 142.0000 ""
3255 1024730.7251 77659.6404 142.0000 ""
3256 1024713.8331 77634.6336 142.0000 ""
3257 1024705.9272 77623.3106 142.0000 ""
3258 1024709.9100 77592.5822 142.0000 ""
3259 1024719.8654 77565.5570 142.0000 ""
3260 1024737.8142 77548.8156 142.0000 ""
3261 1024725.6292 77578.1092 140.0000 ""
3262 1024726.0343 77577.3745 140.0000 ""
3263 1024731.6413 77569.7995 140.0000 ""
3264 1024751.4075 77556.2935 140.0000 ""
3265 1024764.8069 77543.7567 140.0000 ""
3266 1024773.5563 77537.9990 140.0000 ""
3267 1024783.3216 77521.8940 140.0000 ""
3268 1024784.2451 77518.3478 140.0000 ""
3269 1024780.0280 77512.1253 140.0000 ""
3270 1024772.1466 77507.3347 140.0000 ""
3271 1024768.1342 77492.4621 140.0000 ""
3272 1024768.9869 77489.1641 140.0000 ""
3273 1024722.6149 77606.7981 140.0000 ""
3274 1024720.3373 77599.0562 140.0000 ""
3275 1024725.0770 77579.1107 140.0000 ""
3276 1024735.9412 77818.1921 140.0000 ""
3277 1024739.6484 77815.6897 140.0000 ""
3278 1024751.6312 77798.3782 140.0000 ""
3279 1024759.8621 77780.0983 140.0000 ""
3280 1024757.9707 77762.2699 140.0000 ""
3281 1024750.1056 77746.4649 140.0000 ""
3282 1024740.7220 77709.4839 140.0000 ""
3283 1024744.0459 77698.7413 140.0000 ""
3284 1024746.1840 77685.3911 140.0000 ""
3285 1024749.4575 77674.6492 140.0000 ""
3286 1024749.2518 77651.7318 140.0000 ""
3287 1024746.6886 77645.2147 140.0000 ""
3288 1024735.8374 77634.6038 140.0000 ""
3289 1024727.2298 77622.1185 140.0000 ""
3290 1024080.4965 78030.2720 138.0000 ""
3291 1024087.8826 78031.1500 138.0000 ""
3292 1024110.1197 78034.6369 138.0000 ""
3293 1024119.0757 78036.8039 138.0000 ""
3294 1024139.8141 78029.8945 138.0000 ""
3295 1024146.0127 78024.0374 138.0000 ""
3296 1024157.1801 78013.4949 138.0000 ""
3297 1024162.6735 78007.8211 138.0000 ""
3298 1024181.6349 78008.0764 138.0000 ""
3299 1024193.1388 78016.5607 138.0000 ""
3300 1024216.4317 78025.9286 138.0000 ""
3301 1024226.9080 78027.2813 138.0000 ""
3302 1024240.5169 78027.4079 138.0000 ""
3303 1024260.3578 78022.3291 138.0000 ""
3304 1024279.7372 78019.7417 138.0000 ""
3305 1024299.9947 78022.1800 138.0000 ""
3306 1024345.9364 78026.0860 138.0000 ""
3307 1024365.8974 78018.0577 138.0000 ""
3308 1024412.0924 77982.7353 138.0000 ""
3309 1024420.8996 77972.4379 138.0000 ""
3310 1024482.7707 77956.9108 138.0000 ""
3311 1024533.7285 77955.8843 138.0000 ""
3312 1024572.6463 77949.9647 138.0000 ""
3313 1024584.6621 77947.5515 138.0000 ""
3314 1024631.7766 77933.6729 138.0000 ""
3315 1024650.8742 77925.9761 138.0000 ""
3316 1024660.0564 77918.6913 138.0000 ""
3317 1024679.8767 77908.0097 138.0000 ""
3318 1024727.3928 77852.8618 138.0000 ""
3319 1024738.9703 77833.4763 138.0000 ""
3320 1024428.0354 77953.5085 140.0000 ""
3321 1024477.3567 77942.9689 140.0000 ""
3322 1024540.9116 77946.4992 140.0000 ""
3323 1024566.6754 77936.3101 140.0000 ""
3324 1024609.6017 77925.9838 140.0000 ""
3325 1024660.1234 77905.6829 140.0000 ""
3326 1024666.4460 77900.7812 140.0000 ""
3327 1024688.9023 77876.3529 140.0000 ""
3328 1024703.6701 77861.5472 140.0000 ""
3329 1024715.7099 77837.5691 140.0000 ""
3330 1024735.9412 77818.1921 140.0000 ""
3331 1024010.8222 78153.9753 136.0000 ""
3332 1024014.8926 78155.4050 136.0000 ""
3333 1024045.3732 78164.3729 136.0000 ""
3334 1024080.3582 78177.5689 136.0000 ""
3335 1024116.3547 78175.0776 136.0000 ""
3336 1024128.3960 78169.7604 136.0000 ""
3337 1024166.9357 78159.3724 136.0000 ""
3338 1024216.2665 78141.4858 136.0000 ""
3339 1024244.7907 78118.9473 136.0000 ""
3340 1024254.2311 78109.4144 136.0000 ""
3341 1024267.3785 78091.5126 136.0000 ""
3342 1024265.1876 78086.9558 136.0000 ""
3343 1024215.0329 78087.4042 136.0000 ""
3344 1024191.2362 78086.3829 136.0000 ""
3345 1024180.0410 78083.7120 136.0000 ""
3346 1024178.7369 78079.7269 136.0000 ""
3347 1024196.0475 78071.7340 136.0000 ""
3348 1024215.2426 78066.4891 136.0000 ""
3349 1024252.1874 78045.4549 136.0000 ""
3350 1024296.5976 78034.2597 136.0000 ""
3351 1024329.8783 78030.0042 136.0000 ""
3352 1024363.7911 78034.6721 136.0000 ""
3353 1024402.7156 78010.2344 136.0000 ""
3354 1024411.1400 78003.3305 136.0000 ""
3355 1024439.3422 77975.3333 136.0000 ""
3356 1024480.7304 77966.7201 136.0000 ""
3357 1024506.6968 77966.7439 136.0000 ""
3358 1024529.2736 77964.1841 136.0000 ""
3359 1024600.2254 77953.5303 136.0000 ""
3360 1024618.6553 77946.5677 136.0000 ""
3361 1024650.1866 77935.7171 136.0000 ""
3362 1024656.5471 77931.3166 136.0000 ""
3363 1024682.3986 77923.5822 136.0000 ""
3364 1024709.3616 77917.4259 136.0000 ""
3365 1024724.7670 77913.3934 136.0000 ""
3366 1024735.2132 77909.6419 136.0000 ""
3367 1024761.5163 77885.3569 134.0000 ""
3368 1024762.6318 77881.2400 134.0000 ""
3369 1024776.8686 77864.0859 134.0000 ""
3370 1024784.6283 77857.0646 134.0000 ""
3371 1024794.7104 77847.1511 134.0000 ""
3372 1024799.4669 77831.5545 134.0000 ""
3373 1024807.0561 77795.4488 134.0000 ""
3374 1024816.0918 77776.3225 134.0000 ""
3375 1024804.6059 77738.4275 134.0000 ""
3376 1024795.3852 77723.0175 134.0000 ""
3377 1024799.3349 77700.1175 134.0000 ""
3378 1024802.2303 77693.6267 134.0000 ""
3379 1024804.2644 77657.1098 134.0000 ""
3380 1024723.8118 77933.3817 134.0000 ""
3381 1024725.3343 77933.2218 134.0000 ""
3382 1024742.2380 77923.1207 134.0000 ""
3383 1024761.5163 77885.3569 134.0000 ""
3384 1023998.2762 78160.6014 134.0000 ""
3385 1024004.6927 78158.7216 134.0000 ""
3386 1024034.9062 78167.5211 134.0000 ""
3387 1024061.0657 78182.6126 134.0000 ""
3388 1024078.1573 78187.7767 134.0000 ""
3389 1024122.0838 78184.3740 134.0000 ""
3390 1024168.9109 78170.7308 134.0000 ""
3391 1024195.8992 78161.9681 134.0000 ""
3392 1024255.3901 78125.5074 134.0000 ""
3393 1024269.3596 78112.8801 134.0000 ""
3394 1024281.4285 78100.2074 134.0000 ""
3395 1024291.8530 78087.2451 134.0000 ""
3396 1024278.2982 78070.5547 134.0000 ""
3397 1024270.5413 78070.5687 134.0000 ""
3398 1024258.9126 78067.2368 134.0000 ""
3399 1024263.7980 78063.9008 134.0000 ""
3400 1024303.2567 78054.6383 134.0000 ""
3401 1024333.9268 78050.7202 134.0000 ""
3402 1024349.5020 78054.2970 134.0000 ""
3403 1024399.2410 78041.9290 134.0000 ""
3404 1024431.4526 78015.7289 134.0000 ""
3405 1024452.8451 77998.1773 134.0000 ""
3406 1024475.6265 77989.3167 134.0000 ""
3407 1024493.0864 77987.3343 134.0000 ""
3408 1024527.3030 77983.4527 134.0000 ""
3409 1024559.2697 77983.5705 134.0000 ""
3410 1024559.2697 77983.5705 134.0000 ""
3411 1024584.8844 77977.4308 134.0000 ""
3412 1024618.7726 77966.3861 134.0000 ""
3413 1024670.1316 77944.5533 134.0000 ""
3414 1024723.7457 77933.3887 134.0000 ""
3415 1024712.1667 77948.2300 132.0000 ""
3416 1024714.2736 77947.8167 132.0000 ""
3417 1024735.3318 77939.6669 132.0000 ""
3418 1024743.7709 77936.1672 132.0000 ""
3419 1023991.2305 78169.6196 132.0000 ""
3420 1024000.2279 78169.0036 132.0000 ""
3421 1024025.0187 78174.7921 132.0000 ""
3422 1024051.3651 78188.3865 132.0000 ""
3423 1024122.7976 78192.0488 132.0000 ""
3424 1024178.1836 78178.3602 132.0000 ""
3425 1024217.5842 78163.3885 132.0000 ""
3426 1024272.9741 78126.7798 132.0000 ""
3427 1024300.3039 78103.9131 132.0000 ""
3428 1024321.4013 78088.3043 132.0000 ""
3429 1024343.7949 78079.0326 132.0000 ""
3430 1024368.7021 78077.4783 132.0000 ""
3431 1024413.4311 78065.3399 132.0000 ""
3432 1024433.4885 78049.2068 132.0000 ""
3433 1024461.1743 78028.0028 132.0000 ""
3434 1024485.4654 78014.6744 132.0000 ""
3435 1024512.5049 78009.6692 132.0000 ""
3436 1024606.7270 77996.7208 132.0000 ""
3437 1024652.3126 77981.9039 132.0000 ""
3438 1024682.9465 77960.6235 132.0000 ""
3439 1024703.3663 77949.9562 132.0000 ""
3440 1024711.0652 77948.4461 132.0000 ""
3441 1024704.7710 77962.9134 130.0000 ""
3442 1024699.5572 77964.6257 130.0000 ""
3443 1024679.3654 77986.4572 130.0000 ""
3444 1024653.5761 78003.9513 130.0000 ""
3445 1024605.4125 78011.6511 130.0000 ""
3446 1024582.8883 78013.6207 130.0000 ""
3447 1024567.2243 78016.0548 130.0000 ""
3448 1024507.7987 78028.2718 130.0000 ""
3449 1024487.8889 78034.2991 130.0000 ""
3450 1024457.3657 78059.0380 130.0000 ""
3451 1024433.4144 78080.9827 130.0000 ""
3452 1024410.9408 78095.6568 130.0000 ""
3453 1024389.1374 78095.1338 130.0000 ""
3454 1024321.9003 78108.8851 130.0000 ""
3455 1024258.1496 78153.9504 130.0000 ""
3456 1024186.5816 78184.9175 130.0000 ""
3457 1024162.2599 78191.0417 130.0000 ""
3458 1024121.9644 78201.5885 130.0000 ""
3459 1024082.2580 78204.3417 130.0000 ""
3460 1024025.1761 78184.7563 130.0000 ""
3461 1024006.2241 78177.2126 130.0000 ""
3462 1023983.7435 78178.3158 130.0000 ""
3463 1023975.7542 78187.4439 128.0000 ""
3464 1023981.7810 78185.5906 128.0000 ""
3465 1023999.3295 78187.5911 128.0000 ""
3466 1024032.9433 78198.7567 128.0000 ""
3467 1024096.2431 78211.6836 128.0000 ""
3468 1024155.0476 78199.4776 128.0000 ""
3469 1024177.1895 78196.5543 128.0000 ""
3470 1024193.9634 78190.0491 128.0000 ""
3471 1024215.0957 78185.4001 128.0000 ""
3472 1024255.9808 78166.9608 128.0000 ""
3473 1024325.3195 78126.6834 128.0000 ""
3474 1024358.4785 78110.9634 128.0000 ""
3475 1024388.8777 78105.7871 128.0000 ""
3476 1024462.7859 78080.9367 128.0000 ""
3477 1024497.5350 78059.3516 128.0000 ""
3478 1024510.8101 78052.5143 128.0000 ""
3479 1024533.2367 78045.8467 128.0000 ""
3480 1024568.4253 78041.0370 128.0000 ""
3481 1024609.2833 78029.3580 128.0000 ""
3482 1024645.4915 78021.6209 128.0000 ""
3483 1024668.5093 78011.1154 128.0000 ""
3484 1024696.2651 77992.9680 128.0000 ""
3485 1024720.1367 77976.1287 128.0000 ""
3486 1024722.7974 77975.2388 128.0000 ""
3487 1023968.1160 78196.5497 126.0000 ""
3488 1023982.0799 78193.5653 126.0000 ""
3489 1024005.9047 78197.1084 126.0000 ""
3490 1024040.0173 78208.3358 126.0000 ""
3491 1024083.0962 78215.1228 126.0000 ""
3492 1024102.1578 78213.3768 126.0000 ""
3493 1024155.9247 78204.5536 126.0000 ""
3494 1024219.2215 78190.6539 126.0000 ""
3495 1024262.3204 78173.7690 126.0000 ""
3496 1024289.5835 78161.8602 126.0000 ""
3497 1024332.1674 78135.2052 126.0000 ""
3498 1024392.2539 78113.0244 126.0000 ""
3499 1024415.4037 78111.6778 126.0000 ""
3500 1024434.9416 78106.5915 126.0000 ""
3501 1024493.2617 78078.6654 126.0000 ""
3502 1024512.8519 78069.3273 126.0000 ""
3503 1024540.2835 78060.5279 126.0000 ""
3504 1024563.2388 78056.7754 126.0000 ""
3505 1024601.6752 78047.9903 126.0000 ""
3506 1024660.0272 78026.6237 126.0000 ""
3507 1024678.4525 78019.8107 126.0000 ""
3508 1024693.6985 78010.0193 126.0000 ""
3509 1024725.4337 77990.7168 126.0000 ""
3510 1024737.9312 77983.2102 126.0000 ""
3511 1023960.9557 78205.4167 124.0000 ""
3512 1023980.2248 78201.2987 124.0000 ""
3513 1024020.4179 78211.5706 124.0000 ""
3514 1024058.1988 78220.1327 124.0000 ""
3515 1024147.3912 78213.8087 124.0000 ""
3516 1024168.4305 78210.9589 124.0000 ""
3517 1024201.3073 78202.8873 124.0000 ""
3518 1024208.6621 78200.9112 124.0000 ""
3519 1024238.8322 78192.9752 124.0000 ""
3520 1024269.4199 78182.2468 124.0000 ""
3521 1024322.5741 78159.2475 124.0000 ""
3522 1024333.7447 78152.6088 124.0000 ""
3523 1024376.5014 78127.0095 124.0000 ""
3524 1024399.1636 78123.0989 124.0000 ""
3525 1024433.9769 78115.3761 124.0000 ""
3526 1024502.4307 78090.4452 124.0000 ""
3527 1024531.1638 78079.5749 124.0000 ""
3528 1024556.6499 78072.5802 124.0000 ""
3529 1024657.9336 78040.6843 124.0000 ""
3530 1024687.5652 78029.7370 124.0000 ""
3531 1024712.5283 78017.3768 124.0000 ""
3532 1024752.8555 77991.0762 124.0000 ""
3533 1023953.2989 78214.1604 122.0000 ""
3534 1023960.2380 78211.3099 122.0000 ""
3535 1024025.5692 78217.9004 122.0000 ""
3536 1024092.1903 78223.9492 122.0000 ""
3537 1024145.0074 78219.2071 122.0000 ""
3538 1024158.2598 78217.5723 122.0000 ""
3539 1024197.2561 78210.9983 122.0000 ""
3540 1024220.4244 78204.9464 122.0000 ""
3541 1024316.2338 78177.1122 122.0000 ""
3542 1024355.0721 78150.1171 122.0000 ""
3543 1024421.6803 78125.1400 122.0000 ""
3544 1024447.2578 78120.6488 122.0000 ""
3545 1024471.9676 78112.7340 122.0000 ""
3546 1024485.9017 78109.6652 122.0000 ""
3547 1024548.9962 78088.9601 122.0000 ""
3548 1024571.0477 78085.3358 122.0000 ""
3549 1024621.4322 78072.7838 122.0000 ""
3550 1024648.6039 78058.1240 122.0000 ""
3551 1024680.5660 78041.8783 122.0000 ""
3552 1024714.0892 78029.2732 122.0000 ""
3553 1024758.8780 78003.8797 122.0000 ""
3554 1024764.9296 77998.8456 122.0000 ""
3555 1024839.7106 77984.5375 120.0000 ""
3556 1024854.5735 77986.6583 120.0000 ""
3557 1024877.3375 77976.1011 120.0000 ""
3558 1024895.7634 77970.1310 120.0000 ""
3559 1024904.0933 77959.8546 120.0000 ""
3560 1024921.1529 77947.6181 120.0000 ""
3561 1024937.9236 77933.2777 120.0000 ""
3562 1024950.8139 77922.5744 120.0000 ""
3563 1024956.4922 77919.7480 120.0000 ""
3564 1024957.0880 77920.6523 120.0000 ""
3565 1024962.8841 77914.8721 120.0000 ""
3566 1024978.3577 77916.0998 120.0000 ""
3567 1024986.4822 77914.6876 120.0000 ""
3568 1024982.6601 77866.4517 120.0000 ""
3569 1024996.2116 77853.6019 120.0000 ""
3570 1025003.8646 77847.0313 120.0000 ""
3571 1025005.7101 77839.8816 120.0000 ""
3572 1025005.4076 77831.7203 120.0000 ""
3573 1025026.2586 77812.4010 120.0000 ""
3574 1025047.1796 77815.2074 120.0000 ""
3575 1025076.7157 77809.3468 120.0000 ""
3576 1025083.5006 77787.9578 120.0000 ""
3577 1025082.0943 77779.9428 120.0000 ""
3578 1025082.8192 77749.7681 120.0000 ""
3579 1025084.9509 77736.1668 120.0000 ""
3580 1025078.3990 77708.6123 120.0000 ""
3581 1025074.3349 77701.2866 120.0000 ""
3582 1025067.1831 77690.9937 120.0000 ""
3583 1025047.1079 77664.1260 120.0000 ""
3584 1025034.5676 77659.1604 120.0000 ""
3585 1025023.5737 77646.6982 120.0000 ""
3586 1024994.6107 77599.0800 120.0000 ""
3587 1024992.0160 77595.2217 120.0000 ""
3588 1024758.1097 78018.3959 120.0000 ""
3589 1024761.8399 78014.9576 120.0000 ""
3590 1024777.9862 78005.4686 120.0000 ""
3591 1024785.2995 78006.0052 120.0000 ""
3592 1024791.2058 77999.1214 120.0000 ""
3593 1024793.7097 77991.3697 120.0000 ""
3594 1024823.2689 77984.3515 120.0000 ""
3595 1024823.8457 77984.3389 120.0000 ""
3596 1024758.1097 78018.3959 120.0000 ""
3597 1024732.6796 78032.0715 120.0000 ""
3598 1024705.1673 78046.4220 120.0000 ""
3599 1024689.3726 78049.9957 120.0000 ""
3600 1024674.3715 78053.8388 120.0000 ""
3601 1024656.5535 78064.4696 120.0000 ""
3602 1024621.6336 78087.0999 120.0000 ""
3603 1024577.6272 78096.6026 120.0000 ""
3604 1024560.7941 78099.6016 120.0000 ""
3605 1024542.8876 78101.4740 120.0000 ""
3606 1024511.3827 78109.0753 120.0000 ""
3607 1024495.5451 78114.3002 120.0000 ""
3608 1024438.5215 78128.0459 120.0000 ""
3609 1024399.6272 78136.9222 120.0000 ""
3610 1024343.3517 78169.0538 120.0000 ""
3611 1024302.7430 78192.7038 120.0000 ""
3612 1024248.9730 78208.0822 120.0000 ""
3613 1024226.6775 78211.2020 120.0000 ""
3614 1024067.5542 78228.5150 120.0000 ""
3615 1024025.3178 78224.1009 120.0000 ""
3616 1023965.1024 78217.9550 120.0000 ""
3617 1023947.1339 78222.9772 120.0000 ""
3618 1023930.5563 78241.4478 116.0000 ""
3619 1023943.6673 78236.1844 116.0000 ""
3620 1023957.2642 78229.4300 116.0000 ""
3621 1024039.4745 78232.6481 116.0000 ""
3622 1024110.4039 78240.5514 116.0000 ""
3623 1024152.9837 78245.1235 116.0000 ""
3624 1024177.5204 78242.5073 116.0000 ""
3625 1024240.5367 78235.9570 116.0000 ""
3626 1024274.6277 78233.4195 116.0000 ""
3627 1024301.8699 78226.4643 116.0000 ""
3628 1024362.8947 78190.4908 116.0000 ""
3629 1024397.0612 78158.0294 116.0000 ""
3630 1024470.2835 78138.7158 116.0000 ""
3631 1024491.2511 78132.4127 116.0000 ""
3632 1024532.0899 78121.6319 116.0000 ""
3633 1024559.0321 78118.5248 116.0000 ""
3634 1024585.1700 78117.6003 116.0000 ""
3635 1024601.0601 78116.3300 116.0000 ""
3636 1024642.5035 78103.1628 116.0000 ""
3637 1024679.0897 78079.8719 116.0000 ""
3638 1024704.5711 78054.4637 116.0000 ""
3639 1024723.3225 78048.6092 116.0000 ""
3640 1024757.9432 78040.1837 116.0000 ""
3641 1024768.3074 78030.4686 116.0000 ""
3642 1023937.5128 78232.6517 118.0000 ""
3643 1023945.3958 78229.0405 118.0000 ""
3644 1023974.6147 78224.0389 118.0000 ""
3645 1023989.9298 78224.1050 118.0000 ""
3646 1024029.9762 78228.0663 118.0000 ""
3647 1024062.2507 78232.5424 118.0000 ""
3648 1024098.7821 78232.7657 118.0000 ""
3649 1024163.8546 78236.4747 118.0000 ""
3650 1024207.1606 78229.6532 118.0000 ""
3651 1024247.8521 78223.2698 118.0000 ""
3652 1024318.7431 78203.4965 118.0000 ""
3653 1024333.0132 78196.9819 118.0000 ""
3654 1024353.3306 78178.4511 118.0000 ""
3655 1024360.9978 78171.8286 118.0000 ""
3656 1024390.5015 78150.0153 118.0000 ""
3657 1024415.9553 78140.3662 118.0000 ""
3658 1024441.2573 78134.8674 118.0000 ""
3659 1024474.0435 78130.1986 118.0000 ""
3660 1024573.9261 78108.8739 118.0000 ""
3661 1024640.5621 78094.5595 118.0000 ""
3662 1024702.7737 78052.2690 118.0000 ""
3663 1024718.7450 78045.5471 118.0000 ""
3664 1024743.6453 78035.7373 118.0000 ""
3665 1024748.8969 78033.7119 118.0000 ""
3666 1023888.4714 78253.2668 114.0000 ""
3667 1023924.5492 78249.6571 114.0000 ""
3668 1023963.4532 78237.3273 114.0000 ""
3669 1023988.3614 78234.0077 114.0000 ""
3670 1024068.5427 78241.8327 114.0000 ""
3671 1024166.2785 78255.5848 114.0000 ""
3672 1024231.7527 78255.5848 114.0000 ""
3673 1024264.2515 78250.1314 114.0000 ""
3674 1024325.9298 78239.2239 114.0000 ""
3675 1024348.2287 78230.9252 114.0000 ""
3676 1024372.4256 78203.1825 114.0000 ""
3677 1024379.3049 78182.5541 114.0000 ""
3678 1024402.5523 78164.2958 114.0000 ""
3679 1024421.5306 78157.1830 114.0000 ""
3680 1024483.2089 78149.8323 114.0000 ""
3681 1024529.4676 78137.7389 114.0000 ""
3682 1024590.4334 78136.3167 114.0000 ""
3683 1024633.6075 78124.6977 114.0000 ""
3684 1024661.6014 78112.6050 114.0000 ""
3685 1024679.6302 78098.8523 114.0000 ""
3686 1024714.5012 78067.3163 114.0000 ""
3687 1024755.5414 78052.1413 114.0000 ""
3688 1023880.0145 78265.4471 112.0000 ""
3689 1023883.3395 78269.3754 112.0000 ""
3690 1023909.1829 78265.4203 112.0000 ""
3691 1023921.9084 78260.8693 112.0000 ""
3692 1023971.2362 78243.5290 112.0000 ""
3693 1024022.0798 78239.8900 112.0000 ""
3694 1024051.5813 78245.2005 112.0000 ""
3695 1024066.9821 78247.8712 112.0000 ""
3696 1024147.7392 78267.2702 112.0000 ""
3697 1024201.5860 78275.6146 112.0000 ""
3698 1024238.8340 78272.9517 112.0000 ""
3699 1024272.8568 78265.0069 112.0000 ""
3700 1024312.5275 78261.4014 112.0000 ""
3701 1024360.7289 78248.5414 112.0000 ""
3702 1024373.7933 78236.0424 112.0000 ""
3703 1024379.2967 78227.8667 112.0000 ""
3704 1024384.2816 78216.5417 112.0000 ""
3705 1024387.7101 78202.9456 112.0000 ""
3706 1024396.3015 78178.9298 112.0000 ""
3707 1024406.0834 78169.7057 112.0000 ""
3708 1024462.2403 78162.8439 112.0000 ""
3709 1024512.4503 78157.6415 112.0000 ""
3710 1024545.9114 78151.8879 112.0000 ""
3711 1024568.7631 78152.3855 112.0000 ""
3712 1024616.4990 78147.9250 112.0000 ""
3713 1024632.9362 78142.6645 112.0000 ""
3714 1024668.7387 78131.0130 112.0000 ""
3715 1024683.0216 78123.7997 112.0000 ""
3716 1024704.3667 78093.6383 112.0000 ""
3717 1024712.9986 78084.2883 112.0000 ""
3718 1024733.2813 78075.1178 112.0000 ""
3719 1024744.7674 78067.6878 112.0000 ""
3720 1024758.1681 78065.0668 110.0000 ""
3721 1024764.1584 78062.2489 110.0000 ""
3722 1024774.1506 78060.6874 110.0000 ""
3723 1024777.4805 78055.4135 110.0000 ""
3724 1024785.3205 78051.8490 110.0000 ""
3725 1024804.5065 78044.0711 110.0000 ""
3726 1024814.9306 78044.0718 110.0000 ""
3727 1024825.7293 78040.2168 110.0000 ""
3728 1024870.1212 78033.5699 110.0000 ""
3729 1024896.9296 78025.6354 110.0000 ""
3730 1024939.3457 77988.5252 110.0000 ""
3731 1024954.7148 77982.4398 110.0000 ""
3732 1024960.4403 77982.1795 110.0000 ""
3733 1024758.1681 78065.0668 110.0000 ""
3734 1024757.9850 78065.1529 110.0000 ""
3735 1024753.7064 78072.4056 110.0000 ""
3736 1024731.6609 78088.2387 110.0000 ""
3737 1024708.5115 78102.1441 110.0000 ""
3738 1024699.4175 78120.1898 110.0000 ""
3739 1024668.1768 78149.9642 110.0000 ""
3740 1024655.5923 78153.1653 110.0000 ""
3741 1024625.3562 78158.0951 110.0000 ""
3742 1024594.4705 78167.0628 110.0000 ""
3743 1024572.1815 78166.0785 110.0000 ""
3744 1024516.5616 78169.6000 110.0000 ""
3745 1024487.9598 78175.0700 110.0000 ""
3746 1024456.0909 78170.8536 110.0000 ""
3747 1024415.8251 78172.3913 110.0000 ""
3748 1024405.7847 78188.1148 110.0000 ""
3749 1024406.5887 78208.5021 110.0000 ""
3750 1024400.7977 78224.3776 110.0000 ""
3751 1024382.6390 78259.0745 110.0000 ""
3752 1024367.0705 78267.5601 110.0000 ""
3753 1024311.3383 78281.4415 110.0000 ""
3754 1024274.8160 78281.1189 110.0000 ""
3755 1024253.1760 78286.1068 110.0000 ""
3756 1024228.1431 78290.6634 110.0000 ""
3757 1024179.9301 78289.4109 110.0000 ""
3758 1024145.8483 78279.1368 110.0000 ""
3759 1024110.1991 78261.2674 110.0000 ""
3760 1024090.1311 78257.0837 110.0000 ""
3761 1024063.1768 78254.0867 110.0000 ""
3762 1024053.4688 78251.9526 110.0000 ""
3763 1024035.9486 78247.9298 110.0000 ""
3764 1024003.7856 78249.1126 110.0000 ""
3765 1023936.7800 78264.7787 110.0000 ""
3766 1023906.9401 78277.3298 110.0000 ""
3767 1023883.5069 78279.6228 110.0000 ""
3768 1023874.6963 78275.8061 110.0000 ""
3769 1024398.4756 78273.5933 108.0000 ""
3770 1024433.3792 78236.3672 108.0000 ""
3771 1024441.9276 78216.1540 108.0000 ""
3772 1024455.2253 78206.3635 108.0000 ""
3773 1024470.8416 78210.2404 108.0000 ""
3774 1024509.1384 78209.3556 108.0000 ""
3775 1024561.9294 78202.8631 108.0000 ""
3776 1024571.0514 78204.2324 108.0000 ""
3777 1024593.7952 78194.7689 108.0000 ""
3778 1024626.9235 78184.1032 108.0000 ""
3779 1024639.2351 78181.8461 108.0000 ""
3780 1024649.5905 78173.6375 108.0000 ""
3781 1024682.1501 78155.4530 108.0000 ""
3782 1024704.4320 78146.3797 108.0000 ""
3783 1024727.5924 78123.8176 108.0000 ""
3784 1024753.1679 78106.8179 108.0000 ""
3785 1025179.1001 78046.1693 106.0000 ""
3786 1025186.4217 78040.6008 106.0000 ""
3787 1025186.4217 78040.6008 106.0000 ""
3788 1025180.3664 78021.4490 106.0000 ""
3789 1025181.0692 78011.7094 106.0000 ""
3790 1025192.0322 78011.3894 106.0000 ""
3791 1025202.7265 78009.5648 106.0000 ""
3792 1025212.1932 78004.2195 106.0000 ""
3793 1025221.7885 78004.7271 106.0000 ""
3794 1025228.4309 78002.8859 106.0000 ""
3795 1025239.2701 77996.5130 106.0000 ""
3796 1025275.4835 77982.5552 106.0000 ""
3797 1025290.1830 77983.0465 106.0000 ""
3798 1025292.4703 77983.7341 106.0000 ""
3799 1025295.8202 77979.0383 106.0000 ""
3800 1025303.6227 77976.7659 106.0000 ""
3801 1025315.9603 77975.3680 106.0000 ""
3802 1025323.5899 77971.7926 106.0000 ""
3803 1025330.9604 77973.4638 106.0000 ""
3804 1025348.0907 77972.5946 106.0000 ""
3805 1025356.9868 77970.6901 106.0000 ""
3806 1025364.4346 77973.4629 106.0000 ""
3807 1025372.8814 77988.3545 106.0000 ""
3808 1025377.3762 77993.5793 106.0000 ""
3809 1025388.0503 77992.8044 106.0000 ""
3810 1025403.4357 77984.4550 106.0000 ""
3811 1025364.4010 77943.8063 106.0000 ""
3812 1025340.1110 77935.2566 106.0000 ""
3813 1025329.4607 77922.8798 106.0000 ""
3814 1025327.4565 77915.7957 106.0000 ""
3815 1025332.0617 77901.2684 106.0000 ""
3816 1025334.1369 77888.0999 106.0000 ""
3817 1025330.5079 77874.9381 106.0000 ""
3818 1025314.7409 77853.5765 106.0000 ""
3819 1025308.6272 77849.2258 106.0000 ""
3820 1025279.6668 77856.0034 106.0000 ""
3821 1025272.7962 77861.5919 106.0000 ""
3822 1025270.0290 77869.5479 106.0000 ""
3823 1025257.8187 77886.5007 106.0000 ""
3824 1025236.1635 77910.1496 106.0000 ""
3825 1025203.0263 77927.8092 106.0000 ""
3826 1025189.1252 77934.6822 106.0000 ""
3827 1025180.5490 77952.5438 106.0000 ""
3828 1025171.4704 77965.6964 106.0000 ""
3829 1025164.9706 77979.9414 106.0000 ""
3830 1025153.7860 77981.3080 106.0000 ""
3831 1025139.7966 77978.0281 106.0000 ""
3832 1025138.1191 77974.5002 106.0000 ""
3833 1025147.9665 77967.6611 106.0000 ""
3834 1025128.9929 77963.4994 106.0000 ""
3835 1025085.8952 77988.7944 106.0000 ""
3836 1025067.2433 78005.2894 106.0000 ""
3837 1025007.1734 78024.2036 106.0000 ""
3838 1024986.9875 78018.3218 106.0000 ""
3839 1024967.4677 78014.1009 106.0000 ""
3840 1024946.8569 78021.4625 106.0000 ""
3841 1024935.3528 78026.2735 106.0000 ""
3842 1024912.1325 78041.2919 106.0000 ""
3843 1024883.4616 78049.0704 106.0000 ""
3844 1024872.8914 78052.2965 106.0000 ""
3845 1024852.9585 78063.2184 106.0000 ""
3846 1024839.1511 78063.3912 106.0000 ""
3847 1024816.9593 78062.7261 106.0000 ""
3848 1024807.4916 78063.4703 106.0000 ""
3849 1024804.7987 78082.3251 106.0000 ""
3850 1024805.5688 78093.3873 106.0000 ""
3851 1024809.4635 78103.3010 106.0000 ""
3852 1024806.0349 78109.4442 106.0000 ""
3853 1024791.9751 78121.5586 106.0000 ""
3854 1024403.3187 78292.2816 106.0000 ""
3855 1024449.1886 78267.2218 106.0000 ""
3856 1024467.0867 78247.2823 106.0000 ""
3857 1024479.9451 78241.1345 106.0000 ""
3858 1024503.5249 78240.5476 106.0000 ""
3859 1024521.7124 78225.1196 106.0000 ""
3860 1024546.3439 78228.5614 106.0000 ""
3861 1024559.2613 78232.2733 106.0000 ""
3862 1024583.2761 78224.0409 106.0000 ""
3863 1024592.2283 78215.9485 106.0000 ""
3864 1024604.3794 78214.1376 106.0000 ""
3865 1024616.7120 78217.1850 106.0000 ""
3866 1024627.8286 78212.6473 106.0000 ""
3867 1024641.8644 78203.2758 106.0000 ""
3868 1024651.6235 78190.7995 106.0000 ""
3869 1024654.4501 78185.6632 106.0000 ""
3870 1024688.2801 78166.6583 106.0000 ""
3871 1024734.2698 78145.3936 106.0000 ""
3872 1024752.0673 78139.6657 106.0000 ""
3873 1024763.5349 78128.8825 106.0000 ""
3874 1024776.9351 78129.1037 106.0000 ""
3875 1024791.9751 78121.5586 106.0000 ""
3876 1024890.5452 78862.5430 106.0000 ""
3877 1024897.4930 78862.7598 106.0000 ""
3878 1024912.4064 78859.9605 106.0000 ""
3879 1024916.9468 78853.2866 106.0000 ""
3880 1024928.6163 78838.1321 106.0000 ""
3881 1024944.1229 78838.0926 106.0000 ""
3882 1024953.1090 78817.2925 106.0000 ""
3883 1024955.6903 78815.8358 106.0000 ""
3884 1024961.2640 78802.7787 106.0000 ""
3885 1024968.1678 78783.4935 106.0000 ""
3886 1024971.2275 78759.0434 106.0000 ""
3887 1024967.0629 78735.6223 106.0000 ""
3888 1024956.1158 78716.0379 106.0000 ""
3889 1024953.7674 78703.8980 106.0000 ""
3890 1024957.2093 78677.9044 106.0000 ""
3891 1024955.8319 78671.9811 106.0000 ""
3892 1024959.2277 78667.4377 106.0000 ""
3893 1024967.3610 78653.9730 106.0000 ""
3894 1024956.5029 78618.0899 106.0000 ""
3895 1024950.5407 78604.1397 106.0000 ""
3896 1024954.3101 78588.8520 106.0000 ""
3897 1024957.9872 78585.2132 106.0000 ""
3898 1024973.2199 78576.7170 106.0000 ""
3899 1024971.9756 78564.3956 106.0000 ""
3900 1024965.9945 78548.9452 106.0000 ""
3901 1024941.6212 78532.7883 106.0000 ""
3902 1024932.6819 78517.6889 106.0000 ""
3903 1024928.0480 78502.4113 106.0000 ""
3904 1024927.8394 78495.6076 106.0000 ""
3905 1024927.0383 78495.6443 106.0000 ""
3906 1024919.8451 78483.1743 106.0000 ""
3907 1024912.9723 78457.7094 106.0000 ""
3908 1024908.2517 78432.1805 106.0000 ""
3909 1024913.1835 78361.0114 106.0000 ""
3910 1024926.8910 78339.2383 106.0000 ""
3911 1024931.7648 78333.3690 106.0000 ""
3912 1024938.0660 78304.5728 106.0000 ""
3913 1024933.8072 78295.3020 106.0000 ""
3914 1024912.6745 78284.5020 106.0000 ""
3915 1024907.1938 78269.0612 106.0000 ""
3916 1024915.1440 78247.5425 106.0000 ""
3917 1024920.6992 78218.5340 106.0000 ""
3918 1024938.2567 78192.0236 106.0000 ""
3919 1024947.1535 78185.1203 106.0000 ""
3920 1024957.8942 78178.5474 106.0000 ""
3921 1024993.2205 78168.3300 106.0000 ""
3922 1025017.0960 78189.2250 106.0000 ""
3923 1025027.8431 78196.8028 106.0000 ""
3924 1025049.5221 78186.2600 106.0000 ""
3925 1025055.8332 78183.4640 106.0000 ""
3926 1025052.8363 78166.4133 106.0000 ""
3927 1025049.0918 78158.8511 106.0000 ""
3928 1025041.8301 78144.8304 106.0000 ""
3929 1025043.4164 78135.9060 106.0000 ""
3930 1025058.4134 78121.9522 106.0000 ""
3931 1025072.5377 78111.4841 106.0000 ""
3932 1025084.2620 78103.3766 106.0000 ""
3933 1025088.3542 78101.4438 106.0000 ""
3934 1025129.0501 78090.6128 106.0000 ""
3935 1025160.5990 78060.2286 106.0000 ""
3936 1025178.8435 78046.4037 106.0000 ""
3937 1024906.1781 78152.2611 104.0000 ""
3938 1024917.9809 78142.4385 104.0000 ""
3939 1024935.9025 78134.4838 104.0000 ""
3940 1024954.0015 78125.2320 104.0000 ""
3941 1024965.3893 78123.6196 104.0000 ""
3942 1024974.0864 78119.1127 104.0000 ""
3943 1024982.0307 78124.3438 104.0000 ""
3944 1024976.0128 78127.4947 104.0000 ""
3945 1024974.7747 78141.3248 104.0000 ""
3946 1024976.2478 78142.4462 104.0000 ""
3947 1024979.6971 78147.5561 104.0000 ""
3948 1024984.0499 78159.5284 104.0000 ""
3949 1024969.0054 78161.3803 104.0000 ""
3950 1024944.0759 78171.9693 104.0000 ""
3951 1024919.3966 78204.2124 104.0000 ""
3952 1024913.8991 78213.6216 104.0000 ""
3953 1024904.6434 78228.1688 104.0000 ""
3954 1024882.5058 78268.1028 104.0000 ""
3955 1024878.2024 78285.0315 104.0000 ""
3956 1024886.0019 78309.2105 104.0000 ""
3957 1024891.5959 78321.6032 104.0000 ""
3958 1024892.0506 78335.8108 104.0000 ""
3959 1024906.0137 78330.5922 104.0000 ""
3960 1024915.5282 78330.0499 104.0000 ""
3961 1024914.0023 78333.6746 104.0000 ""
3962 1024901.9834 78356.0256 104.0000 ""
3963 1024896.2973 78393.7316 104.0000 ""
3964 1024898.9134 78438.6754 104.0000 ""
3965 1024898.4348 78452.0676 104.0000 ""
3966 1024902.3379 78543.3338 104.0000 ""
3967 1024903.0906 78560.0467 104.0000 ""
3968 1024903.4905 78586.5038 104.0000 ""
3969 1024916.3391 78606.0187 104.0000 ""
3970 1024925.1463 78603.4157 104.0000 ""
3971 1024925.5135 78617.0223 104.0000 ""
3972 1024933.0545 78624.7985 104.0000 ""
3973 1024933.9086 78651.0637 104.0000 ""
3974 1024929.6372 78666.4428 104.0000 ""
3975 1024931.0257 78693.4669 104.0000 ""
3976 1024933.4569 78720.8587 104.0000 ""
3977 1024935.8528 78749.9500 104.0000 ""
3978 1024937.6297 78772.7307 104.0000 ""
3979 1024932.5518 78781.1959 104.0000 ""
3980 1024913.6765 78808.5301 104.0000 ""
3981 1024901.1633 78818.5703 104.0000 ""
3982 1024884.9247 78841.7980 104.0000 ""
3983 1024871.5908 78845.6240 104.0000 ""
3984 1024862.6507 78849.8238 104.0000 ""
3985 1024861.8248 78853.4600 104.0000 ""
3986 1024805.8812 78669.5328 104.0000 ""
3987 1024814.9466 78640.2250 104.0000 ""
3988 1024818.7269 78621.9885 104.0000 ""
3989 1024824.4459 78613.9342 104.0000 ""
3990 1024827.9128 78596.3424 104.0000 ""
3991 1024816.9607 78601.1094 104.0000 ""
3992 1024813.5089 78601.1518 104.0000 ""
3993 1024800.8091 78600.9898 104.0000 ""
3994 1024788.5938 78601.5858 104.0000 ""
3995 1024783.3804 78587.7492 104.0000 ""
3996 1024776.4673 78576.2843 104.0000 ""
3997 1024778.2033 78569.7635 104.0000 ""
3998 1024791.1594 78547.9804 104.0000 ""
3999 1024792.0029 78543.4946 104.0000 ""
4000 1024797.3334 78537.2836 104.0000 ""
4001 1024801.0140 78528.6452 104.0000 ""
4002 1024804.2426 78522.4992 104.0000 ""
4003 1024807.0150 78514.2456 104.0000 ""
4004 1024806.0062 78497.8293 104.0000 ""
4005 1024815.6071 78490.6893 104.0000 ""
4006 1024824.9361 78477.3949 104.0000 ""
4007 1024818.8801 78470.3943 104.0000 ""
4008 1024826.8210 78466.1265 104.0000 ""
4009 1024837.8566 78466.9601 104.0000 ""
4010 1024836.7741 78487.7417 104.0000 ""
4011 1024844.6319 78487.4725 104.0000 ""
4012 1024858.1641 78478.8978 104.0000 ""
4013 1024873.8471 78458.3088 104.0000 ""
4014 1024875.4637 78428.6856 104.0000 ""
4015 1024874.4690 78399.5692 104.0000 ""
4016 1024856.5389 78347.8720 104.0000 ""
4017 1024853.2356 78338.3674 104.0000 ""
4018 1024852.7551 78327.8096 104.0000 ""
4019 1024852.0602 78322.7481 104.0000 ""
4020 1024844.0011 78318.2647 104.0000 ""
4021 1024840.6303 78309.6090 104.0000 ""
4022 1024848.8022 78296.6446 104.0000 ""
4023 1024853.3547 78258.1206 104.0000 ""
4024 1024858.2042 78251.0010 104.0000 ""
4025 1024861.9787 78242.6635 104.0000 ""
4026 1024866.1511 78234.4326 104.0000 ""
4027 1024882.1119 78202.8966 104.0000 ""
4028 1024898.1920 78184.8622 104.0000 ""
4029 1024901.7844 78178.0715 104.0000 ""
4030 1024903.3177 78168.0099 104.0000 ""
4031 1023856.6846 78306.8805 104.0000 ""
4032 1023867.5026 78312.0781 104.0000 ""
4033 1023915.8572 78322.8413 104.0000 ""
4034 1023945.3300 78325.0459 104.0000 ""
4035 1023960.2571 78320.0861 104.0000 ""
4036 1023983.7524 78311.5478 104.0000 ""
4037 1024036.7477 78297.5093 104.0000 ""
4038 1024053.1839 78297.3136 104.0000 ""
4039 1024076.1056 78298.6130 104.0000 ""
4040 1024123.1570 78310.0597 104.0000 ""
4041 1024169.5934 78321.6730 104.0000 ""
4042 1024189.9027 78329.5964 104.0000 ""
4043 1024223.9240 78348.0270 104.0000 ""
4044 1024258.4797 78347.3620 104.0000 ""
4045 1024294.4450 78340.2430 104.0000 ""
4046 1024371.8605 78319.4626 104.0000 ""
4047 1024406.9176 78307.8978 104.0000 ""
4048 1024429.3777 78301.0153 104.0000 ""
4049 1024464.9010 78288.2704 104.0000 ""
4050 1024492.3159 78273.4576 104.0000 ""
4051 1024505.3369 78273.3664 104.0000 ""
4052 1024528.6200 78271.9107 104.0000 ""
4053 1024558.1225 78258.4676 104.0000 ""
4054 1024592.8223 78249.8020 104.0000 ""
4055 1024608.8586 78244.8385 104.0000 ""
4056 1024629.3037 78240.5292 104.0000 ""
4057 1024666.6472 78196.9089 104.0000 ""
4058 1024687.7840 78180.8573 104.0000 ""
4059 1024724.5263 78171.6298 104.0000 ""
4060 1024740.1700 78166.4401 104.0000 ""
4061 1024797.3234 78139.6597 104.0000 ""
4062 1024814.6265 78127.3715 104.0000 ""
4063 1024830.5736 78119.9686 104.0000 ""
4064 1024834.4569 78123.6817 104.0000 ""
4065 1024815.5408 78163.8209 104.0000 ""
4066 1024816.1331 78174.2875 104.0000 ""
4067 1024804.2292 78181.4797 104.0000 ""
4068 1024787.1069 78187.6270 104.0000 ""
4069 1024783.9115 78202.1807 104.0000 ""
4070 1024776.7537 78205.3022 104.0000 ""
4071 1024754.7665 78211.5831 104.0000 ""
4072 1024737.0842 78221.2703 104.0000 ""
4073 1024897.2741 78896.1107 108.0000 ""
4074 1024900.3410 78890.6558 108.0000 ""
4075 1024908.8294 78884.4895 108.0000 ""
4076 1024913.9572 78873.8135 108.0000 ""
4077 1024931.0958 78870.5427 108.0000 ""
4078 1024942.2017 78863.6691 108.0000 ""
4079 1024946.4109 78853.8289 108.0000 ""
4080 1024959.1943 78850.5366 108.0000 ""
4081 1024970.1432 78836.7539 108.0000 ""
4082 1024978.2066 78829.3298 108.0000 ""
4083 1024974.7612 78812.0565 108.0000 ""
4084 1024979.5272 78804.3278 108.0000 ""
4085 1024991.0426 78765.6812 108.0000 ""
4086 1024987.2919 78731.7869 108.0000 ""
4087 1024976.9217 78705.6902 108.0000 ""
4088 1024974.4721 78674.2193 108.0000 ""
4089 1024987.8552 78661.3288 108.0000 ""
4090 1024991.0264 78641.2122 108.0000 ""
4091 1024984.1104 78622.3293 108.0000 ""
4092 1024977.9935 78613.1689 108.0000 ""
4093 1024986.0398 78596.9370 108.0000 ""
4094 1024996.7844 78588.1571 108.0000 ""
4095 1025004.8848 78574.1283 108.0000 ""
4096 1025003.1676 78550.7775 108.0000 ""
4097 1024983.9483 78536.1937 108.0000 ""
4098 1024975.7005 78528.3989 108.0000 ""
4099 1024956.0023 78498.2916 108.0000 ""
4100 1024950.1674 78482.7791 108.0000 ""
4101 1024940.1426 78471.3508 108.0000 ""
4102 1024934.1809 78464.3444 108.0000 ""
4103 1024924.4179 78421.0385 108.0000 ""
4104 1024922.7812 78386.5767 108.0000 ""
4105 1024933.0394 78355.4672 108.0000 ""
4106 1024951.6347 78323.0462 108.0000 ""
4107 1024958.0402 78306.2870 108.0000 ""
4108 1024962.4820 78297.3025 108.0000 ""
4109 1024970.1386 78282.9668 108.0000 ""
4110 1024963.0380 78265.7308 108.0000 ""
4111 1024960.4914 78253.3759 108.0000 ""
4112 1024959.9330 78241.7050 108.0000 ""
4113 1024958.8431 78233.9290 108.0000 ""
4114 1024952.1646 78234.9179 108.0000 ""
4115 1024939.7087 78244.1180 108.0000 ""
4116 1024933.4742 78245.4146 108.0000 ""
4117 1024937.2978 78234.8683 108.0000 ""
4118 1024959.5254 78203.5103 108.0000 ""
4119 1024971.5351 78198.9076 108.0000 ""
4120 1024974.4501 78200.7584 108.0000 ""
4121 1024973.2416 78215.5526 108.0000 ""
4122 1024969.8434 78222.5024 108.0000 ""
4123 1024973.6279 78225.8692 108.0000 ""
4124 1024980.3479 78222.8792 108.0000 ""
4125 1024996.2629 78223.0466 108.0000 ""
4126 1024999.4719 78225.2025 108.0000 ""
4127 1025015.4045 78229.3240 108.0000 ""
4128 1025019.7401 78227.8454 108.0000 ""
4129 1025033.7814 78231.4346 108.0000 ""
4130 1025046.5523 78226.2941 108.0000 ""
4131 1025063.4386 78220.6223 108.0000 ""
4132 1025071.1035 78217.8985 108.0000 ""
4133 1025076.6662 78222.3961 108.0000 ""
4134 1025079.2851 78228.8461 108.0000 ""
4135 1025085.7561 78223.3497 108.0000 ""
4136 1025100.8520 78197.8297 108.0000 ""
4137 1025116.7713 78176.0273 108.0000 ""
4138 1025125.0812 78156.6994 108.0000 ""
4139 1025118.8207 78137.6266 108.0000 ""
4140 1025106.4351 78138.7191 108.0000 ""
4141 1025096.6553 78139.6553 108.0000 ""
4142 1025085.8307 78135.4692 108.0000 ""
4143 1025097.7885 78121.2573 108.0000 ""
4144 1025115.1039 78123.8013 108.0000 ""
4145 1025147.8124 78122.6011 108.0000 ""
4146 1025151.9244 78119.8178 108.0000 ""
4147 1025157.4922 78112.0046 108.0000 ""
4148 1025173.2566 78073.5359 108.0000 ""
4149 1025178.1785 78066.6534 108.0000 ""
4150 1025178.1785 78066.6534 108.0000 ""
4151 1025182.2326 78063.0780 108.0000 ""
4152 1025190.9087 78059.8215 108.0000 ""
4153 1025201.2215 78062.0975 108.0000 ""
4154 1025196.3828 78056.5110 108.0000 ""
4155 1025201.8879 78049.2975 108.0000 ""
4156 1025203.9964 78027.3138 108.0000 ""
4157 1025208.1747 78021.3291 108.0000 ""
4158 1025237.8667 78011.0218 108.0000 ""
4159 1025248.9549 78002.4518 108.0000 ""
4160 1025286.2325 77997.9280 108.0000 ""
4161 1025305.8761 77999.0610 108.0000 ""
4162 1025325.7774 77992.5921 108.0000 ""
4163 1025342.2833 77990.5696 108.0000 ""
4164 1025358.7285 77991.4484 108.0000 ""
4165 1025387.6890 78004.0981 108.0000 ""
4166 1025398.3474 78020.9415 108.0000 ""
4167 1025398.5991 78032.9052 108.0000 ""
4168 1025393.8686 78046.2358 108.0000 ""
4169 1025377.7753 78050.1172 108.0000 ""
4170 1025362.1485 78050.8039 108.0000 ""
4171 1025359.6018 78055.3646 108.0000 ""
4172 1025377.0956 78065.9683 108.0000 ""
4173 1025389.4868 78074.0838 108.0000 ""
4174 1025404.4184 78080.3406 108.0000 ""
4175 1025427.0777 78083.1249 108.0000 ""
4176 1025450.6936 78073.5660 108.0000 ""
4177 1025461.7872 78074.2536 108.0000 ""
4178 1025461.4013 78088.0075 108.0000 ""
4179 1025456.6967 78092.8818 108.0000 ""
4180 1025447.6405 78100.0846 108.0000 ""
4181 1025447.2585 78108.8348 108.0000 ""
4182 1025461.1874 78129.5852 108.0000 ""
4183 1025465.6449 78143.8209 108.0000 ""
4184 1025467.5825 78154.1113 108.0000 ""
4185 1025485.8641 78160.4237 108.0000 ""
4186 1025487.5082 78155.9480 108.0000 ""
4187 1025488.7143 78143.6593 108.0000 ""
4188 1025489.5830 78135.5679 108.0000 ""
4189 1025490.0329 78130.7720 108.0000 ""
4190 1025495.5917 78147.3778 108.0000 ""
4191 1025498.1242 78155.5264 108.0000 ""
4192 1025505.3004 78154.4965 108.0000 ""
4193 1025507.3289 78148.3761 108.0000 ""
4194 1025512.3505 78130.6478 108.0000 ""
4195 1025527.0127 78116.0843 108.0000 ""
4196 1025562.5532 78124.8394 108.0000 ""
4197 1025574.6346 78128.4955 108.0000 ""
4198 1025627.6924 78129.5901 108.0000 ""
4199 1025632.8661 78123.7733 108.0000 ""
4200 1025636.0413 78113.0197 108.0000 ""
4201 1025628.5265 78091.8788 108.0000 ""
4202 1025624.3359 78088.9061 108.0000 ""
4203 1025615.4386 78074.0960 108.0000 ""
4204 1025615.1693 78060.5822 108.0000 ""
4205 1025608.2165 78055.7115 108.0000 ""
4206 1025584.7732 78047.5100 108.0000 ""
4207 1025570.4759 78046.9682 108.0000 ""
4208 1025561.1410 78043.5582 108.0000 ""
4209 1025550.8438 78052.7409 108.0000 ""
4210 1025541.7950 78066.8482 108.0000 ""
4211 1025551.4888 78077.0690 108.0000 ""
4212 1025547.8617 78099.9241 108.0000 ""
4213 1025534.2695 78103.9479 108.0000 ""
4214 1025517.6102 78101.4652 108.0000 ""
4215 1025506.8202 78098.2309 108.0000 ""
4216 1025504.5983 78089.5872 108.0000 ""
4217 1025508.0097 78062.6750 108.0000 ""
4218 1025501.0268 78030.3333 108.0000 ""
4219 1025487.0719 78022.8921 108.0000 ""
4220 1025468.2462 78013.8672 108.0000 ""
4221 1025447.4151 78000.2047 108.0000 ""
4222 1025418.7458 77983.2568 108.0000 ""
4223 1025406.6526 77968.0404 108.0000 ""
4224 1025391.4304 77942.0622 108.0000 ""
4225 1025388.9392 77929.5100 108.0000 ""
4226 1025389.9055 77914.3143 108.0000 ""
4227 1025387.6123 77901.8655 108.0000 ""
4228 1025377.0127 77899.0336 108.0000 ""
4229 1025374.3854 77897.8381 108.0000 ""
4230 1025378.0090 77877.5833 108.0000 ""
4231 1025356.8379 77856.1067 108.0000 ""
4232 1025349.5066 77816.3998 108.0000 ""
4233 1025348.1202 77810.8717 108.0000 ""
4234 1025355.6827 77800.9421 108.0000 ""
4235 1025360.1377 77796.0639 108.0000 ""
4236 1025386.5953 77791.9104 108.0000 ""
4237 1025396.0929 77787.5684 108.0000 ""
4238 1025419.2838 77786.4620 108.0000 ""
4239 1025423.0438 77788.5276 108.0000 ""
4240 1025441.4206 77783.0859 108.0000 ""
4241 1025476.6453 77787.9388 108.0000 ""
4242 1025484.8201 77789.4289 108.0000 ""
4243 1025512.1866 77770.2802 108.0000 ""
4244 1025531.5101 77764.9551 108.0000 ""
4245 1025552.6590 77765.6656 108.0000 ""
4246 1025584.2012 77754.9449 108.0000 ""
4247 1025592.6593 77747.5837 108.0000 ""
4248 1025608.3715 77752.2545 108.0000 ""
4249 1025628.2358 77766.5526 108.0000 ""
4250 1025690.5712 77802.5373 108.0000 ""
4251 1025698.4340 77809.3254 108.0000 ""
4252 1025704.2056 77808.4229 108.0000 ""
4253 1025718.4740 77805.4636 108.0000 ""
4254 1025739.3328 77812.7229 108.0000 ""
4255 1025755.9021 77814.5557 108.0000 ""
4256 1025825.3362 77797.4261 108.0000 ""
4257 1025845.8656 77801.1775 108.0000 ""
4258 1025883.4888 77800.6671 108.0000 ""
4259 1025890.5136 77801.9873 108.0000 ""
4260 1025897.0762 77815.9067 108.0000 ""
4261 1025914.6707 77835.6666 108.0000 ""
4262 1025931.2532 77848.7554 108.0000 ""
4263 1025938.5364 77864.0874 108.0000 ""
4264 1025959.5194 77886.8055 108.0000 ""
4265 1025979.7246 77898.8046 108.0000 ""
4266 1025988.1716 77906.2516 108.0000 ""
4267 1026014.4408 77915.2016 108.0000 ""
4268 1026032.1111 77928.8078 108.0000 ""
4269 1026051.9000 77929.4936 108.0000 ""
4270 1026068.3258 77933.1737 108.0000 ""
4271 1026088.2445 77944.4165 108.0000 ""
4272 1026117.3012 77958.6651 108.0000 ""
4273 1026171.3159 77970.1348 108.0000 ""
4274 1026191.6835 77981.3343 108.0000 ""
4275 1026201.0450 77985.5944 108.0000 ""
4276 1026237.0767 77988.8556 108.0000 ""
4277 1026251.6055 77989.8518 108.0000 ""
4278 1026301.1043 77984.9378 108.0000 ""
4279 1026311.5309 77986.0147 108.0000 ""
4280 1026325.2922 77985.3974 108.0000 ""
4281 1026330.3232 77983.8821 108.0000 ""
4282 1026334.3680 77979.2990 108.0000 ""
4283 1026342.7649 77974.5896 108.0000 ""
4284 1026230.1492 78000.1602 110.0000 ""
4285 1026241.7263 78000.8889 110.0000 ""
4286 1026258.8600 77996.8272 110.0000 ""
4287 1026287.6927 77995.1645 110.0000 ""
4288 1026297.0606 77999.0744 110.0000 ""
4289 1026321.9797 78002.8474 110.0000 ""
4290 1026339.6781 77985.9912 110.0000 ""
4291 1026356.6184 77971.9233 110.0000 ""
4292 1025711.5002 78014.4423 110.0000 ""
4293 1025705.9038 78017.8866 110.0000 ""
4294 1025695.4768 78028.5673 110.0000 ""
4295 1025661.0554 78040.7937 110.0000 ""
4296 1025645.0907 78031.4679 110.0000 ""
4297 1025628.1786 78019.5741 110.0000 ""
4298 1025607.4045 78022.5751 110.0000 ""
4299 1025538.1996 78028.0096 110.0000 ""
4300 1025522.2307 78013.9796 110.0000 ""
4301 1025486.4570 77997.1125 110.0000 ""
4302 1025458.0571 77991.3279 110.0000 ""
4303 1025423.2455 77959.3644 110.0000 ""
4304 1025415.5421 77930.3613 110.0000 ""
4305 1025395.2878 77864.8163 110.0000 ""
4306 1025383.0755 77848.0956 110.0000 ""
4307 1025383.6803 77833.4441 110.0000 ""
4308 1025427.8669 77818.8833 110.0000 ""
4309 1025451.1675 77817.2780 110.0000 ""
4310 1025458.3098 77817.8999 110.0000 ""
4311 1025478.3916 77831.5014 110.0000 ""
4312 1025483.9030 77833.5466 110.0000 ""
4313 1025509.2245 77823.7195 110.0000 ""
4314 1025520.0767 77819.1505 110.0000 ""
4315 1025552.6667 77798.9898 110.0000 ""
4316 1025567.3211 77784.7788 110.0000 ""
4317 1025613.1026 77772.5492 110.0000 ""
4318 1025634.1502 77785.2661 110.0000 ""
4319 1025652.4257 77810.9943 110.0000 ""
4320 1025698.3586 77824.9843 110.0000 ""
4321 1025715.4080 77832.6290 110.0000 ""
4322 1025735.0195 77830.1106 110.0000 ""
4323 1025773.6506 77822.2122 110.0000 ""
4324 1025792.0161 77819.4227 110.0000 ""
4325 1025817.3994 77820.7049 110.0000 ""
4326 1025878.9052 77816.6481 110.0000 ""
4327 1025902.9298 77837.4681 110.0000 ""
4328 1025911.3089 77850.6177 110.0000 ""
4329 1025941.0776 77886.1923 110.0000 ""
4330 1025957.7425 77916.9411 110.0000 ""
4331 1025963.9055 77921.1978 110.0000 ""
4332 1025969.2278 77920.1875 110.0000 ""
4333 1025982.8302 77922.6194 110.0000 ""
4334 1026000.4080 77926.2692 110.0000 ""
4335 1026026.7749 77940.1229 110.0000 ""
4336 1026042.7369 77951.6990 110.0000 ""
4337 1026081.1593 77962.9050 110.0000 ""
4338 1026098.1377 77968.8452 110.0000 ""
4339 1026118.0502 77968.3321 110.0000 ""
4340 1026157.6185 77984.4089 110.0000 ""
4341 1026187.3289 77986.3626 110.0000 ""
4342 1026213.4639 77999.1100 110.0000 ""
4343 1026217.0086 77999.3331 110.0000 ""
4344 1025522.3748 77855.4162 112.0000 ""
4345 1025526.3697 77853.3825 112.0000 ""
4346 1025536.3327 77843.4444 112.0000 ""
4347 1025558.4255 77822.8048 112.0000 ""
4348 1025604.1822 77806.9714 112.0000 ""
4349 1025631.8419 77821.7017 112.0000 ""
4350 1025652.5354 77844.2185 112.0000 ""
4351 1025667.5595 77860.2844 112.0000 ""
4352 1025677.0689 77874.5052 112.0000 ""
4353 1025680.7067 77892.0284 112.0000 ""
4354 1025673.9211 77915.2286 112.0000 ""
4355 1025670.9386 77921.5322 112.0000 ""
4356 1025660.9539 77930.1688 112.0000 ""
4357 1025652.1496 77937.3744 112.0000 ""
4358 1025636.5464 77956.3729 112.0000 ""
4359 1025637.8751 77964.6510 112.0000 ""
4360 1025658.0502 77978.4016 112.0000 ""
4361 1025667.2141 77973.1532 112.0000 ""
4362 1025682.5253 77958.5528 112.0000 ""
4363 1025695.7658 77961.7290 112.0000 ""
4364 1025701.8856 77965.7352 112.0000 ""
4365 1025707.3502 77974.7835 112.0000 ""
4366 1025707.3748 77990.4439 112.0000 ""
4367 1025705.1236 77995.2589 112.0000 ""
4368 1025685.2423 78008.3312 112.0000 ""
4369 1025660.8770 78010.8710 112.0000 ""
4370 1025617.9004 77994.1831 112.0000 ""
4371 1025612.8170 77993.2465 112.0000 ""
4372 1025608.3340 77999.5250 112.0000 ""
4373 1025588.9788 78008.8542 112.0000 ""
4374 1025561.6627 78011.2441 112.0000 ""
4375 1025554.1628 78013.4189 112.0000 ""
4376 1025522.9900 78006.3369 112.0000 ""
4377 1025517.7693 77999.9440 112.0000 ""
4378 1025489.6254 77989.1101 112.0000 ""
4379 1025449.7988 77967.3699 112.0000 ""
4380 1025437.4373 77955.4516 112.0000 ""
4381 1025437.0220 77920.0672 112.0000 ""
4382 1025434.8492 77894.6107 112.0000 ""
4383 1025435.4270 77883.6620 112.0000 ""
4384 1025441.1608 77867.7970 112.0000 ""
4385 1025449.0606 77865.6795 112.0000 ""
4386 1025470.4581 77866.5433 112.0000 ""
4387 1025480.7398 77865.3669 112.0000 ""
4388 1025492.0666 77866.8602 112.0000 ""
4389 1025504.1434 77863.5627 112.0000 ""
4390 1025522.3748 77855.4162 112.0000 ""
4391 1025524.5628 77875.3179 114.0000 ""
4392 1025527.7127 77875.4214 114.0000 ""
4393 1025532.7080 77875.8065 114.0000 ""
4394 1025555.1991 77881.7423 114.0000 ""
4395 1025571.4190 77881.2672 114.0000 ""
4396 1025595.1776 77871.9137 114.0000 ""
4397 1025633.8126 77859.2608 114.0000 ""
4398 1025661.5251 77885.8490 114.0000 ""
4399 1025639.4278 77921.2480 114.0000 ""
4400 1025623.4894 77927.4822 114.0000 ""
4401 1025605.9591 77940.4941 114.0000 ""
4402 1025603.1122 77957.1074 114.0000 ""
4403 1025597.6328 77980.0305 114.0000 ""
4404 1025576.8877 77993.6391 114.0000 ""
4405 1025549.0326 77997.8711 114.0000 ""
4406 1025527.9606 77991.0598 114.0000 ""
4407 1025502.8660 77982.7793 114.0000 ""
4408 1025479.1386 77968.8676 114.0000 ""
4409 1025450.1049 77938.2028 114.0000 ""
4410 1025444.2429 77928.9464 114.0000 ""
4411 1025470.8482 77898.3240 114.0000 ""
4412 1025489.8470 77886.9876 114.0000 ""
4413 1025524.5628 77875.3179 114.0000 ""
4414 1025637.6339 77901.6544 116.0000 ""
4415 1025634.6406 77901.2533 116.0000 ""
4416 1025623.0692 77894.7527 116.0000 ""
4417 1025627.4460 77891.1745 116.0000 ""
4418 1025632.2990 77888.7551 116.0000 ""
4419 1025640.2295 77885.0872 116.0000 ""
4420 1025642.1325 77897.0275 116.0000 ""
4421 1025637.6339 77901.6544 116.0000 ""
4422 1025528.4640 77899.4517 116.0000 ""
4423 1025532.8987 77900.3275 116.0000 ""
4424 1025565.0354 77913.9822 116.0000 ""
4425 1025581.1983 77923.4628 116.0000 ""
4426 1025586.9189 77934.6676 116.0000 ""
4427 1025588.1456 77943.0442 116.0000 ""
4428 1025580.3254 77953.4190 116.0000 ""
4429 1025573.4033 77963.9092 116.0000 ""
4430 1025564.3503 77973.4128 116.0000 ""
4431 1025509.1175 77973.2781 116.0000 ""
4432 1025488.2015 77954.1099 116.0000 ""
4433 1025473.9719 77938.2070 116.0000 ""
4434 1025469.1116 77931.3195 116.0000 ""
4435 1025473.7261 77916.3364 116.0000 ""
4436 1025499.8939 77906.7227 116.0000 ""
4437 1025512.2540 77904.2304 116.0000 ""
4438 1025528.4640 77899.4517 116.0000 ""
4439 1025525.1952 77919.5109 118.0000 ""
4440 1025528.3930 77919.7153 118.0000 ""
4441 1025544.8669 77926.2992 118.0000 ""
4442 1025548.9608 77929.1206 118.0000 ""
4443 1025555.3400 77935.1330 118.0000 ""
4444 1025557.2233 77948.0241 118.0000 ""
4445 1025544.7309 77961.7224 118.0000 ""
4446 1025538.9127 77964.8261 118.0000 ""
4447 1025520.5311 77963.3640 118.0000 ""
4448 1025507.6372 77957.8417 118.0000 ""
4449 1025497.4095 77946.8104 118.0000 ""
4450 1025493.6901 77937.9908 118.0000 ""
4451 1025497.7845 77921.5480 118.0000 ""
4452 1025512.2120 77920.6918 118.0000 ""
4453 1025525.1952 77919.5109 118.0000 ""
4454 1025512.6176 77949.3197 120.0000 ""
4455 1025513.5105 77947.2833 120.0000 ""
4456 1025517.0154 77939.9373 120.0000 ""
4457 1025523.5693 77935.1448 120.0000 ""
4458 1025531.1781 77939.7771 120.0000 ""
4459 1025532.7631 77945.3580 120.0000 ""
4460 1025528.5788 77951.6917 120.0000 ""
4461 1025521.1371 77953.4670 120.0000 ""
4462 1025512.6176 77949.3197 120.0000 ""
4463 1025847.7299 77828.6107 112.0000 ""
4464 1025823.1333 77833.8809 112.0000 ""
4465 1025770.7765 77838.0949 112.0000 ""
4466 1025722.8799 77847.3266 112.0000 ""
4467 1025713.5395 77853.9901 112.0000 ""
4468 1025710.4594 77865.2090 112.0000 ""
4469 1025727.2720 77922.7808 112.0000 ""
4470 1025729.4885 77931.2141 112.0000 ""
4471 1025727.2217 77949.4275 112.0000 ""
4472 1025738.8599 77967.5444 112.0000 ""
4473 1025760.3422 77980.4433 112.0000 ""
4474 1025774.8586 77986.2416 112.0000 ""
4475 1025811.4803 78016.3343 112.0000 ""
4476 1025831.1308 78012.5473 112.0000 ""
4477 1025847.7262 78006.7818 112.0000 ""
4478 1025871.2760 77976.4695 112.0000 ""
4479 1025865.7919 77960.0594 112.0000 ""
4480 1025860.3207 77950.1987 112.0000 ""
4481 1025841.6966 77941.1798 112.0000 ""
4482 1025827.2185 77929.2325 112.0000 ""
4483 1025827.0453 77917.2356 112.0000 ""
4484 1025830.7865 77912.0603 112.0000 ""
4485 1025850.5250 77902.7742 112.0000 ""
4486 1025861.9013 77914.3928 112.0000 ""
4487 1025873.8846 77929.3569 112.0000 ""
4488 1025879.6413 77931.7663 112.0000 ""
4489 1025917.0608 77910.0587 112.0000 ""
4490 1025919.7896 77898.9417 112.0000 ""
4491 1025889.6584 77837.2160 112.0000 ""
4492 1025856.1290 77826.9526 112.0000 ""
4493 1025847.7299 77828.6107 112.0000 ""
4494 1025804.4067 77848.8576 114.0000 ""
4495 1025784.4069 77852.0463 114.0000 ""
4496 1025748.5263 77867.9928 114.0000 ""
4497 1025746.6237 77920.1462 114.0000 ""
4498 1025757.0530 77933.8214 114.0000 ""
4499 1025780.5677 77963.5537 114.0000 ""
4500 1025796.2236 77963.6445 114.0000 ""
4501 1025814.0930 77970.3191 114.0000 ""
4502 1025831.0348 77962.8516 114.0000 ""
4503 1025818.5052 77949.8405 114.0000 ""
4504 1025809.3739 77935.2561 114.0000 ""
4505 1025810.7515 77923.2983 114.0000 ""
4506 1025833.9082 77896.8913 114.0000 ""
4507 1025871.1380 77906.0298 114.0000 ""
4508 1025878.4474 77909.6282 114.0000 ""
4509 1025883.3511 77910.6938 114.0000 ""
4510 1025902.5796 77871.4174 114.0000 ""
4511 1025872.2078 77839.3871 114.0000 ""
4512 1025852.2063 77841.5261 114.0000 ""
4513 1025842.5603 77844.9924 114.0000 ""
4514 1025804.4067 77848.8576 114.0000 ""
4515 1025830.9536 77866.4525 116.0000 ""
4516 1025833.1118 77866.0986 116.0000 ""
4517 1025861.7406 77860.3813 116.0000 ""
4518 1025890.3287 77875.8254 116.0000 ""
4519 1025886.3345 77885.1128 116.0000 ""
4520 1025873.6579 77886.1983 116.0000 ""
4521 1025856.8571 77883.5617 116.0000 ""
4522 1025846.8426 77881.6907 116.0000 ""
4523 1025833.3446 77878.9600 116.0000 ""
4524 1025823.3829 77876.9398 116.0000 ""
4525 1025812.9047 77880.5141 116.0000 ""
4526 1025809.4172 77884.6574 116.0000 ""
4527 1025793.9127 77918.2645 116.0000 ""
4528 1025784.3208 77924.9059 116.0000 ""
4529 1025767.1663 77915.1592 116.0000 ""
4530 1025771.1842 77887.9106 116.0000 ""
4531 1025775.3052 77881.9514 116.0000 ""
4532 1025775.3052 77881.9514 116.0000 ""
4533 1025775.3052 77881.9514 116.0000 ""
4534 1025781.7563 77875.0322 116.0000 ""
4535 1025800.1507 77868.4404 116.0000 ""
4536 1025815.6960 77868.9546 116.0000 ""
4537 1025818.2895 77868.5293 116.0000 ""
4538 1025846.8687 77925.8959 110.0000 ""
4539 1025843.5627 77923.3693 110.0000 ""
4540 1025850.7540 77917.6701 110.0000 ""
4541 1025854.9232 77926.7895 110.0000 ""
4542 1025850.4249 77928.4707 110.0000 ""
4543 1025846.8687 77925.8959 110.0000 ""
4544 1025568.5474 78249.9216 110.0000 ""
4545 1025600.7218 78245.3648 110.0000 ""
4546 1025608.1245 78245.4391 110.0000 ""
4547 1025627.4920 78245.1141 110.0000 ""
4548 1025631.8417 78242.8356 110.0000 ""
4549 1025625.5787 78233.6743 110.0000 ""
4550 1025623.9896 78228.2940 110.0000 ""
4551 1025643.2420 78221.4629 110.0000 ""
4552 1025663.3098 78216.2968 110.0000 ""
4553 1025660.2290 78212.8928 110.0000 ""
4554 1025632.0697 78212.6193 110.0000 ""
4555 1025612.1622 78205.2297 110.0000 ""
4556 1025601.0816 78203.9926 110.0000 ""
4557 1025585.0591 78204.6237 110.0000 ""
4558 1025557.0470 78209.2060 110.0000 ""
4559 1025535.2289 78194.9792 110.0000 ""
4560 1025532.7955 78184.4808 110.0000 ""
4561 1025533.3827 78151.4170 110.0000 ""
4562 1025536.8867 78146.5225 110.0000 ""
4563 1025564.9932 78144.6444 110.0000 ""
4564 1025592.8096 78147.0645 110.0000 ""
4565 1025601.3886 78145.9081 110.0000 ""
4566 1025626.1084 78145.6242 110.0000 ""
4567 1025656.9563 78132.0847 110.0000 ""
4568 1025665.1522 78125.2684 110.0000 ""
4569 1025665.1522 78125.2684 110.0000 ""
4570 1025670.9035 78108.5043 110.0000 ""
4571 1025699.0375 78073.8565 110.0000 ""
4572 1025708.4948 78071.3144 110.0000 ""
4573 1025718.6063 78068.5834 110.0000 ""
4574 1025734.7468 78074.2093 110.0000 ""
4575 1025756.4108 78090.8351 110.0000 ""
4576 1025750.3161 78104.8909 110.0000 ""
4577 1025755.0074 78112.6247 110.0000 ""
4578 1025753.0285 78123.5981 110.0000 ""
4579 1025733.4618 78140.8291 110.0000 ""
4580 1025723.4769 78151.9178 110.0000 ""
4581 1025717.4122 78166.9251 110.0000 ""
4582 1025732.5424 78177.8365 110.0000 ""
4583 1025748.6707 78172.0043 110.0000 ""
4584 1025753.2343 78164.2264 110.0000 ""
4585 1025759.6873 78149.7762 110.0000 ""
4586 1025757.8739 78128.7329 110.0000 ""
4587 1025786.5904 78106.8537 110.0000 ""
4588 1025792.8727 78098.2045 110.0000 ""
4589 1025801.7541 78094.4520 110.0000 ""
4590 1025810.7458 78087.7998 110.0000 ""
4591 1025817.5603 78082.4116 110.0000 ""
4592 1025823.6354 78081.3135 110.0000 ""
4593 1025832.3380 78064.5006 110.0000 ""
4594 1025839.4157 78053.6639 110.0000 ""
4595 1025853.7890 78038.3479 110.0000 ""
4596 1025854.2648 78032.3026 110.0000 ""
4597 1025835.9159 78031.9423 110.0000 ""
4598 1025821.0002 78032.4406 110.0000 ""
4599 1025802.4986 78032.1778 110.0000 ""
4600 1025767.2470 78009.9186 110.0000 ""
4601 1025744.1687 77998.7715 110.0000 ""
4602 1025740.1100 77999.1031 110.0000 ""
4603 1025723.2273 78007.7113 110.0000 ""
4604 1025676.4158 78134.5141 112.0000 ""
4605 1025680.5831 78133.7839 112.0000 ""
4606 1025688.3808 78126.8608 112.0000 ""
4607 1025692.5227 78117.7247 112.0000 ""
4608 1025702.1402 78105.0787 112.0000 ""
4609 1025715.1391 78090.9890 112.0000 ""
4610 1025728.7437 78088.6670 112.0000 ""
4611 1025736.7426 78093.7051 112.0000 ""
4612 1025728.5532 78119.4831 112.0000 ""
4613 1025716.7931 78134.1441 112.0000 ""
4614 1025706.9235 78142.0829 112.0000 ""
4615 1025696.2049 78154.7604 112.0000 ""
4616 1025697.6535 78166.8925 112.0000 ""
4617 1025699.2727 78173.2238 112.0000 ""
4618 1025689.7083 78183.3194 112.0000 ""
4619 1025666.5521 78192.6859 112.0000 ""
4620 1025642.7920 78199.7910 112.0000 ""
4621 1025632.4494 78199.1667 112.0000 ""
4622 1025618.7996 78193.9837 112.0000 ""
4623 1025594.8052 78181.0214 112.0000 ""
4624 1025585.2466 78178.7590 112.0000 ""
4625 1025572.6135 78182.3990 112.0000 ""
4626 1025569.5177 78177.2934 112.0000 ""
4627 1025588.0749 78165.4474 112.0000 ""
4628 1025596.4496 78162.0860 112.0000 ""
4629 1025608.6574 78159.6399 112.0000 ""
4630 1025620.0284 78154.1275 112.0000 ""
4631 1025629.2238 78149.7794 112.0000 ""
4632 1025638.4902 78149.2351 112.0000 ""
4633 1025656.5088 78143.9850 112.0000 ""
4634 1025664.0004 78137.3569 112.0000 ""
4635 1025676.4158 78134.5141 112.0000 ""
4636 1025662.0382 78152.3336 114.0000 ""
4637 1025665.4023 78151.7399 114.0000 ""
4638 1025681.5080 78154.2627 114.0000 ""
4639 1025688.2949 78164.6836 114.0000 ""
4640 1025677.6021 78176.1110 114.0000 ""
4641 1025655.7751 78188.9022 114.0000 ""
4642 1025643.0209 78191.1892 114.0000 ""
4643 1025637.7719 78188.5992 114.0000 ""
4644 1025618.8346 78185.0783 114.0000 ""
4645 1025607.2359 78175.0764 114.0000 ""
4646 1025611.3926 78165.2397 114.0000 ""
4647 1025619.7505 78162.6786 114.0000 ""
4648 1025635.6057 78160.4440 114.0000 ""
4649 1025644.1551 78158.2865 114.0000 ""
4650 1025661.7183 78150.8773 114.0000 ""
4651 1025662.0382 78152.3336 114.0000 ""
4652 1025626.2877 78173.0957 116.0000 ""
4653 1025658.2651 78162.9771 116.0000 ""
4654 1025666.4092 78163.4645 116.0000 ""
4655 1025667.8169 78167.9411 116.0000 ""
4656 1025656.0352 78178.7999 116.0000 ""
4657 1025650.6659 78178.1873 116.0000 ""
4658 1025637.9153 78176.7326 116.0000 ""
4659 1025635.9721 78176.5109 116.0000 ""
4660 1025629.3000 78177.3992 116.0000 ""
4661 1025626.2877 78173.0957 116.0000 ""
4662 1025626.2877 78173.0957 116.0000 ""
4663 1024976.6998 78475.7701 110.0000 ""
4664 1024963.4478 78436.3051 110.0000 ""
4665 1024955.1012 78416.3962 110.0000 ""
4666 1024942.7538 78408.3321 110.0000 ""
4667 1024941.3632 78393.3440 110.0000 ""
4668 1024942.3354 78382.6997 110.0000 ""
4669 1024951.8827 78356.8838 110.0000 ""
4670 1024966.0452 78349.8638 110.0000 ""
4671 1024971.8529 78328.1397 110.0000 ""
4672 1024981.5908 78302.7781 110.0000 ""
4673 1024984.5723 78301.4267 110.0000 ""
4674 1024988.4040 78329.0177 110.0000 ""
4675 1025003.0172 78355.6880 110.0000 ""
4676 1025014.2930 78359.8806 110.0000 ""
4677 1025025.4783 78368.4259 110.0000 ""
4678 1025033.1686 78388.5736 110.0000 ""
4679 1025041.9769 78398.2799 110.0000 ""
4680 1025056.1856 78420.2879 110.0000 ""
4681 1025071.6242 78424.0492 110.0000 ""
4682 1025080.3515 78425.5963 110.0000 ""
4683 1025087.3135 78420.5579 110.0000 ""
4684 1025107.3177 78411.7340 110.0000 ""
4685 1025106.8772 78399.2152 110.0000 ""
4686 1025097.3384 78383.7416 110.0000 ""
4687 1025096.8978 78368.8206 110.0000 ""
4688 1025106.1130 78337.2459 110.0000 ""
4689 1025118.1074 78311.6234 110.0000 ""
4690 1025122.4966 78285.8735 110.0000 ""
4691 1025126.6591 78271.0299 110.0000 ""
4692 1025158.8748 78221.2758 110.0000 ""
4693 1025154.0609 78214.4888 110.0000 ""
4694 1025148.1899 78205.5822 110.0000 ""
4695 1025155.7859 78194.0996 110.0000 ""
4696 1025164.6449 78174.8313 110.0000 ""
4697 1025175.9390 78163.6113 110.0000 ""
4698 1025202.3526 78149.7435 110.0000 ""
4699 1025213.1371 78146.1719 110.0000 ""
4700 1025213.8935 78141.0802 110.0000 ""
4701 1025198.3351 78119.0990 110.0000 ""
4702 1025196.5301 78104.8060 110.0000 ""
4703 1025228.8152 78085.3332 110.0000 ""
4704 1025242.7366 78060.8469 110.0000 ""
4705 1025241.2875 78053.5162 110.0000 ""
4706 1025246.1513 78045.8417 110.0000 ""
4707 1025254.7341 78042.2335 110.0000 ""
4708 1025265.5336 78037.9121 110.0000 ""
4709 1025270.2733 78050.6529 110.0000 ""
4710 1025275.2734 78060.4957 110.0000 ""
4711 1025284.8606 78056.7043 110.0000 ""
4712 1025317.0108 78062.8519 110.0000 ""
4713 1025345.4096 78073.6899 110.0000 ""
4714 1025388.6792 78098.4894 110.0000 ""
4715 1025406.1065 78124.3033 110.0000 ""
4716 1025443.1058 78152.1478 110.0000 ""
4717 1025463.9124 78176.6164 110.0000 ""
4718 1025467.8630 78181.5365 110.0000 ""
4719 1025451.2309 78204.1738 110.0000 ""
4720 1025427.3979 78202.5220 110.0000 ""
4721 1025431.4109 78226.1074 110.0000 ""
4722 1025450.2821 78259.4495 110.0000 ""
4723 1025462.4851 78274.1653 110.0000 ""
4724 1025458.5631 78303.9717 110.0000 ""
4725 1025445.0455 78323.6099 110.0000 ""
4726 1025433.0083 78337.0185 110.0000 ""
4727 1025417.4912 78346.9162 110.0000 ""
4728 1025393.3016 78357.5695 110.0000 ""
4729 1025393.8529 78381.5974 110.0000 ""
4730 1025399.5233 78409.7139 110.0000 ""
4731 1025409.1544 78410.9758 110.0000 ""
4732 1025434.1522 78399.9351 110.0000 ""
4733 1025436.4696 78396.7715 110.0000 ""
4734 1025455.7368 78389.3880 110.0000 ""
4735 1025465.9385 78392.0606 110.0000 ""
4736 1025474.9790 78390.4105 110.0000 ""
4737 1025476.2171 78393.4334 110.0000 ""
4738 1025484.7938 78390.0243 110.0000 ""
4739 1025492.1939 78361.3772 110.0000 ""
4740 1025497.7479 78318.0387 110.0000 ""
4741 1025482.6632 78304.7763 110.0000 ""
4742 1025486.7978 78279.1768 110.0000 ""
4743 1025492.7223 78270.9702 110.0000 ""
4744 1025504.7431 78277.5766 110.0000 ""
4745 1025510.5075 78279.4747 110.0000 ""
4746 1025507.6561 78267.4181 110.0000 ""
4747 1025502.0704 78254.5150 110.0000 ""
4748 1025512.1815 78244.6776 110.0000 ""
4749 1025539.8682 78253.3987 110.0000 ""
4750 1025546.4827 78257.7128 110.0000 ""
4751 1025556.1342 78254.3462 110.0000 ""
4752 1025290.2558 78162.0214 112.0000 ""
4753 1025287.3524 78160.7333 112.0000 ""
4754 1025271.6560 78150.2604 112.0000 ""
4755 1025260.6108 78137.5137 112.0000 ""
4756 1025263.8364 78112.3467 112.0000 ""
4757 1025281.5001 78090.7762 112.0000 ""
4758 1025328.4092 78085.0624 112.0000 ""
4759 1025341.0165 78087.6271 112.0000 ""
4760 1025372.0827 78104.9147 112.0000 ""
4761 1025380.6869 78114.6675 112.0000 ""
4762 1025395.4295 78132.4298 112.0000 ""
4763 1025406.3482 78143.9727 112.0000 ""
4764 1025424.0997 78156.5813 112.0000 ""
4765 1025431.1188 78172.7618 112.0000 ""
4766 1025411.9775 78188.5019 112.0000 ""
4767 1025405.6315 78195.3005 112.0000 ""
4768 1025394.4618 78207.8725 112.0000 ""
4769 1025389.4340 78216.2446 112.0000 ""
4770 1025393.6633 78224.6222 112.0000 ""
4771 1025404.1399 78233.3549 112.0000 ""
4772 1025420.6357 78246.1918 112.0000 ""
4773 1025435.1111 78267.1507 112.0000 ""
4774 1025447.2987 78282.6169 112.0000 ""
4775 1025449.9627 78294.0701 112.0000 ""
4776 1025447.1185 78308.1330 112.0000 ""
4777 1025417.9999 78327.2597 112.0000 ""
4778 1025399.1830 78329.7965 112.0000 ""
4779 1025383.2262 78329.5291 112.0000 ""
4780 1025373.3509 78347.2276 112.0000 ""
4781 1025373.0084 78356.4791 112.0000 ""
4782 1025376.2001 78371.4442 112.0000 ""
4783 1025390.8523 78395.9583 112.0000 ""
4784 1025392.3445 78415.6485 112.0000 ""
4785 1025380.0066 78429.0528 112.0000 ""
4786 1025371.4946 78453.3797 112.0000 ""
4787 1025369.7674 78466.6613 112.0000 ""
4788 1025374.0299 78471.0358 112.0000 ""
4789 1025383.7497 78470.4475 112.0000 ""
4790 1025403.5891 78466.8756 112.0000 ""
4791 1025413.2085 78466.2857 112.0000 ""
4792 1025428.2370 78458.2303 112.0000 ""
4793 1025438.6894 78446.4459 112.0000 ""
4794 1025445.4810 78435.0507 112.0000 ""
4795 1025457.8935 78427.6525 112.0000 ""
4796 1025493.7461 78399.8311 112.0000 ""
4797 1025498.4682 78394.1059 112.0000 ""
4798 1025516.3946 78371.7396 112.0000 ""
4799 1025529.0048 78352.3868 112.0000 ""
4800 1025543.2122 78333.2112 112.0000 ""
4801 1025536.1098 78323.4853 112.0000 ""
4802 1025527.0111 78318.3292 112.0000 ""
4803 1025519.9200 78308.0531 112.0000 ""
4804 1025515.2107 78293.9140 112.0000 ""
4805 1025527.1615 78279.8043 112.0000 ""
4806 1025567.1023 78269.4170 112.0000 ""
4807 1025603.9825 78259.3790 112.0000 ""
4808 1025637.6798 78255.5921 112.0000 ""
4809 1025653.5503 78252.6066 112.0000 ""
4810 1025671.6897 78251.1602 112.0000 ""
4811 1025696.4005 78251.2251 112.0000 ""
4812 1025721.6688 78241.2932 112.0000 ""
4813 1025719.3442 78232.7988 112.0000 ""
4814 1025711.7276 78228.6182 112.0000 ""
4815 1025711.6845 78221.0628 112.0000 ""
4816 1025727.6540 78220.4808 112.0000 ""
4817 1025738.5152 78215.3601 112.0000 ""
4818 1025740.5277 78209.9907 112.0000 ""
4819 1025754.6172 78203.5736 112.0000 ""
4820 1025765.2445 78190.4444 112.0000 ""
4821 1025769.6362 78183.7142 112.0000 ""
4822 1025779.9187 78146.2648 112.0000 ""
4823 1025795.1582 78125.4091 112.0000 ""
4824 1025807.4301 78114.9598 112.0000 ""
4825 1025825.4872 78100.5058 112.0000 ""
4826 1025837.3525 78090.3501 112.0000 ""
4827 1025849.8999 78078.6552 112.0000 ""
4828 1025863.4023 78066.7263 112.0000 ""
4829 1025874.6329 78058.2112 112.0000 ""
4830 1025904.5783 78030.0015 112.0000 ""
4831 1025928.3571 78012.0938 112.0000 ""
4832 1025951.7342 78015.8911 112.0000 ""
4833 1025978.0155 78021.8885 112.0000 ""
4834 1025994.7369 78016.2183 112.0000 ""
4835 1025986.8675 77993.0235 112.0000 ""
4836 1025983.5516 77972.1068 112.0000 ""
4837 1025970.0752 77968.4268 112.0000 ""
4838 1025949.2559 77973.9272 112.0000 ""
4839 1025930.3025 77973.8563 112.0000 ""
4840 1025921.5298 77960.4006 112.0000 ""
4841 1025912.6480 77954.5971 112.0000 ""
4842 1025912.8635 77951.4490 112.0000 ""
4843 1025931.2470 77938.0532 112.0000 ""
4844 1025976.9077 77940.4782 112.0000 ""
4845 1025995.1654 77937.8862 112.0000 ""
4846 1026013.5096 77943.1496 112.0000 ""
4847 1026020.9826 77951.7305 112.0000 ""
4848 1026043.7915 77970.7259 112.0000 ""
4849 1026052.9930 77977.9351 112.0000 ""
4850 1026084.1122 77979.6127 112.0000 ""
4851 1026105.9069 77979.9817 112.0000 ""
4852 1026146.0170 77991.6657 112.0000 ""
4853 1026200.9925 78004.9513 112.0000 ""
4854 1026252.5381 78014.7270 112.0000 ""
4855 1026275.0208 78022.7102 112.0000 ""
4856 1026289.6305 78034.2113 112.0000 ""
4857 1026311.9069 78028.0357 112.0000 ""
4858 1026318.6099 78020.6465 112.0000 ""
4859 1026325.5054 78013.6107 112.0000 ""
4860 1025033.4892 78900.6081 114.0000 ""
4861 1025037.4597 78897.4206 114.0000 ""
4862 1025041.0934 78891.1747 114.0000 ""
4863 1025040.5144 78882.9075 114.0000 ""
4864 1025042.8062 78873.7869 114.0000 ""
4865 1025046.4096 78866.5896 114.0000 ""
4866 1025058.9969 78865.4461 114.0000 ""
4867 1025061.2287 78864.0316 114.0000 ""
4868 1025052.7010 78852.8807 114.0000 ""
4869 1025052.5579 78847.7236 114.0000 ""
4870 1025053.5517 78836.0293 114.0000 ""
4871 1025049.3354 78822.1470 114.0000 ""
4872 1025049.9578 78804.2407 114.0000 ""
4873 1025049.3298 78776.6549 114.0000 ""
4874 1025050.4820 78762.1606 114.0000 ""
4875 1025051.3151 78746.1596 114.0000 ""
4876 1025043.2770 78730.7123 114.0000 ""
4877 1025040.8913 78720.2631 114.0000 ""
4878 1025042.9922 78689.0189 114.0000 ""
4879 1025055.0631 78676.6074 114.0000 ""
4880 1025062.6754 78666.7745 114.0000 ""
4881 1025070.1609 78643.7775 114.0000 ""
4882 1025063.1865 78574.7481 114.0000 ""
4883 1025061.5573 78556.8044 114.0000 ""
4884 1025062.0881 78540.8985 114.0000 ""
4885 1025065.0451 78533.4909 114.0000 ""
4886 1025061.2042 78523.2174 114.0000 ""
4887 1025058.7539 78513.4675 114.0000 ""
4888 1025064.2255 78491.0379 114.0000 ""
4889 1025084.8596 78478.4202 114.0000 ""
4890 1025096.8310 78465.9584 114.0000 ""
4891 1025098.8209 78466.5421 114.0000 ""
4892 1025139.0847 78463.0605 114.0000 ""
4893 1025153.9735 78461.9078 114.0000 ""
4894 1025168.6977 78463.8551 114.0000 ""
4895 1025180.3081 78463.8988 114.0000 ""
4896 1025197.0777 78461.3263 114.0000 ""
4897 1025214.4723 78457.5632 114.0000 ""
4898 1025221.4144 78448.6214 114.0000 ""
4899 1025221.2573 78432.1046 114.0000 ""
4900 1025203.5904 78408.0389 114.0000 ""
4901 1025187.4769 78398.3112 114.0000 ""
4902 1025175.4516 78396.5587 114.0000 ""
4903 1025170.4658 78388.4182 114.0000 ""
4904 1025167.3736 78375.8555 114.0000 ""
4905 1025163.9201 78371.0435 114.0000 ""
4906 1025158.7549 78364.3011 114.0000 ""
4907 1025159.5915 78355.3572 114.0000 ""
4908 1025164.3022 78343.0251 114.0000 ""
4909 1025165.3258 78322.6742 114.0000 ""
4910 1025168.9464 78314.6277 114.0000 ""
4911 1025171.7279 78303.6145 114.0000 ""
4912 1025182.0061 78281.0669 114.0000 ""
4913 1025183.6294 78267.9827 114.0000 ""
4914 1025181.2909 78257.6844 114.0000 ""
4915 1025182.5213 78246.6453 114.0000 ""
4916 1025200.8751 78242.4997 114.0000 ""
4917 1025218.4052 78237.0393 114.0000 ""
4918 1025221.9568 78227.4906 114.0000 ""
4919 1025227.3622 78210.6169 114.0000 ""
4920 1025225.5232 78200.3772 114.0000 ""
4921 1025225.7072 78191.5226 114.0000 ""
4922 1025255.6579 78197.6313 114.0000 ""
4923 1025277.8724 78202.7090 114.0000 ""
4924 1025312.9921 78212.8575 114.0000 ""
4925 1025327.5322 78225.9625 114.0000 ""
4926 1025379.0992 78236.7871 114.0000 ""
4927 1025398.1659 78241.5110 114.0000 ""
4928 1025423.4544 78264.6533 114.0000 ""
4929 1025439.1613 78284.1315 114.0000 ""
4930 1025439.8135 78303.3070 114.0000 ""
4931 1025414.9201 78318.9517 114.0000 ""
4932 1025366.5092 78322.4935 114.0000 ""
4933 1025356.0825 78320.9677 114.0000 ""
4934 1025348.8779 78316.0931 114.0000 ""
4935 1025347.6378 78317.9738 114.0000 ""
4936 1025348.2456 78322.4376 114.0000 ""
4937 1025354.3991 78336.9522 114.0000 ""
4938 1025356.5632 78348.3975 114.0000 ""
4939 1025379.4107 78390.3127 114.0000 ""
4940 1025382.1532 78405.2201 114.0000 ""
4941 1025368.8904 78431.8194 114.0000 ""
4942 1025355.0207 78456.3071 114.0000 ""
4943 1025346.9288 78462.8273 114.0000 ""
4944 1025333.3080 78468.1043 114.0000 ""
4945 1025317.0421 78494.7044 114.0000 ""
4946 1025307.0240 78526.4632 114.0000 ""
4947 1025303.6197 78536.1644 114.0000 ""
4948 1025299.7612 78550.8621 114.0000 ""
4949 1025301.8462 78563.7072 114.0000 ""
4950 1025302.9865 78566.6285 114.0000 ""
4951 1025336.5367 78555.9280 114.0000 ""
4952 1025353.8797 78547.3098 114.0000 ""
4953 1025362.5229 78540.7485 114.0000 ""
4954 1025369.1889 78530.6016 114.0000 ""
4955 1025360.8752 78516.5021 114.0000 ""
4956 1025363.7375 78508.7937 114.0000 ""
4957 1025369.0678 78505.1297 114.0000 ""
4958 1025391.7810 78488.4953 114.0000 ""
4959 1025428.8975 78477.0055 114.0000 ""
4960 1025439.2386 78470.5731 114.0000 ""
4961 1025447.2537 78462.9011 114.0000 ""
4962 1025454.8872 78451.9203 114.0000 ""
4963 1025461.9632 78441.2805 114.0000 ""
4964 1025475.4936 78433.0504 114.0000 ""
4965 1025484.9881 78424.0024 114.0000 ""
4966 1025504.0369 78400.6037 114.0000 ""
4967 1025517.7011 78390.7250 114.0000 ""
4968 1025521.7187 78385.1883 114.0000 ""
4969 1025564.1644 78350.5741 114.0000 ""
4970 1025565.4568 78336.5360 114.0000 ""
4971 1025565.5427 78322.7779 114.0000 ""
4972 1025574.3363 78316.1206 114.0000 ""
4973 1025578.6445 78313.4410 114.0000 ""
4974 1025584.4987 78279.7160 114.0000 ""
4975 1025602.3368 78271.1594 114.0000 ""
4976 1025632.1564 78268.6080 114.0000 ""
4977 1025649.7536 78274.0069 114.0000 ""
4978 1025661.3705 78280.7061 114.0000 ""
4979 1025675.9487 78277.2985 114.0000 ""
4980 1025698.8943 78270.8294 114.0000 ""
4981 1025708.4266 78267.0870 114.0000 ""
4982 1025719.6360 78262.0720 114.0000 ""
4983 1025733.6871 78252.7020 114.0000 ""
4984 1025751.5120 78237.4420 114.0000 ""
4985 1025767.7915 78214.7018 114.0000 ""
4986 1025780.7188 78201.6113 114.0000 ""
4987 1025795.1821 78179.5915 114.0000 ""
4988 1025795.7168 78158.6882 114.0000 ""
4989 1025796.4642 78144.3924 114.0000 ""
4990 1025815.4920 78121.7497 114.0000 ""
4991 1025842.5917 78110.1998 114.0000 ""
4992 1025864.8572 78088.1629 114.0000 ""
4993 1025876.9159 78080.7122 114.0000 ""
4994 1025888.7996 78074.4593 114.0000 ""
4995 1025905.4271 78056.5302 114.0000 ""
4996 1025909.6339 78049.0472 114.0000 ""
4997 1025924.3960 78041.4425 114.0000 ""
4998 1025943.7858 78039.7692 114.0000 ""
4999 1025959.5653 78038.5352 114.0000 ""
5000 1026019.1890 78040.3935 114.0000 ""
5001 1026035.2784 78029.0099 114.0000 ""
5002 1026045.4895 78014.1254 114.0000 ""
5003 1026064.7987 78004.1973 114.0000 ""
5004 1026088.5400 77999.9469 114.0000 ""
5005 1026118.8343 77997.9585 114.0000 ""
5006 1026157.6284 78000.7660 114.0000 ""
5007 1026176.4611 78004.0360 114.0000 ""
5008 1026209.9512 78018.9585 114.0000 ""
5009 1026232.8179 78022.9467 114.0000 ""
5010 1026247.9320 78029.4547 114.0000 ""
5011 1026257.2097 78032.9128 114.0000 ""
5012 1026277.1214 78039.5018 114.0000 ""
5013 1026291.1531 78047.5418 114.0000 ""
5014 1026316.6776 78039.4024 114.0000 ""
5015 1026302.7499 78057.4194 116.0000 ""
5016 1026299.8071 78069.6912 116.0000 ""
5017 1026308.9679 78084.0687 116.0000 ""
5018 1026310.3428 78086.3753 116.0000 ""
5019 1026311.0983 78087.2379 116.0000 ""
5020 1026313.3087 78092.2959 116.0000 ""
5021 1026327.7232 78055.8011 116.0000 ""
5022 1026331.9169 78046.7872 116.0000 ""
5023 1026332.7224 78045.4044 116.0000 ""
5024 1026302.7499 78057.4194 116.0000 ""
5025 1026297.8527 78054.3914 116.0000 ""
5026 1026297.8527 78054.3914 116.0000 ""
5027 1026272.9663 78058.5374 116.0000 ""
5028 1026272.9663 78058.5374 116.0000 ""
5029 1026264.2334 78050.9882 116.0000 ""
5030 1025070.5108 78891.8599 116.0000 ""
5031 1025080.4613 78885.1177 116.0000 ""
5032 1025089.3579 78878.5083 116.0000 ""
5033 1025120.0799 78854.8937 116.0000 ""
5034 1025128.5683 78843.8239 116.0000 ""
5035 1025122.5135 78829.3112 116.0000 ""
5036 1025123.1648 78826.8698 116.0000 ""
5037 1025133.0294 78819.4260 116.0000 ""
5038 1025125.7487 78803.6919 116.0000 ""
5039 1025118.3649 78809.7754 116.0000 ""
5040 1025097.1986 78835.9994 116.0000 ""
5041 1025085.4356 78843.2619 116.0000 ""
5042 1025077.8361 78838.0318 116.0000 ""
5043 1025074.7452 78815.7606 116.0000 ""
5044 1025071.0205 78811.9456 116.0000 ""
5045 1025064.5749 78806.5843 116.0000 ""
5046 1025068.4490 78795.9886 116.0000 ""
5047 1025073.2315 78772.9966 116.0000 ""
5048 1025061.3257 78746.1188 116.0000 ""
5049 1025066.9939 78738.3618 116.0000 ""
5050 1025071.0174 78735.0253 116.0000 ""
5051 1025075.3673 78732.8453 116.0000 ""
5052 1025069.0008 78723.6816 116.0000 ""
5053 1025064.7370 78719.3070 116.0000 ""
5054 1025057.4291 78709.6771 116.0000 ""
5055 1025059.5239 78700.4033 116.0000 ""
5056 1025066.8982 78685.1614 116.0000 ""
5057 1025086.5975 78659.7148 116.0000 ""
5058 1025090.2380 78648.3148 116.0000 ""
5059 1025078.5575 78603.4299 116.0000 ""
5060 1025074.9647 78590.8587 116.0000 ""
5061 1025072.6595 78564.4962 116.0000 ""
5062 1025073.2278 78546.7893 116.0000 ""
5063 1025078.5639 78526.0590 116.0000 ""
5064 1025083.6574 78512.1811 116.0000 ""
5065 1025090.2677 78499.9800 116.0000 ""
5066 1025123.4365 78479.0639 116.0000 ""
5067 1025147.5463 78479.7664 116.0000 ""
5068 1025197.7415 78479.9534 116.0000 ""
5069 1025206.6959 78480.1529 116.0000 ""
5070 1025231.1205 78477.6580 116.0000 ""
5071 1025235.9565 78476.1373 116.0000 ""
5072 1025251.5196 78459.3327 116.0000 ""
5073 1025257.2332 78439.6616 116.0000 ""
5074 1025254.7023 78431.4124 116.0000 ""
5075 1025222.9613 78410.3145 116.0000 ""
5076 1025211.7385 78398.8671 116.0000 ""
5077 1025199.8223 78384.6557 116.0000 ""
5078 1025191.6686 78367.6045 116.0000 ""
5079 1025179.5925 78329.7693 116.0000 ""
5080 1025188.5202 78295.1385 116.0000 ""
5081 1025190.4981 78286.6642 116.0000 ""
5082 1025195.4412 78275.1871 116.0000 ""
5083 1025208.2320 78268.9962 116.0000 ""
5084 1025218.8776 78262.4691 116.0000 ""
5085 1025235.9603 78259.2530 116.0000 ""
5086 1025243.9015 78243.1725 116.0000 ""
5087 1025253.3290 78227.8178 116.0000 ""
5088 1025258.6796 78223.2037 116.0000 ""
5089 1025277.7373 78233.2823 116.0000 ""
5090 1025284.7620 78234.8015 116.0000 ""
5091 1025299.2872 78234.1949 116.0000 ""
5092 1025310.0592 78252.8410 116.0000 ""
5093 1025317.7689 78264.7301 116.0000 ""
5094 1025324.5477 78275.6527 116.0000 ""
5095 1025324.9165 78294.0238 116.0000 ""
5096 1025315.8234 78314.9885 116.0000 ""
5097 1025314.9933 78326.0335 116.0000 ""
5098 1025316.6020 78337.7200 116.0000 ""
5099 1025324.8645 78339.8601 116.0000 ""
5100 1025344.0387 78349.0884 116.0000 ""
5101 1025347.9882 78366.1181 116.0000 ""
5102 1025358.9016 78389.9695 116.0000 ""
5103 1025364.8255 78398.6754 116.0000 ""
5104 1025367.1777 78401.0666 116.0000 ""
5105 1025378.2156 78394.8462 116.0000 ""
5106 1025378.6632 78404.6113 116.0000 ""
5107 1025370.1245 78415.7774 116.0000 ""
5108 1025347.7012 78444.9260 116.0000 ""
5109 1025326.8358 78459.2892 116.0000 ""
5110 1025313.8229 78476.2358 116.0000 ""
5111 1025299.8838 78501.6241 116.0000 ""
5112 1025295.4472 78522.4671 116.0000 ""
5113 1025277.8657 78535.2849 116.0000 ""
5114 1025268.5371 78541.0844 116.0000 ""
5115 1025262.4029 78568.9555 116.0000 ""
5116 1025260.6595 78575.7821 116.0000 ""
5117 1025268.4008 78588.5714 116.0000 ""
5118 1025286.6806 78595.1306 116.0000 ""
5119 1025294.1864 78592.7534 116.0000 ""
5120 1025339.1551 78588.8477 116.0000 ""
5121 1025366.8094 78568.0411 116.0000 ""
5122 1025370.8980 78554.2985 116.0000 ""
5123 1025387.3872 78526.5515 116.0000 ""
5124 1025396.9497 78507.0457 116.0000 ""
5125 1025403.5185 78496.7473 116.0000 ""
5126 1025412.2929 78495.8929 116.0000 ""
5127 1025421.7100 78492.9977 116.0000 ""
5128 1025439.8301 78485.4441 116.0000 ""
5129 1025452.3873 78473.4946 116.0000 ""
5130 1025475.9395 78454.9239 116.0000 ""
5131 1025480.1957 78445.1377 116.0000 ""
5132 1025487.4414 78433.5503 116.0000 ""
5133 1025503.2543 78421.4056 116.0000 ""
5134 1025514.3835 78415.5373 116.0000 ""
5135 1025526.6230 78401.9822 116.0000 ""
5136 1025539.2081 78383.8298 116.0000 ""
5137 1025549.3469 78375.0432 116.0000 ""
5138 1025575.5004 78370.8278 116.0000 ""
5139 1025588.9696 78355.8430 116.0000 ""
5140 1025595.0053 78354.2929 116.0000 ""
5141 1025595.2790 78345.9418 116.0000 ""
5142 1025601.2767 78334.1843 116.0000 ""
5143 1025611.5819 78329.4037 116.0000 ""
5144 1025619.3053 78328.4824 116.0000 ""
5145 1025628.4829 78322.5823 116.0000 ""
5146 1025617.5460 78314.4436 116.0000 ""
5147 1025616.0132 78308.7641 116.0000 ""
5148 1025599.5438 78304.4351 116.0000 ""
5149 1025599.2807 78290.6213 116.0000 ""
5150 1025620.8465 78285.6296 116.0000 ""
5151 1025632.8897 78288.6837 116.0000 ""
5152 1025639.4850 78296.2993 116.0000 ""
5153 1025638.1508 78307.5343 116.0000 ""
5154 1025632.8262 78315.8006 116.0000 ""
5155 1025635.7467 78319.7021 116.0000 ""
5156 1025649.9489 78310.3339 116.0000 ""
5157 1025665.3681 78309.7920 116.0000 ""
5158 1025688.1282 78293.0128 116.0000 ""
5159 1025698.6626 78286.7856 116.0000 ""
5160 1025709.5636 78277.3625 116.0000 ""
5161 1025723.9420 78269.0986 116.0000 ""
5162 1025746.1086 78268.7704 116.0000 ""
5163 1025768.5246 78261.2421 116.0000 ""
5164 1025774.2926 78234.0227 116.0000 ""
5165 1025788.8210 78220.9090 116.0000 ""
5166 1025799.0585 78212.0758 116.0000 ""
5167 1025799.0479 78207.7731 116.0000 ""
5168 1025807.1516 78188.4981 116.0000 ""
5169 1025809.6625 78171.1803 116.0000 ""
5170 1025805.9547 78161.8624 116.0000 ""
5171 1025805.1355 78150.7421 116.0000 ""
5172 1025821.6376 78141.3146 116.0000 ""
5173 1025828.3536 78150.2829 116.0000 ""
5174 1025842.9750 78137.4718 116.0000 ""
5175 1025844.7029 78131.3474 116.0000 ""
5176 1025844.7029 78131.3474 116.0000 ""
5177 1025857.8421 78124.8652 116.0000 ""
5178 1025866.6822 78115.8591 116.0000 ""
5179 1025871.3287 78111.2849 116.0000 ""
5180 1025874.8428 78101.0385 116.0000 ""
5181 1025881.3715 78094.9452 116.0000 ""
5182 1025894.5029 78088.8134 116.0000 ""
5183 1025901.2460 78082.0235 116.0000 ""
5184 1025914.7279 78066.2425 116.0000 ""
5185 1025931.1670 78062.1679 116.0000 ""
5186 1025932.4783 78061.6397 116.0000 ""
5187 1025934.2727 78054.7164 116.0000 ""
5188 1025945.4434 78053.8546 116.0000 ""
5189 1025948.4120 78057.8068 116.0000 ""
5190 1025957.2613 78065.1600 116.0000 ""
5191 1026000.8615 78060.7940 116.0000 ""
5192 1026031.1996 78047.1997 116.0000 ""
5193 1026041.9100 78046.7805 116.0000 ""
5194 1026050.5999 78047.3275 116.0000 ""
5195 1026052.8710 78036.7109 116.0000 ""
5196 1026067.2134 78025.1479 116.0000 ""
5197 1026085.9911 78016.7114 116.0000 ""
5198 1026109.1374 78014.6019 116.0000 ""
5199 1026118.4735 78015.3101 116.0000 ""
5200 1026135.0729 78010.5887 116.0000 ""
5201 1026172.5148 78015.8742 116.0000 ""
5202 1026220.8290 78036.8494 116.0000 ""
5203 1026234.5762 78044.1846 116.0000 ""
5204 1026248.2011 78045.3652 116.0000 ""
5205 1026264.2334 78050.9882 116.0000 ""
5206 1026352.7617 78051.0018 116.0000 ""
5207 1026354.4496 78062.5739 116.0000 ""
5208 1026357.1518 78051.2523 116.0000 ""
5209 1026228.4777 78276.5155 118.0000 ""
5210 1026228.5056 78275.7418 118.0000 ""
5211 1026221.7133 78262.6831 118.0000 ""
5212 1026233.9910 78250.2851 118.0000 ""
5213 1026243.5051 78242.0026 118.0000 ""
5214 1026251.2289 78236.0360 118.0000 ""
5215 1026264.8695 78227.4800 118.0000 ""
5216 1026271.9426 78221.8310 118.0000 ""
5217 1026288.8345 78210.2333 118.0000 ""
5218 1026302.6024 78188.6073 118.0000 ""
5219 1026311.0699 78177.0977 118.0000 ""
5220 1026311.9626 78172.7169 118.0000 ""
5221 1026315.7885 78165.6229 118.0000 ""
5222 1026320.5574 78163.9013 118.0000 ""
5223 1026332.2900 78157.5110 118.0000 ""
5224 1026329.0533 78146.9913 118.0000 ""
5225 1026339.6422 78138.3312 118.0000 ""
5226 1026361.0971 78126.5026 118.0000 ""
5227 1026351.5109 78122.3395 118.0000 ""
5228 1026348.3764 78120.7480 118.0000 ""
5229 1026347.2820 78107.2514 118.0000 ""
5230 1026347.2427 78106.6898 118.0000 ""
5231 1026347.4969 78106.5167 118.0000 ""
5232 1026347.5998 78106.4492 118.0000 ""
5233 1026358.0763 78094.0257 118.0000 ""
5234 1026361.7200 78092.3979 118.0000 ""
5235 1026363.4519 78090.9442 118.0000 ""
5236 1026358.1753 78076.7213 118.0000 ""
5237 1026362.8040 78053.7333 118.0000 ""
5238 1026363.1253 78052.3871 118.0000 ""
5239 1026317.7117 78196.9841 120.0000 ""
5240 1026325.0609 78186.9945 120.0000 ""
5241 1026325.3849 78185.4046 120.0000 ""
5242 1026337.5492 78162.8497 120.0000 ""
5243 1026338.3750 78162.5516 120.0000 ""
5244 1026359.6715 78150.9522 120.0000 ""
5245 1026357.3079 78143.2701 120.0000 ""
5246 1026357.8924 78132.9388 120.0000 ""
5247 1026393.0775 78113.4844 120.0000 ""
5248 1026394.2534 78113.0293 120.0000 ""
5249 1026393.8087 78112.8594 120.0000 ""
5250 1026392.4290 78111.7175 120.0000 ""
5251 1026381.9776 78106.4111 120.0000 ""
5252 1026381.7723 78103.8803 120.0000 ""
5253 1026382.8089 78101.8751 120.0000 ""
5254 1026380.1641 78094.0652 120.0000 ""
5255 1026381.0620 78091.5539 120.0000 ""
5256 1026380.0526 78090.8364 120.0000 ""
5257 1026375.9687 78088.8989 120.0000 ""
5258 1026371.8253 78082.1722 120.0000 ""
5259 1026381.0214 78063.9150 120.0000 ""
5260 1026382.3874 78061.2194 120.0000 ""
5261 1026237.9906 78271.3742 120.0000 ""
5262 1026237.9996 78271.1248 120.0000 ""
5263 1026235.8104 78266.9159 120.0000 ""
5264 1026239.7676 78262.9198 120.0000 ""
5265 1026242.8341 78260.2503 120.0000 ""
5266 1026265.0563 78243.0839 120.0000 ""
5267 1026268.4464 78240.9574 120.0000 ""
5268 1026270.2042 78239.5535 120.0000 ""
5269 1026303.1434 78216.9380 120.0000 ""
5270 1026303.8599 78215.8126 120.0000 ""
5271 1026314.9462 78200.7431 120.0000 ""
5272 1026353.8595 78175.9491 122.0000 ""
5273 1026358.6660 78167.9123 122.0000 ""
5274 1026366.6262 78162.3308 122.0000 ""
5275 1026385.4394 78144.5231 122.0000 ""
5276 1026389.9080 78126.0256 122.0000 ""
5277 1026390.2592 78119.8178 122.0000 ""
5278 1026394.9749 78117.2104 122.0000 ""
5279 1026424.0932 78105.9429 122.0000 ""
5280 1026413.0801 78101.7345 122.0000 ""
5281 1026408.8395 78098.2249 122.0000 ""
5282 1026407.0431 78092.9017 122.0000 ""
5283 1026404.2707 78087.7667 122.0000 ""
5284 1026398.3915 78087.4659 122.0000 ""
5285 1026392.0380 78084.1587 122.0000 ""
5286 1026391.0627 78079.5245 122.0000 ""
5287 1026396.7312 78060.7133 122.0000 ""
5288 1026403.4778 78143.2567 124.0000 ""
5289 1026408.7209 78138.2939 124.0000 ""
5290 1026409.8983 78133.4197 124.0000 ""
5291 1026412.9723 78116.6511 124.0000 ""
5292 1026432.6876 78108.9178 124.0000 ""
5293 1026445.8744 78103.8696 124.0000 ""
5294 1026453.7819 78100.4057 124.0000 ""
5295 1026448.2031 78097.3937 124.0000 ""
5296 1026435.5300 78092.1407 124.0000 ""
5297 1026429.0182 78082.3632 124.0000 ""
5298 1026428.7118 78081.7466 124.0000 ""
5299 1026428.0250 78081.2744 124.0000 ""
5300 1026425.9739 78081.5849 124.0000 ""
5301 1026414.3376 78080.9896 124.0000 ""
5302 1026411.7422 78079.6386 124.0000 ""
5303 1026408.7827 78065.5767 124.0000 ""
5304 1026410.6302 78059.4458 124.0000 ""
5305 1026471.5439 78088.9256 126.0000 ""
5306 1026470.5692 78088.3994 126.0000 ""
5307 1026467.4137 78087.0914 126.0000 ""
5308 1026465.7923 78084.6569 126.0000 ""
5309 1026461.6932 78076.4097 126.0000 ""
5310 1026452.5059 78070.0936 126.0000 ""
5311 1026440.6386 78071.8899 126.0000 ""
5312 1026441.7100 78061.9236 126.0000 ""
5313 1026461.9834 78045.1543 126.0000 ""
5314 1026464.0369 78043.7450 126.0000 ""
5315 1026464.9752 78042.8120 126.0000 ""
5316 1026439.9993 78132.3396 126.0000 ""
5317 1026433.7049 78116.4680 126.0000 ""
5318 1026433.9177 78115.3071 126.0000 ""
5319 1026434.8162 78114.9547 126.0000 ""
5320 1026465.2032 78103.3220 126.0000 ""
5321 1026480.4928 78096.6242 126.0000 ""
5322 1026491.4668 78094.5781 126.0000 ""
5323 1026479.6454 78093.2995 126.0000 ""
5324 1026475.7969 78091.2218 126.0000 ""
5325 1026218.9648 78281.6568 116.0000 ""
5326 1026219.0116 78280.3587 116.0000 ""
5327 1026214.1879 78271.0848 116.0000 ""
5328 1026209.5260 78266.4114 116.0000 ""
5329 1026208.6991 78262.0375 116.0000 ""
5330 1026213.3225 78253.2932 116.0000 ""
5331 1026218.9009 78247.5837 116.0000 ""
5332 1026236.8658 78229.7501 116.0000 ""
5333 1026237.6157 78229.0885 116.0000 ""
5334 1026253.3875 78218.9610 116.0000 ""
5335 1026261.2927 78214.0025 116.0000 ""
5336 1026273.6810 78204.1085 116.0000 ""
5337 1026274.5256 78203.5286 116.0000 ""
5338 1026277.5732 78198.7416 116.0000 ""
5339 1026283.0027 78189.9905 116.0000 ""
5340 1026299.9374 78167.5590 116.0000 ""
5341 1026300.7974 78165.9523 116.0000 ""
5342 1026302.7398 78165.2510 116.0000 ""
5343 1026304.9085 78164.0698 116.0000 ""
5344 1026304.3102 78162.1253 116.0000 ""
5345 1026315.2246 78153.1990 116.0000 ""
5346 1026299.6323 78154.9982 116.0000 ""
5347 1026295.7953 78154.6289 116.0000 ""
5348 1026295.7792 78151.0295 116.0000 ""
5349 1026293.8387 78141.9305 116.0000 ""
5350 1026292.9598 78137.7454 116.0000 ""
5351 1026301.2119 78120.1672 116.0000 ""
5352 1026291.8008 78138.1580 116.0000 ""
5353 1026290.9437 78139.0599 116.0000 ""
5354 1026265.7727 78159.2121 116.0000 ""
5355 1026262.1861 78161.9324 116.0000 ""
5356 1026247.1319 78172.2040 116.0000 ""
5357 1026224.9656 78190.7238 116.0000 ""
5358 1026215.9506 78196.5846 116.0000 ""
5359 1026213.8237 78198.0043 116.0000 ""
5360 1026209.5897 78204.2988 116.0000 ""
5361 1026185.4471 78226.1843 116.0000 ""
5362 1026176.7587 78232.4608 116.0000 ""
5363 1026170.8293 78234.5763 116.0000 ""
5364 1026160.2451 78228.4985 116.0000 ""
5365 1026154.0087 78223.9267 116.0000 ""
5366 1026144.5907 78214.8345 116.0000 ""
5367 1025172.7478 78885.4385 118.0000 ""
5368 1025175.4311 78871.9211 118.0000 ""
5369 1025175.4311 78871.9211 118.0000 ""
5370 1025164.0333 78830.3473 118.0000 ""
5371 1025159.3234 78796.8905 118.0000 ""
5372 1025156.0166 78787.4276 118.0000 ""
5373 1025147.7873 78745.1046 118.0000 ""
5374 1025158.5673 78708.0506 118.0000 ""
5375 1025156.9382 78690.1079 118.0000 ""
5376 1025164.6277 78674.1214 118.0000 ""
5377 1025174.0838 78655.0116 118.0000 ""
5378 1025180.3073 78651.7620 118.0000 ""
5379 1025187.5759 78643.9759 118.0000 ""
5380 1025190.9038 78640.3780 118.0000 ""
5381 1025185.7443 78638.1905 118.0000 ""
5382 1025182.9240 78641.4465 118.0000 ""
5383 1025149.2974 78660.4052 118.0000 ""
5384 1025133.1505 78664.2909 118.0000 ""
5385 1025117.0234 78691.2976 118.0000 ""
5386 1025113.5613 78703.7514 118.0000 ""
5387 1025104.4941 78733.0275 118.0000 ""
5388 1025098.8801 78738.2393 118.0000 ""
5389 1025096.7540 78746.6117 118.0000 ""
5390 1025095.5779 78759.8542 118.0000 ""
5391 1025098.1958 78768.7555 118.0000 ""
5392 1025091.5749 78776.6531 118.0000 ""
5393 1025084.0366 78763.6668 118.0000 ""
5394 1025085.2910 78751.4765 118.0000 ""
5395 1025094.8316 78701.8394 118.0000 ""
5396 1025098.9693 78690.5978 118.0000 ""
5397 1025094.3686 78678.3605 118.0000 ""
5398 1025104.3970 78631.7347 118.0000 ""
5399 1025091.4595 78603.9948 118.0000 ""
5400 1025087.7719 78574.3064 118.0000 ""
5401 1025085.9627 78562.6157 118.0000 ""
5402 1025088.1424 78542.0331 118.0000 ""
5403 1025092.8561 78522.3436 118.0000 ""
5404 1025113.1585 78496.7585 118.0000 ""
5405 1025132.5705 78494.7302 118.0000 ""
5406 1025150.3072 78493.8249 118.0000 ""
5407 1025164.4538 78494.6614 118.0000 ""
5408 1025195.8674 78500.2898 118.0000 ""
5409 1025235.3814 78523.0674 118.0000 ""
5410 1025241.7468 78529.8291 118.0000 ""
5411 1025250.3598 78548.8384 118.0000 ""
5412 1025250.7132 78570.3622 118.0000 ""
5413 1025248.9433 78588.0976 118.0000 ""
5414 1025244.8298 78593.3837 118.0000 ""
5415 1025248.5426 78600.1510 118.0000 ""
5416 1025257.2905 78607.8528 118.0000 ""
5417 1025264.3323 78615.7763 118.0000 ""
5418 1025273.6027 78612.7778 118.0000 ""
5419 1025300.3894 78612.1222 118.0000 ""
5420 1025306.6183 78606.1708 118.0000 ""
5421 1025324.2582 78604.9629 118.0000 ""
5422 1025340.4699 78602.6304 118.0000 ""
5423 1025354.8441 78599.6169 118.0000 ""
5424 1025372.7984 78588.0563 118.0000 ""
5425 1025381.2804 78569.9833 118.0000 ""
5426 1025382.0352 78555.3346 118.0000 ""
5427 1025390.0911 78540.9075 118.0000 ""
5428 1025395.8776 78534.5490 118.0000 ""
5429 1025405.9877 78529.6135 118.0000 ""
5430 1025412.0649 78523.7103 118.0000 ""
5431 1025430.3097 78505.3503 118.0000 ""
5432 1025451.2981 78489.7885 118.0000 ""
5433 1025461.5046 78485.0052 118.0000 ""
5434 1025477.7171 78475.3184 118.0000 ""
5435 1025494.7264 78465.7952 118.0000 ""
5436 1025493.9278 78456.0749 118.0000 ""
5437 1025497.1446 78436.1142 118.0000 ""
5438 1025522.9112 78419.2825 118.0000 ""
5439 1025532.2958 78410.6832 118.0000 ""
5440 1025540.4708 78404.9157 118.0000 ""
5441 1025545.3800 78392.5891 118.0000 ""
5442 1025560.8296 78385.8428 118.0000 ""
5443 1025577.7754 78381.7233 118.0000 ""
5444 1025584.4279 78379.3830 118.0000 ""
5445 1025598.7968 78378.8730 118.0000 ""
5446 1025617.7516 78371.9354 118.0000 ""
5447 1025630.0600 78364.6365 118.0000 ""
5448 1025632.5810 78356.4733 118.0000 ""
5449 1025637.5027 78355.5551 118.0000 ""
5450 1025642.7319 78359.0950 118.0000 ""
5451 1025652.7408 78354.1092 118.0000 ""
5452 1025660.1051 78343.9760 118.0000 ""
5453 1025686.2830 78316.7970 118.0000 ""
5454 1025705.4974 78299.7083 118.0000 ""
5455 1025722.1600 78282.6271 118.0000 ""
5456 1025757.6569 78281.1217 118.0000 ""
5457 1025778.4392 78275.1668 118.0000 ""
5458 1025791.8901 78282.5968 118.0000 ""
5459 1025801.9281 78285.7671 118.0000 ""
5460 1025811.1255 78293.2757 118.0000 ""
5461 1025814.6795 78288.3325 118.0000 ""
5462 1025809.6976 78272.9400 118.0000 ""
5463 1025811.2603 78250.7034 118.0000 ""
5464 1025811.2860 78242.2489 118.0000 ""
5465 1025811.6920 78234.7514 118.0000 ""
5466 1025813.3685 78219.0705 118.0000 ""
5467 1025826.0027 78181.5613 118.0000 ""
5468 1025819.5992 78171.9980 118.0000 ""
5469 1025822.4988 78162.4413 118.0000 ""
5470 1025838.6924 78155.8101 118.0000 ""
5471 1025877.9774 78137.9117 118.0000 ""
5472 1025885.3134 78136.2844 118.0000 ""
5473 1025905.5804 78118.9165 118.0000 ""
5474 1025911.2014 78105.9543 118.0000 ""
5475 1025923.3094 78093.7020 118.0000 ""
5476 1025931.7886 78085.1905 118.0000 ""
5477 1025945.9610 78079.4767 118.0000 ""
5478 1025950.7073 78077.3057 118.0000 ""
5479 1025966.8919 78080.6305 118.0000 ""
5480 1025974.6358 78083.4126 118.0000 ""
5481 1025994.3309 78081.4440 118.0000 ""
5482 1025993.1292 78086.3262 118.0000 ""
5483 1025992.4023 78090.0157 118.0000 ""
5484 1026003.6028 78094.9071 118.0000 ""
5485 1026015.8536 78085.3591 118.0000 ""
5486 1026027.4085 78075.5994 118.0000 ""
5487 1026043.9345 78074.4778 118.0000 ""
5488 1026059.0979 78071.5324 118.0000 ""
5489 1026069.8524 78056.9572 118.0000 ""
5490 1026090.2773 78039.0441 118.0000 ""
5491 1026108.0518 78033.1418 118.0000 ""
5492 1026148.4839 78022.1205 118.0000 ""
5493 1026173.3818 78036.6974 118.0000 ""
5494 1026196.4472 78040.7889 118.0000 ""
5495 1026218.6555 78059.6216 118.0000 ""
5496 1026222.4261 78065.8377 118.0000 ""
5497 1026235.7702 78070.9150 118.0000 ""
5498 1026242.6028 78064.5279 118.0000 ""
5499 1026267.0640 78073.3663 118.0000 ""
5500 1026151.7033 78058.9590 120.0000 ""
5501 1026158.0855 78049.4644 120.0000 ""
5502 1026151.7033 78058.9590 120.0000 ""
5503 1026267.9509 78074.3039 118.0000 ""
5504 1026285.2495 78103.3249 118.0000 ""
5505 1026294.4539 78113.8344 118.0000 ""
5506 1026288.7024 78117.3706 118.0000 ""
5507 1026274.9902 78130.0396 118.0000 ""
5508 1026262.0187 78143.1163 118.0000 ""
5509 1026247.3950 78147.4746 118.0000 ""
5510 1026218.4904 78161.2487 118.0000 ""
5511 1026215.9680 78162.8886 118.0000 ""
5512 1026211.0807 78166.1511 118.0000 ""
5513 1026210.8591 78166.3220 118.0000 ""
5514 1026207.4784 78167.1463 118.0000 ""
5515 1026192.5419 78166.0733 118.0000 ""
5516 1026187.9572 78172.5487 118.0000 ""
5517 1026181.7814 78183.3991 118.0000 ""
5518 1026168.0726 78191.0215 118.0000 ""
5519 1026161.9837 78211.0839 118.0000 ""
5520 1026151.9574 78208.5577 118.0000 ""
5521 1026129.3409 78202.0746 118.0000 ""
5522 1026115.1762 78173.8740 118.0000 ""
5523 1026074.1349 78158.8263 118.0000 ""
5524 1026050.4027 78160.2273 118.0000 ""
5525 1026026.1136 78159.5179 118.0000 ""
5526 1026020.8135 78157.0775 118.0000 ""
5527 1026003.7551 78162.1427 118.0000 ""
5528 1025970.0452 78157.4728 118.0000 ""
5529 1025965.2043 78161.7935 118.0000 ""
5530 1025948.6104 78161.3138 118.0000 ""
5531 1025910.3462 78161.5197 118.0000 ""
5532 1025899.8805 78169.3477 118.0000 ""
5533 1025880.9819 78181.0360 118.0000 ""
5534 1025882.4373 78214.4788 118.0000 ""
5535 1025884.5372 78216.9155 118.0000 ""
5536 1025885.6875 78253.0044 118.0000 ""
5537 1025883.4435 78271.9270 118.0000 ""
5538 1025880.2930 78283.9307 118.0000 ""
5539 1025897.8786 78287.2775 118.0000 ""
5540 1025905.6480 78288.8587 118.0000 ""
5541 1025907.4244 78302.0455 118.0000 ""
5542 1025900.9355 78311.0415 118.0000 ""
5543 1025893.2814 78327.9723 118.0000 ""
5544 1025901.1802 78335.3586 118.0000 ""
5545 1025911.4974 78344.2861 118.0000 ""
5546 1025921.0147 78353.2002 118.0000 ""
5547 1025944.1826 78364.6439 118.0000 ""
5548 1025953.4825 78381.5039 118.0000 ""
5549 1026109.8172 78140.6192 120.0000 ""
5550 1026107.5022 78138.9294 120.0000 ""
5551 1026098.2285 78140.0237 120.0000 ""
5552 1026077.5115 78135.9227 120.0000 ""
5553 1026054.2520 78133.8298 120.0000 ""
5554 1026050.2752 78115.8543 120.0000 ""
5555 1026060.7528 78102.5748 120.0000 ""
5556 1026071.9005 78107.5651 120.0000 ""
5557 1026082.6852 78101.1441 120.0000 ""
5558 1026087.5702 78089.8714 120.0000 ""
5559 1026111.0423 78086.5160 120.0000 ""
5560 1026130.1690 78075.6841 120.0000 ""
5561 1026143.8962 78072.0142 120.0000 ""
5562 1026151.8458 78067.2464 120.0000 ""
5563 1026156.9650 78066.3325 120.0000 ""
5564 1026155.2511 78071.8058 120.0000 ""
5565 1026178.6957 78069.7008 120.0000 ""
5566 1026216.3036 78074.1376 120.0000 ""
5567 1026217.7188 78075.8121 120.0000 ""
5568 1026214.1295 78077.7023 120.0000 ""
5569 1026216.5653 78085.5965 120.0000 ""
5570 1026218.3241 78087.5769 120.0000 ""
5571 1026228.7847 78082.2514 120.0000 ""
5572 1026237.5979 78079.1990 120.0000 ""
5573 1026239.7088 78088.2881 120.0000 ""
5574 1026237.3788 78099.3530 120.0000 ""
5575 1026239.4021 78105.4394 120.0000 ""
5576 1026234.7441 78125.0684 120.0000 ""
5577 1026205.0315 78137.7224 120.0000 ""
5578 1026190.2261 78137.7282 120.0000 ""
5579 1026174.3928 78137.7343 120.0000 ""
5580 1026173.1308 78137.7348 120.0000 ""
5581 1026165.5093 78138.7568 120.0000 ""
5582 1026142.1906 78144.4163 120.0000 ""
5583 1026111.2044 78141.2428 120.0000 ""
5584 1026109.8172 78140.6192 120.0000 ""
5585 1026109.8172 78140.6192 120.0000 ""
5586 1026203.9207 78111.7934 122.0000 ""
5587 1026199.4837 78113.5693 122.0000 ""
5588 1026189.3350 78108.6962 122.0000 ""
5589 1026183.3796 78106.5449 122.0000 ""
5590 1026178.0969 78103.3045 122.0000 ""
5591 1026183.4646 78092.8408 122.0000 ""
5592 1026194.9774 78094.6357 122.0000 ""
5593 1026200.3487 78100.8288 122.0000 ""
5594 1026203.1157 78109.6290 122.0000 ""
5595 1026203.9207 78111.7934 122.0000 ""
5596 1026010.9221 78117.5873 120.0000 ""
5597 1026021.1986 78119.3158 120.0000 ""
5598 1026014.1231 78130.1017 120.0000 ""
5599 1026010.1671 78147.1934 120.0000 ""
5600 1026001.6383 78148.5004 120.0000 ""
5601 1025986.1486 78138.2344 120.0000 ""
5602 1025965.1948 78126.1752 120.0000 ""
5603 1025965.1948 78126.1752 120.0000 ""
5604 1025965.1948 78126.1752 120.0000 ""
5605 1025961.5015 78125.8127 120.0000 ""
5606 1025947.0488 78123.3679 120.0000 ""
5607 1025945.9344 78124.0495 120.0000 ""
5608 1025945.7744 78105.2870 120.0000 ""
5609 1025945.6253 78100.4320 120.0000 ""
5610 1025957.1123 78093.9724 120.0000 ""
5611 1025964.8436 78092.5521 120.0000 ""
5612 1025977.4203 78096.2161 120.0000 ""
5613 1025981.2146 78098.9315 120.0000 ""
5614 1025984.0917 78109.6854 120.0000 ""
5615 1025994.2506 78109.3565 120.0000 ""
5616 1025996.6770 78110.6509 120.0000 ""
5617 1026209.4518 78286.7981 114.0000 ""
5618 1026209.4771 78286.0991 114.0000 ""
5619 1026207.4411 78284.1023 114.0000 ""
5620 1026205.5734 78283.1617 114.0000 ""
5621 1026201.1455 78281.6414 114.0000 ""
5622 1026195.1862 78278.6440 114.0000 ""
5623 1026188.2836 78275.1686 114.0000 ""
5624 1026188.0787 78275.7442 114.0000 ""
5625 1026187.6161 78275.2077 114.0000 ""
5626 1026184.9835 78276.3594 114.0000 ""
5627 1026187.8221 78273.6856 114.0000 ""
5628 1026188.5106 78271.4267 114.0000 ""
5629 1026198.1157 78265.2619 114.0000 ""
5630 1026199.9805 78255.2399 114.0000 ""
5631 1026210.5107 78245.1694 114.0000 ""
5632 1026235.0243 78223.9231 114.0000 ""
5633 1026240.0721 78220.0989 114.0000 ""
5634 1026247.1482 78211.6157 114.0000 ""
5635 1026243.5978 78206.4541 114.0000 ""
5636 1026241.1666 78202.5476 114.0000 ""
5637 1026247.5430 78192.0763 114.0000 ""
5638 1026245.4686 78183.5661 114.0000 ""
5639 1026218.4833 78203.7916 114.0000 ""
5640 1026207.4927 78213.7547 114.0000 ""
5641 1026176.0451 78236.4725 114.0000 ""
5642 1026158.4078 78242.7650 114.0000 ""
5643 1026155.0936 78244.7247 114.0000 ""
5644 1026154.9572 78243.8144 114.0000 ""
5645 1026150.9581 78239.8384 114.0000 ""
5646 1026130.2001 78219.7985 114.0000 ""
5647 1025962.3951 78367.8730 116.0000 ""
5648 1025958.3062 78358.6610 116.0000 ""
5649 1025923.3943 78327.6533 116.0000 ""
5650 1025917.8858 78324.9908 116.0000 ""
5651 1025918.2223 78318.0860 116.0000 ""
5652 1025921.7365 78299.0551 116.0000 ""
5653 1025918.7137 78288.4729 116.0000 ""
5654 1025910.6480 78282.8775 116.0000 ""
5655 1025908.1081 78263.4396 116.0000 ""
5656 1025909.1243 78246.0779 116.0000 ""
5657 1025906.0284 78223.7441 116.0000 ""
5658 1025902.4540 78212.3665 116.0000 ""
5659 1025909.0271 78197.0675 116.0000 ""
5660 1025918.1138 78188.0524 116.0000 ""
5661 1025928.8244 78190.6780 116.0000 ""
5662 1025929.4300 78193.3243 116.0000 ""
5663 1025930.2827 78194.4686 116.0000 ""
5664 1025941.4370 78193.8405 116.0000 ""
5665 1025942.4818 78190.9827 116.0000 ""
5666 1025948.6837 78190.3393 116.0000 ""
5667 1025962.9330 78186.4891 116.0000 ""
5668 1025975.7797 78181.6985 116.0000 ""
5669 1026001.0317 78176.5713 116.0000 ""
5670 1026014.5926 78178.6769 116.0000 ""
5671 1026032.8053 78180.5000 116.0000 ""
5672 1026079.6409 78186.6240 116.0000 ""
5673 1026088.8935 78185.6592 116.0000 ""
5674 1026094.2034 78189.1727 116.0000 ""
5675 1026109.1321 78199.2703 116.0000 ""
5676 1026126.1145 78210.6039 116.0000 ""
5677 1026140.4488 78213.3244 116.0000 ""
5678 1026143.3001 78214.1629 116.0000 ""
5679 1025970.3702 78359.0755 114.0000 ""
5680 1025963.3111 78349.0823 114.0000 ""
5681 1025950.0095 78327.3672 114.0000 ""
5682 1025934.9674 78310.7665 114.0000 ""
5683 1025925.8766 78242.7100 114.0000 ""
5684 1025915.5656 78214.7755 114.0000 ""
5685 1025927.2113 78209.5930 114.0000 ""
5686 1025937.1665 78209.6235 114.0000 ""
5687 1025955.3075 78200.5450 114.0000 ""
5688 1026000.6586 78189.8262 114.0000 ""
5689 1026062.3045 78197.2470 114.0000 ""
5690 1026078.7621 78196.9320 114.0000 ""
5691 1026110.8152 78214.5616 114.0000 ""
5692 1026129.3268 78219.0232 114.0000 ""
5693 1026192.6748 78300.0826 112.0000 ""
5694 1026194.0872 78291.1921 112.0000 ""
5695 1026203.5020 78288.3223 112.0000 ""
5696 1026203.0751 78285.5983 112.0000 ""
5697 1026193.0662 78280.5588 112.0000 ""
5698 1026189.9537 78289.2998 112.0000 ""
5699 1026182.9284 78281.1521 112.0000 ""
5700 1026174.1330 78285.0000 112.0000 ""
5701 1026179.0072 78292.0746 112.0000 ""
5702 1026171.5651 78289.7764 112.0000 ""
5703 1026168.0212 78290.6508 112.0000 ""
5704 1026165.5601 78289.3954 112.0000 ""
5705 1026162.9715 78288.3638 112.0000 ""
5706 1026163.2643 78286.6326 112.0000 ""
5707 1026159.0754 78283.8844 112.0000 ""
5708 1026179.8822 78263.9858 112.0000 ""
5709 1026176.7541 78263.3749 112.0000 ""
5710 1026169.8726 78257.7426 112.0000 ""
5711 1026169.8961 78254.4653 112.0000 ""
5712 1026177.6465 78245.8946 112.0000 ""
5713 1026183.4765 78236.9497 112.0000 ""
5714 1026186.8906 78232.1338 112.0000 ""
5715 1026175.3314 78240.4841 112.0000 ""
5716 1026173.0096 78241.3125 112.0000 ""
5717 1026142.9626 78259.0788 112.0000 ""
5718 1026141.7252 78250.8266 112.0000 ""
5719 1026126.2070 78235.3980 112.0000 ""
5720 1026119.8045 78228.1627 112.0000 ""
5721 1026115.5328 78225.1959 112.0000 ""
5722 1025978.2678 78350.0741 112.0000 ""
5723 1025976.0807 78345.7020 112.0000 ""
5724 1025967.5018 78318.4918 112.0000 ""
5725 1025966.6359 78310.8452 112.0000 ""
5726 1025951.1900 78292.4472 112.0000 ""
5727 1025948.0564 78276.5642 112.0000 ""
5728 1025944.6560 78252.3813 112.0000 ""
5729 1025936.9701 78236.4809 112.0000 ""
5730 1025940.9956 78223.1997 112.0000 ""
5731 1025949.6315 78213.9373 112.0000 ""
5732 1025963.9235 78206.2859 112.0000 ""
5733 1025968.9299 78208.2013 112.0000 ""
5734 1025989.2246 78200.5080 112.0000 ""
5735 1026044.2090 78203.7746 112.0000 ""
5736 1026076.9879 78209.6969 112.0000 ""
5737 1026089.0048 78214.8640 112.0000 ""
5738 1026109.4779 78222.9883 112.0000 ""
5739 1026114.4239 78224.6047 112.0000 ""
5740 1026099.3515 78230.8623 110.0000 ""
5741 1026089.3885 78226.9075 110.0000 ""
5742 1026064.5970 78217.0850 110.0000 ""
5743 1026040.6858 78217.6021 110.0000 ""
5744 1026015.0210 78216.8312 110.0000 ""
5745 1025967.6532 78220.0628 110.0000 ""
5746 1025962.2122 78225.9521 110.0000 ""
5747 1025967.6339 78235.2664 110.0000 ""
5748 1025979.7598 78244.8841 110.0000 ""
5749 1025976.5330 78257.2099 110.0000 ""
5750 1025972.0429 78263.2929 110.0000 ""
5751 1025972.9536 78268.3379 110.0000 ""
5752 1025999.8139 78290.7069 110.0000 ""
5753 1025998.1295 78298.8212 110.0000 ""
5754 1025986.9801 78302.2502 110.0000 ""
5755 1025988.3859 78310.7338 110.0000 ""
5756 1025990.8955 78323.0653 110.0000 ""
5757 1025991.0061 78323.4813 110.0000 ""
5758 1025994.7754 78348.3462 110.0000 ""
5759 1025999.7255 78358.1281 110.0000 ""
5760 1026016.8944 78345.9828 110.0000 ""
5761 1026026.2469 78340.8064 110.0000 ""
5762 1026040.9425 78327.5864 110.0000 ""
5763 1026052.8360 78319.8002 110.0000 ""
5764 1026067.2385 78307.8779 110.0000 ""
5765 1026075.0818 78299.3819 110.0000 ""
5766 1026088.8689 78287.8940 110.0000 ""
5767 1026093.1573 78283.2375 110.0000 ""
5768 1026098.5308 78280.3493 110.0000 ""
5769 1026127.7876 78255.0592 110.0000 ""
5770 1026117.4282 78243.3523 110.0000 ""
5771 1026100.3101 78231.4634 110.0000 ""
5772 1026076.4510 78245.8737 108.0000 ""
5773 1026078.4948 78257.3154 108.0000 ""
5774 1026088.3349 78261.8720 108.0000 ""
5775 1026106.5120 78254.2131 108.0000 ""
5776 1026099.0712 78247.4430 108.0000 ""
5777 1026098.6061 78247.1199 108.0000 ""
5778 1026085.0873 78237.7309 108.0000 ""
5779 1026080.5814 78235.1839 108.0000 ""
5780 1026076.4510 78245.8737 108.0000 ""
5781 1026094.7731 78244.4579 108.0000 ""
5782 1026085.0873 78237.7309 108.0000 ""
5783 1026006.3569 78256.3757 108.0000 ""
5784 1026018.1109 78259.8701 108.0000 ""
5785 1026047.9539 78248.7087 108.0000 ""
5786 1026046.7619 78239.8786 108.0000 ""
5787 1026036.3061 78228.5351 108.0000 ""
5788 1026015.5927 78227.2295 108.0000 ""
5789 1026015.5927 78227.2295 108.0000 ""
5790 1026015.5927 78227.2295 108.0000 ""
5791 1026006.3398 78228.1944 108.0000 ""
5792 1025991.1287 78226.6503 108.0000 ""
5793 1025989.2816 78228.5136 108.0000 ""
5794 1025996.6908 78244.5626 108.0000 ""
5795 1026168.5536 78315.3048 110.0000 ""
5796 1026161.5570 78311.7357 110.0000 ""
5797 1026157.9474 78310.2973 110.0000 ""
5798 1026140.5508 78301.3563 110.0000 ""
5799 1026140.4725 78294.8831 110.0000 ""
5800 1026120.9591 78303.2545 110.0000 ""
5801 1026105.2351 78307.1252 110.0000 ""
5802 1026096.8071 78311.1611 110.0000 ""
5803 1026064.6565 78335.4978 110.0000 ""
5804 1026062.4459 78337.1915 110.0000 ""
5805 1026053.6499 78349.3873 110.0000 ""
5806 1026051.4838 78352.5442 110.0000 ""
5807 1026049.0321 78356.1173 110.0000 ""
5808 1026037.2814 78373.2428 110.0000 ""
5809 1026035.2660 78379.0373 110.0000 ""
5810 1026026.3523 78401.8198 110.0000 ""
5811 1026025.3274 78406.0376 110.0000 ""
5812 1026026.5105 78420.1091 110.0000 ""
5813 1026029.1033 78443.3556 110.0000 ""
5814 1026030.0285 78456.3584 110.0000 ""
5815 1026030.7930 78462.0730 110.0000 ""
5816 1026143.6215 78330.9984 108.0000 ""
5817 1026129.6476 78322.5108 108.0000 ""
5818 1026124.8388 78329.0074 108.0000 ""
5819 1026111.6297 78331.9998 108.0000 ""
5820 1026103.5587 78331.1767 108.0000 ""
5821 1026081.8480 78343.7021 108.0000 ""
5822 1026089.8482 78348.3945 108.0000 ""
5823 1026083.0157 78352.2713 108.0000 ""
5824 1026075.5886 78361.0043 108.0000 ""
5825 1026069.4563 78357.1995 108.0000 ""
5826 1026056.1121 78374.3637 108.0000 ""
5827 1026047.5548 78381.2889 108.0000 ""
5828 1026047.6056 78382.1433 108.0000 ""
5829 1026046.1805 78384.8251 108.0000 ""
5830 1026051.1173 78420.1174 108.0000 ""
5831 1026051.2545 78421.7504 108.0000 ""
5832 1026051.6106 78424.9428 108.0000 ""
5833 1026114.7100 78354.8821 106.0000 ""
5834 1026112.9472 78344.9953 106.0000 ""
5835 1026106.2260 78344.3099 106.0000 ""
5836 1026103.2567 78346.0229 106.0000 ""
5837 1026104.3509 78346.6646 106.0000 ""
5838 1026097.1098 78350.7733 106.0000 ""
5839 1026090.4167 78360.1585 106.0000 ""
5840 1026088.0715 78364.4346 106.0000 ""
5841 1026085.8273 78368.5262 106.0000 ""
5842 1026084.7074 78370.5682 106.0000 ""
5843 1026079.0023 78387.4664 106.0000 ""
5844 1025978.6370 78350.6808 112.0000 ""
5845 1025991.0157 78375.6766 112.0000 ""
5846 1025991.4714 78378.3344 112.0000 ""
5847 1025992.2309 78378.3394 112.0000 ""
5848 1025992.1045 78379.1756 112.0000 ""
5849 1025992.4220 78378.8755 112.0000 ""
5850 1026012.5733 78371.3544 112.0000 ""
5851 1026011.8186 78381.2629 112.0000 ""
5852 1026016.5670 78384.9017 112.0000 ""
5853 1026009.1515 78409.1979 112.0000 ""
5854 1026009.0838 78410.9765 112.0000 ""
5855 1026006.3439 78427.2994 112.0000 ""
5856 1026002.4169 78442.8952 112.0000 ""
5857 1026003.1145 78452.6997 112.0000 ""
5858 1026006.7102 78479.5781 112.0000 ""
5859 1025970.8798 78359.9865 114.0000 ""
5860 1025978.0645 78374.4941 114.0000 ""
5861 1025981.0798 78392.0793 114.0000 ""
5862 1025981.5445 78392.0823 114.0000 ""
5863 1025980.4077 78399.6032 114.0000 ""
5864 1025970.6647 78420.0416 114.0000 ""
5865 1025973.9665 78418.5102 114.0000 ""
5866 1025978.8648 78415.5127 114.0000 ""
5867 1025983.8998 78419.4026 114.0000 ""
5868 1025990.0465 78420.8627 114.0000 ""
5869 1025990.9774 78431.8386 114.0000 ""
5870 1025990.7203 78438.5937 114.0000 ""
5871 1025990.1294 78442.1141 114.0000 ""
5872 1025988.7306 78447.6692 114.0000 ""
5873 1025988.8703 78457.2577 114.0000 ""
5874 1025990.0925 78475.7872 114.0000 ""
5875 1025989.0011 78486.3840 114.0000 ""
5876 1025984.3415 78511.6706 114.0000 ""
5877 1025963.1227 78369.2921 116.0000 ""
5878 1025965.1134 78373.3117 116.0000 ""
5879 1025970.6882 78405.8242 116.0000 ""
5880 1025970.8580 78405.8253 116.0000 ""
5881 1025970.4426 78408.5736 116.0000 ""
5882 1025963.6056 78422.9160 116.0000 ""
5883 1025959.1209 78435.8012 116.0000 ""
5884 1025951.5377 78451.3795 116.0000 ""
5885 1025955.8920 78449.1428 116.0000 ""
5886 1025958.3744 78447.7112 116.0000 ""
5887 1025967.4004 78450.2872 116.0000 ""
5888 1025970.8274 78449.9735 116.0000 ""
5889 1025973.1785 78458.8633 116.0000 ""
5890 1025975.1997 78463.0019 116.0000 ""
5891 1025977.0192 78466.2895 116.0000 ""
5892 1025974.8668 78487.1893 116.0000 ""
5893 1025970.8912 78508.7635 116.0000 ""
5894 1025970.6024 78517.7042 116.0000 ""
5895 1025969.7464 78524.2866 116.0000 ""
5896 1025963.1145 78546.9202 116.0000 ""
5897 1025953.3994 78557.1032 116.0000 ""
5898 1025945.7655 78567.0852 116.0000 ""
5899 1025942.1476 78579.8196 116.0000 ""
5900 1025922.6477 78606.1168 116.0000 ""
5901 1025916.0256 78613.0826 116.0000 ""
5902 1025904.5218 78622.5287 116.0000 ""
5903 1025953.5734 78382.3871 118.0000 ""
5904 1025958.5969 78411.2029 118.0000 ""
5905 1025961.0978 78419.6665 118.0000 ""
5906 1025954.0770 78439.8384 118.0000 ""
5907 1025938.8746 78471.0691 118.0000 ""
5908 1025937.1187 78474.4683 118.0000 ""
5909 1025935.4403 78478.1091 118.0000 ""
5910 1025941.5118 78475.5570 118.0000 ""
5911 1025941.5192 78475.5681 118.0000 ""
5912 1025941.7544 78475.5396 118.0000 ""
5913 1025955.4047 78474.2902 118.0000 ""
5914 1025955.9484 78476.3460 118.0000 ""
5915 1025960.7572 78486.1930 118.0000 ""
5916 1025960.8927 78486.4379 118.0000 ""
5917 1025960.7324 78487.9946 118.0000 ""
5918 1025960.4363 78489.6016 118.0000 ""
5919 1025959.7498 78510.8487 118.0000 ""
5920 1025957.7158 78526.4912 118.0000 ""
5921 1025954.2623 78538.2773 118.0000 ""
5922 1025943.3626 78549.7019 118.0000 ""
5923 1025939.8205 78556.7628 118.0000 ""
5924 1025935.0663 78573.4969 118.0000 ""
5925 1025922.0711 78591.0219 118.0000 ""
5926 1025907.6654 78606.1754 118.0000 ""
5927 1025897.2686 78614.7126 118.0000 ""
5928 1025890.0558 78620.9068 118.0000 ""
5929 1025884.9577 78631.2511 118.0000 ""
5930 1025977.4448 78536.8674 114.0000 ""
5931 1025971.9667 78555.5631 114.0000 ""
5932 1025969.0330 78558.6381 114.0000 ""
5933 1025949.9560 78583.5829 114.0000 ""
5934 1025949.2289 78586.1423 114.0000 ""
5935 1025933.5164 78607.3318 114.0000 ""
5936 1025919.4274 78578.1016 120.0000 ""
5937 1025899.3053 78599.2683 120.0000 ""
5938 1025892.7300 78604.6674 120.0000 ""
5939 1025876.9660 78618.2053 120.0000 ""
5940 1025867.4702 78637.4728 120.0000 ""
5941 1025867.2767 78638.6657 120.0000 ""
5942 1025866.5240 78638.9641 120.0000 ""
5943 1025866.6378 78641.1670 120.0000 ""
5944 1025948.3511 78419.2781 120.0000 ""
5945 1025952.5952 78433.6411 120.0000 ""
5946 1025949.0330 78443.8757 120.0000 ""
5947 1025941.3198 78459.7211 120.0000 ""
5948 1025931.3928 78478.9385 120.0000 ""
5949 1025921.9046 78499.5210 120.0000 ""
5950 1025922.6306 78499.2158 120.0000 ""
5951 1025924.1167 78501.4647 120.0000 ""
5952 1025929.9845 78500.7543 120.0000 ""
5953 1025938.8913 78499.0995 120.0000 ""
5954 1025941.3195 78504.8113 120.0000 ""
5955 1025944.6127 78510.1532 120.0000 ""
5956 1025944.7458 78518.2253 120.0000 ""
5957 1025945.9313 78526.8026 120.0000 ""
5958 1025945.6851 78528.6959 120.0000 ""
5959 1025945.4101 78529.6344 120.0000 ""
5960 1025944.5421 78530.5442 120.0000 ""
5961 1025930.3595 78558.8163 120.0000 ""
5962 1025927.9850 78567.1741 120.0000 ""
5963 1025922.4945 78574.5785 120.0000 ""
5964 1025942.9103 78397.8368 120.0000 ""
5965 1025944.1979 78405.2230 120.0000 ""
5966 1025947.0286 78414.8027 120.0000 ""
5967 1025778.1499 78301.2935 120.0000 ""
5968 1025781.2269 78302.2796 120.0000 ""
5969 1025796.0186 78314.9850 120.0000 ""
5970 1025796.3011 78320.6431 120.0000 ""
5971 1025828.5461 78338.2934 120.0000 ""
5972 1025843.6362 78324.5885 120.0000 ""
5973 1025848.7263 78313.1174 120.0000 ""
5974 1025852.8520 78304.7319 120.0000 ""
5975 1025850.4329 78295.9865 120.0000 ""
5976 1025852.1031 78278.2046 120.0000 ""
5977 1025856.0348 78264.7130 120.0000 ""
5978 1025858.4956 78249.7960 120.0000 ""
5979 1025865.2636 78232.2000 120.0000 ""
5980 1025872.1424 78228.5135 120.0000 ""
5981 1025876.9669 78249.0558 120.0000 ""
5982 1025874.0125 78268.4669 120.0000 ""
5983 1025873.2422 78281.4611 120.0000 ""
5984 1025877.4434 78291.0868 120.0000 ""
5985 1025886.6180 78292.4414 120.0000 ""
5986 1025889.0474 78303.0879 120.0000 ""
5987 1025877.6107 78309.4996 120.0000 ""
5988 1025870.4603 78319.0350 120.0000 ""
5989 1025876.5615 78328.6925 120.0000 ""
5990 1025874.6181 78337.9650 120.0000 ""
5991 1025863.2033 78348.1294 120.0000 ""
5992 1025866.4356 78351.4353 120.0000 ""
5993 1025892.3220 78352.4693 120.0000 ""
5994 1025901.6455 78356.2775 120.0000 ""
5995 1025911.4337 78368.9980 120.0000 ""
5996 1025933.2727 78374.6165 120.0000 ""
5997 1025941.3197 78389.7656 120.0000 ""
5998 1025942.4961 78395.7781 120.0000 ""
5999 1025216.8241 78646.1673 120.0000 ""
6000 1025217.0124 78645.9660 120.0000 ""
6001 1025224.5341 78638.0341 120.0000 ""
6002 1025226.0950 78630.3536 120.0000 ""
6003 1025234.4363 78631.1427 120.0000 ""
6004 1025251.5395 78629.3251 120.0000 ""
6005 1025257.4553 78631.2249 120.0000 ""
6006 1025267.0918 78632.2857 120.0000 ""
6007 1025291.9856 78621.5903 120.0000 ""
6008 1025315.1835 78617.8225 120.0000 ""
6009 1025327.7561 78614.8289 120.0000 ""
6010 1025346.1188 78612.5321 120.0000 ""
6011 1025362.7929 78609.6068 120.0000 ""
6012 1025381.4109 78597.4067 120.0000 ""
6013 1025396.0538 78559.7712 120.0000 ""
6014 1025398.7972 78550.5598 120.0000 ""
6015 1025408.1307 78539.6569 120.0000 ""
6016 1025420.9311 78528.0612 120.0000 ""
6017 1025444.0128 78505.6789 120.0000 ""
6018 1025447.8246 78505.2421 120.0000 ""
6019 1025455.1826 78507.5164 120.0000 ""
6020 1025469.6754 78513.1620 120.0000 ""
6021 1025479.7625 78497.2685 120.0000 ""
6022 1025484.7308 78496.5508 120.0000 ""
6023 1025486.3075 78500.1297 120.0000 ""
6024 1025495.7377 78501.3878 120.0000 ""
6025 1025516.2075 78498.6770 120.0000 ""
6026 1025526.4739 78495.7961 120.0000 ""
6027 1025535.0960 78492.5876 120.0000 ""
6028 1025531.4736 78479.1177 120.0000 ""
6029 1025520.1688 78469.3722 120.0000 ""
6030 1025513.8487 78458.1088 120.0000 ""
6031 1025513.9910 78446.4528 120.0000 ""
6032 1025534.0107 78429.2749 120.0000 ""
6033 1025560.0627 78408.2955 120.0000 ""
6034 1025593.9192 78392.1004 120.0000 ""
6035 1025611.4270 78387.3900 120.0000 ""
6036 1025633.5172 78395.6648 120.0000 ""
6037 1025646.2856 78407.1358 120.0000 ""
6038 1025652.7607 78408.4949 120.0000 ""
6039 1025661.8890 78400.1421 120.0000 ""
6040 1025671.0250 78379.3815 120.0000 ""
6041 1025679.1098 78361.0551 120.0000 ""
6042 1025683.9559 78349.3287 120.0000 ""
6043 1025691.8837 78340.9562 120.0000 ""
6044 1025703.4748 78315.1841 120.0000 ""
6045 1025731.2781 78293.9870 120.0000 ""
6046 1025759.8107 78295.4164 120.0000 ""
6047 1025763.0719 78296.4615 120.0000 ""
6048 1025933.0952 78412.8193 122.0000 ""
6049 1025943.6372 78446.0748 122.0000 ""
6050 1025944.0925 78447.6157 122.0000 ""
6051 1025943.9890 78447.9129 122.0000 ""
6052 1025943.7650 78448.3732 122.0000 ""
6053 1025925.6670 78483.4086 122.0000 ""
6054 1025920.4675 78494.6876 122.0000 ""
6055 1025913.4059 78508.6764 122.0000 ""
6056 1025912.1845 78515.4168 122.0000 ""
6057 1025903.5541 78528.1114 122.0000 ""
6058 1025916.5110 78525.4028 122.0000 ""
6059 1025920.4482 78525.0777 122.0000 ""
6060 1025923.8839 78532.9269 122.0000 ""
6061 1025925.6612 78536.0753 122.0000 ""
6062 1025920.8807 78560.8467 122.0000 ""
6063 1025920.8458 78560.8989 122.0000 ""
6064 1025920.8102 78560.9456 122.0000 ""
6065 1025890.9451 78592.3611 122.0000 ""
6066 1025888.1914 78594.6223 122.0000 ""
6067 1025863.8762 78615.5037 122.0000 ""
6068 1025859.3827 78624.6213 122.0000 ""
6069 1025857.8913 78633.8177 122.0000 ""
6070 1025852.0885 78636.1186 122.0000 ""
6071 1025852.9658 78653.1018 122.0000 ""
6072 1025223.9779 78901.5194 122.0000 ""
6073 1025222.6227 78891.3152 122.0000 ""
6074 1025220.7271 78876.5717 122.0000 ""
6075 1025218.9484 78863.4313 122.0000 ""
6076 1025200.0200 78851.9095 122.0000 ""
6077 1025192.5539 78847.5326 122.0000 ""
6078 1025186.3683 78836.9215 122.0000 ""
6079 1025184.6708 78824.6830 122.0000 ""
6080 1025179.7219 78802.7325 122.0000 ""
6081 1025173.2661 78788.2634 122.0000 ""
6082 1025173.9456 78745.9381 122.0000 ""
6083 1025174.4833 78722.4767 122.0000 ""
6084 1025180.1445 78710.1598 122.0000 ""
6085 1025186.5757 78692.1008 122.0000 ""
6086 1025205.7781 78676.0052 122.0000 ""
6087 1025216.0224 78669.5196 122.0000 ""
6088 1025232.3548 78671.0917 122.0000 ""
6089 1025243.6435 78672.1297 122.0000 ""
6090 1025253.5368 78680.1004 122.0000 ""
6091 1025248.2491 78691.3221 122.0000 ""
6092 1025248.2411 78698.9283 122.0000 ""
6093 1025268.2837 78707.3672 122.0000 ""
6094 1025283.0335 78693.5503 122.0000 ""
6095 1025276.3946 78673.4739 122.0000 ""
6096 1025275.2113 78665.3977 122.0000 ""
6097 1025274.1918 78661.4775 122.0000 ""
6098 1025281.6648 78646.2390 122.0000 ""
6099 1025291.0018 78642.4409 122.0000 ""
6100 1025297.6028 78637.8467 122.0000 ""
6101 1025318.1021 78626.6780 122.0000 ""
6102 1025326.4945 78622.5641 122.0000 ""
6103 1025341.6628 78617.4620 122.0000 ""
6104 1025343.3606 78620.0422 122.0000 ""
6105 1025358.6531 78620.9969 122.0000 ""
6106 1025376.8808 78620.3491 122.0000 ""
6107 1025384.3660 78614.1186 122.0000 ""
6108 1025416.3710 78574.1201 122.0000 ""
6109 1025429.9330 78561.9865 122.0000 ""
6110 1025444.9939 78561.9871 122.0000 ""
6111 1025470.2240 78546.9459 122.0000 ""
6112 1025499.3071 78536.6726 122.0000 ""
6113 1025518.8438 78525.8902 122.0000 ""
6114 1025572.5408 78503.5693 122.0000 ""
6115 1025583.9053 78488.7487 122.0000 ""
6116 1025577.9273 78475.4900 122.0000 ""
6117 1025573.3083 78471.4602 122.0000 ""
6118 1025548.7849 78462.2447 122.0000 ""
6119 1025538.6995 78454.0206 122.0000 ""
6120 1025540.4047 78441.7905 122.0000 ""
6121 1025543.2041 78434.6823 122.0000 ""
6122 1025570.5124 78413.4237 122.0000 ""
6123 1025584.3081 78404.3981 122.0000 ""
6124 1025595.9066 78404.7922 122.0000 ""
6125 1025628.1264 78416.7386 122.0000 ""
6126 1025659.1054 78430.5652 122.0000 ""
6127 1025669.4475 78426.3853 122.0000 ""
6128 1025687.1310 78417.9754 122.0000 ""
6129 1025689.3019 78412.2080 122.0000 ""
6130 1025700.9300 78401.4956 122.0000 ""
6131 1025700.5962 78388.6820 122.0000 ""
6132 1025701.8599 78363.9877 122.0000 ""
6133 1025703.3889 78355.4079 122.0000 ""
6134 1025710.6163 78315.7542 122.0000 ""
6135 1025733.3358 78300.8758 122.0000 ""
6136 1025771.3737 78314.2715 122.0000 ""
6137 1025777.5504 78322.7301 122.0000 ""
6138 1025789.6902 78340.2938 122.0000 ""
6139 1025818.7499 78357.1902 122.0000 ""
6140 1025843.7228 78356.5079 122.0000 ""
6141 1025879.0672 78374.1591 122.0000 ""
6142 1025905.6137 78379.5062 122.0000 ""
6143 1025923.0194 78390.4133 122.0000 ""
6144 1025932.9536 78412.2447 122.0000 ""
6145 1025840.9553 78591.6962 124.0000 ""
6146 1025862.8679 78582.4193 124.0000 ""
6147 1025876.5087 78585.8771 124.0000 ""
6148 1025876.7069 78585.9393 124.0000 ""
6149 1025850.1517 78612.4106 124.0000 ""
6150 1025846.9578 78616.4210 124.0000 ""
6151 1025843.6745 78630.6825 124.0000 ""
6152 1025831.6152 78633.3223 124.0000 ""
6153 1025835.4567 78636.2076 124.0000 ""
6154 1025838.9403 78640.1272 124.0000 ""
6155 1025839.8346 78658.2007 124.0000 ""
6156 1025828.8533 78668.2052 124.0000 ""
6157 1025923.7260 78427.5561 124.0000 ""
6158 1025928.8212 78443.6292 124.0000 ""
6159 1025921.2070 78460.3460 124.0000 ""
6160 1025917.8031 78484.3944 124.0000 ""
6161 1025912.5506 78490.8321 124.0000 ""
6162 1025916.7941 78493.9263 124.0000 ""
6163 1025905.6989 78515.9056 124.0000 ""
6164 1025905.2280 78518.5046 124.0000 ""
6165 1025896.2413 78531.7231 124.0000 ""
6166 1025895.9024 78530.3534 124.0000 ""
6167 1025890.5662 78537.2067 124.0000 ""
6168 1025878.6792 78548.9397 124.0000 ""
6169 1025868.2990 78555.2042 124.0000 ""
6170 1025860.1316 78561.3308 124.0000 ""
6171 1025855.2235 78558.9321 124.0000 ""
6172 1025842.8424 78554.7187 124.0000 ""
6173 1025835.3123 78561.8043 124.0000 ""
6174 1025821.9100 78570.2944 124.0000 ""
6175 1025819.6008 78573.6046 124.0000 ""
6176 1025812.6769 78584.4410 124.0000 ""
6177 1025816.0540 78584.0360 124.0000 ""
6178 1025818.7346 78590.0802 124.0000 ""
6179 1025824.4418 78592.9706 124.0000 ""
6180 1025828.7889 78592.5887 124.0000 ""
6181 1025836.4084 78593.3536 124.0000 ""
6182 1025240.3147 78906.9196 124.0000 ""
6183 1025238.8260 78899.0886 124.0000 ""
6184 1025240.7123 78873.3484 124.0000 ""
6185 1025239.6074 78851.8624 124.0000 ""
6186 1025238.1653 78836.9763 124.0000 ""
6187 1025244.1555 78803.9978 124.0000 ""
6188 1025248.0508 78792.3525 124.0000 ""
6189 1025259.7040 78749.3597 124.0000 ""
6190 1025274.3486 78733.3890 124.0000 ""
6191 1025282.6047 78728.6217 124.0000 ""
6192 1025292.8969 78714.9811 124.0000 ""
6193 1025296.0993 78710.1803 124.0000 ""
6194 1025308.0046 78674.2987 124.0000 ""
6195 1025310.7327 78668.2390 124.0000 ""
6196 1025321.2441 78646.4460 124.0000 ""
6197 1025326.0180 78640.6706 124.0000 ""
6198 1025337.1752 78635.9520 124.0000 ""
6199 1025355.7857 78633.7593 124.0000 ""
6200 1025371.2070 78630.9131 124.0000 ""
6201 1025391.4391 78620.4910 124.0000 ""
6202 1025403.6676 78609.9361 124.0000 ""
6203 1025412.6927 78601.8299 124.0000 ""
6204 1025424.5846 78595.4227 124.0000 ""
6205 1025432.3280 78591.1982 124.0000 ""
6206 1025471.9441 78562.8861 124.0000 ""
6207 1025499.3963 78551.6348 124.0000 ""
6208 1025506.2576 78546.4953 124.0000 ""
6209 1025513.1096 78544.2077 124.0000 ""
6210 1025526.7697 78539.3317 124.0000 ""
6211 1025541.6383 78536.4772 124.0000 ""
6212 1025560.0492 78531.6805 124.0000 ""
6213 1025576.4145 78524.1979 124.0000 ""
6214 1025594.7659 78507.7926 124.0000 ""
6215 1025608.3478 78501.8150 124.0000 ""
6216 1025618.3458 78504.5834 124.0000 ""
6217 1025616.9895 78485.5983 124.0000 ""
6218 1025611.5388 78468.6461 124.0000 ""
6219 1025599.4346 78456.4860 124.0000 ""
6220 1025587.2839 78456.1830 124.0000 ""
6221 1025569.0167 78449.2734 124.0000 ""
6222 1025565.6644 78439.6608 124.0000 ""
6223 1025581.6591 78418.7136 124.0000 ""
6224 1025609.4226 78416.4259 124.0000 ""
6225 1025621.0829 78430.6802 124.0000 ""
6226 1025628.4566 78439.3591 124.0000 ""
6227 1025640.6572 78449.2693 124.0000 ""
6228 1025659.8345 78450.8404 124.0000 ""
6229 1025665.2497 78445.4273 124.0000 ""
6230 1025688.4683 78435.4587 124.0000 ""
6231 1025694.4294 78432.6565 124.0000 ""
6232 1025712.3821 78418.4976 124.0000 ""
6233 1025718.5944 78396.3878 124.0000 ""
6234 1025720.3821 78370.5517 124.0000 ""
6235 1025719.2742 78358.8760 124.0000 ""
6236 1025725.6722 78318.2080 124.0000 ""
6237 1025745.8738 78311.3424 124.0000 ""
6238 1025770.1590 78341.4173 124.0000 ""
6239 1025774.1452 78354.1917 124.0000 ""
6240 1025785.9214 78372.3995 124.0000 ""
6241 1025804.6991 78371.4132 124.0000 ""
6242 1025818.1399 78369.6871 124.0000 ""
6243 1025826.2806 78367.8723 124.0000 ""
6244 1025844.5296 78373.0306 124.0000 ""
6245 1025856.4463 78379.6336 124.0000 ""
6246 1025864.3672 78388.3710 124.0000 ""
6247 1025870.5975 78396.6297 124.0000 ""
6248 1025878.5079 78403.4656 124.0000 ""
6249 1025893.1110 78396.3060 124.0000 ""
6250 1025916.8804 78405.3082 124.0000 ""
6251 1025923.5922 78427.0417 124.0000 ""
6252 1025784.7625 78684.6157 126.0000 ""
6253 1025781.9950 78692.0761 126.0000 ""
6254 1025824.1753 78549.3519 126.0000 ""
6255 1025823.4611 78550.0240 126.0000 ""
6256 1025823.3105 78550.1193 126.0000 ""
6257 1025807.8272 78572.3141 126.0000 ""
6258 1025797.4601 78588.5395 126.0000 ""
6259 1025788.9212 78596.1409 126.0000 ""
6260 1025789.3718 78611.9229 126.0000 ""
6261 1025788.8241 78613.6344 126.0000 ""
6262 1025789.5169 78613.3706 126.0000 ""
6263 1025791.4750 78614.3877 126.0000 ""
6264 1025790.9900 78615.0543 126.0000 ""
6265 1025791.1089 78615.2667 126.0000 ""
6266 1025800.7355 78623.6552 126.0000 ""
6267 1025800.7582 78623.6882 126.0000 ""
6268 1025804.0150 78633.1022 126.0000 ""
6269 1025803.9192 78633.5319 126.0000 ""
6270 1025804.1474 78633.7573 126.0000 ""
6271 1025805.6436 78640.8754 126.0000 ""
6272 1025817.0021 78638.8599 126.0000 ""
6273 1025821.2315 78646.4417 126.0000 ""
6274 1025826.2875 78650.2394 126.0000 ""
6275 1025827.1128 78651.1680 126.0000 ""
6276 1025827.3246 78655.4496 126.0000 ""
6277 1025823.2991 78659.1171 126.0000 ""
6278 1025817.4792 78663.7406 126.0000 ""
6279 1025811.4233 78661.8463 126.0000 ""
6280 1025804.0850 78660.8312 126.0000 ""
6281 1025792.6671 78665.2447 126.0000 ""
6282 1025788.9457 78669.5831 126.0000 ""
6283 1025786.3007 78680.0311 126.0000 ""
6284 1025247.4704 78899.7315 126.0000 ""
6285 1025253.1652 78878.5580 126.0000 ""
6286 1025252.8884 78846.1267 126.0000 ""
6287 1025258.9202 78832.8153 126.0000 ""
6288 1025260.5846 78810.5245 126.0000 ""
6289 1025259.3033 78802.3467 126.0000 ""
6290 1025265.4895 78771.9740 126.0000 ""
6291 1025269.0598 78763.9264 126.0000 ""
6292 1025293.4168 78733.3045 126.0000 ""
6293 1025300.1762 78728.3124 126.0000 ""
6294 1025304.4655 78721.7781 126.0000 ""
6295 1025311.9991 78713.2461 126.0000 ""
6296 1025318.3539 78706.0456 126.0000 ""
6297 1025323.4697 78700.6761 126.0000 ""
6298 1025324.0806 78683.3224 126.0000 ""
6299 1025327.5120 78674.7224 126.0000 ""
6300 1025330.4838 78664.1634 126.0000 ""
6301 1025339.1727 78652.9987 126.0000 ""
6302 1025377.5968 78643.6790 126.0000 ""
6303 1025384.3633 78645.5427 126.0000 ""
6304 1025404.2174 78646.0726 126.0000 ""
6305 1025414.1367 78640.6832 126.0000 ""
6306 1025416.0192 78627.1542 126.0000 ""
6307 1025432.8237 78608.2692 126.0000 ""
6308 1025448.2622 78594.9158 126.0000 ""
6309 1025461.2662 78580.7216 126.0000 ""
6310 1025522.1616 78551.6136 126.0000 ""
6311 1025530.0002 78549.9930 126.0000 ""
6312 1025542.9870 78546.2065 126.0000 ""
6313 1025553.9023 78543.3862 126.0000 ""
6314 1025576.8850 78540.0666 126.0000 ""
6315 1025586.9872 78535.4316 126.0000 ""
6316 1025596.6475 78530.3891 126.0000 ""
6317 1025626.0808 78531.9804 126.0000 ""
6318 1025642.6778 78537.3602 126.0000 ""
6319 1025649.3284 78523.0618 126.0000 ""
6320 1025646.6462 78510.1087 126.0000 ""
6321 1025637.1215 78484.5833 126.0000 ""
6322 1025639.7153 78472.9190 126.0000 ""
6323 1025655.9960 78467.0368 126.0000 ""
6324 1025663.6316 78467.9148 126.0000 ""
6325 1025672.9686 78471.1726 126.0000 ""
6326 1025683.1346 78468.2404 126.0000 ""
6327 1025693.7158 78457.3601 126.0000 ""
6328 1025733.8404 78416.1548 126.0000 ""
6329 1025739.8381 78397.1435 126.0000 ""
6330 1025743.4040 78367.5852 126.0000 ""
6331 1025737.4797 78346.9734 126.0000 ""
6332 1025733.5310 78337.2013 126.0000 ""
6333 1025743.4662 78333.3154 126.0000 ""
6334 1025750.9953 78344.0980 126.0000 ""
6335 1025751.6259 78352.2635 126.0000 ""
6336 1025756.6072 78396.5735 126.0000 ""
6337 1025754.1126 78408.2888 126.0000 ""
6338 1025761.1102 78413.3588 126.0000 ""
6339 1025768.1984 78418.8805 126.0000 ""
6340 1025773.6760 78424.8756 126.0000 ""
6341 1025790.9930 78412.3577 126.0000 ""
6342 1025809.5852 78386.6036 126.0000 ""
6343 1025821.6456 78381.5025 126.0000 ""
6344 1025849.4293 78394.7746 126.0000 ""
6345 1025840.0788 78404.2736 126.0000 ""
6346 1025809.0718 78418.5134 126.0000 ""
6347 1025797.8603 78423.6790 126.0000 ""
6348 1025794.6846 78434.4822 126.0000 ""
6349 1025796.7743 78437.4188 126.0000 ""
6350 1025821.6656 78440.6864 126.0000 ""
6351 1025842.2777 78459.6912 126.0000 ""
6352 1025870.1186 78460.5564 126.0000 ""
6353 1025886.1736 78446.1167 126.0000 ""
6354 1025887.9490 78430.4880 126.0000 ""
6355 1025891.9224 78422.1999 126.0000 ""
6356 1025907.2472 78416.4030 126.0000 ""
6357 1025914.3543 78425.7767 126.0000 ""
6358 1025914.0932 78436.5121 126.0000 ""
6359 1025909.6960 78454.0930 126.0000 ""
6360 1025899.1421 78471.8502 126.0000 ""
6361 1025896.2034 78480.9026 126.0000 ""
6362 1025882.1919 78486.0716 126.0000 ""
6363 1025864.7522 78490.1329 126.0000 ""
6364 1025860.4613 78506.4702 126.0000 ""
6365 1025850.5262 78524.1354 126.0000 ""
6366 1025824.6005 78548.6851 126.0000 ""
6367 1025799.5877 78565.9577 128.0000 ""
6368 1025796.0537 78571.0236 128.0000 ""
6369 1025793.7307 78574.6593 128.0000 ""
6370 1025773.9325 78592.2837 128.0000 ""
6371 1025774.0508 78596.4271 128.0000 ""
6372 1025768.8064 78612.8137 128.0000 ""
6373 1025768.1279 78623.9076 128.0000 ""
6374 1025764.0197 78626.7352 128.0000 ""
6375 1025764.4935 78627.1766 128.0000 ""
6376 1025765.3474 78628.7019 128.0000 ""
6377 1025768.5243 78631.4703 128.0000 ""
6378 1025772.9744 78637.9557 128.0000 ""
6379 1025774.0297 78641.0061 128.0000 ""
6380 1025771.9733 78650.2247 128.0000 ""
6381 1025775.0974 78653.3110 128.0000 ""
6382 1025769.3624 78661.7837 128.0000 ""
6383 1025763.8747 78668.1812 128.0000 ""
6384 1025763.2211 78670.7632 128.0000 ""
6385 1025760.3764 78688.3378 128.0000 ""
6386 1025754.4180 78700.4569 128.0000 ""
6387 1025260.3245 78883.2298 128.0000 ""
6388 1025261.6708 78878.6482 128.0000 ""
6389 1025263.9077 78862.5219 128.0000 ""
6390 1025270.4533 78829.3028 128.0000 ""
6391 1025271.0520 78817.3530 128.0000 ""
6392 1025271.1754 78804.1943 128.0000 ""
6393 1025283.5080 78764.6159 128.0000 ""
6394 1025287.3327 78761.1764 128.0000 ""
6395 1025295.1917 78756.2524 128.0000 ""
6396 1025301.9583 78748.5081 128.0000 ""
6397 1025314.0260 78733.6960 128.0000 ""
6398 1025327.7084 78727.8678 128.0000 ""
6399 1025344.5339 78724.8940 128.0000 ""
6400 1025350.6298 78713.2859 128.0000 ""
6401 1025352.5405 78700.8078 128.0000 ""
6402 1025345.0171 78675.1630 128.0000 ""
6403 1025358.7800 78660.6299 128.0000 ""
6404 1025367.1556 78662.1200 128.0000 ""
6405 1025384.0426 78673.0085 128.0000 ""
6406 1025395.0862 78683.3495 128.0000 ""
6407 1025407.3563 78694.8616 128.0000 ""
6408 1025411.1336 78688.8697 128.0000 ""
6409 1025413.7257 78674.9021 128.0000 ""
6410 1025426.4898 78648.1938 128.0000 ""
6411 1025431.4111 78640.1195 128.0000 ""
6412 1025434.3013 78628.6589 128.0000 ""
6413 1025469.3953 78586.8112 128.0000 ""
6414 1025476.7142 78581.3289 128.0000 ""
6415 1025510.3744 78567.4787 128.0000 ""
6416 1025528.0117 78563.8196 128.0000 ""
6417 1025561.6081 78557.7744 128.0000 ""
6418 1025597.6039 78551.7694 128.0000 ""
6419 1025620.4476 78562.3065 128.0000 ""
6420 1025631.4737 78561.3393 128.0000 ""
6421 1025654.8465 78560.8279 128.0000 ""
6422 1025663.3415 78556.4665 128.0000 ""
6423 1025670.0397 78539.8675 128.0000 ""
6424 1025671.9627 78533.9958 128.0000 ""
6425 1025687.4171 78512.4896 128.0000 ""
6426 1025696.8780 78492.9351 128.0000 ""
6427 1025712.3227 78469.4782 128.0000 ""
6428 1025718.4510 78458.6237 128.0000 ""
6429 1025736.1134 78439.1567 128.0000 ""
6430 1025743.9025 78435.0343 128.0000 ""
6431 1025750.0835 78443.2925 128.0000 ""
6432 1025746.0970 78449.7799 128.0000 ""
6433 1025741.7636 78456.1113 128.0000 ""
6434 1025744.7932 78461.9654 128.0000 ""
6435 1025766.9276 78475.1927 128.0000 ""
6436 1025782.8701 78475.8590 128.0000 ""
6437 1025819.3451 78477.7186 128.0000 ""
6438 1025843.2252 78476.6664 128.0000 ""
6439 1025846.3067 78484.8223 128.0000 ""
6440 1025842.9340 78490.6693 128.0000 ""
6441 1025833.9939 78502.0766 128.0000 ""
6442 1025826.1257 78514.8526 128.0000 ""
6443 1025811.5331 78550.3295 128.0000 ""
6444 1025800.1239 78565.3070 128.0000 ""
6445 1025735.1825 78688.8621 130.0000 ""
6446 1025733.1804 78692.9343 130.0000 ""
6447 1025718.1302 78699.0829 130.0000 ""
6448 1025721.7499 78711.5624 130.0000 ""
6449 1025726.5204 78712.9574 130.0000 ""
6450 1025756.4173 78596.0029 130.0000 ""
6451 1025764.8740 78605.9488 130.0000 ""
6452 1025763.8512 78622.6736 130.0000 ""
6453 1025737.4164 78640.8682 130.0000 ""
6454 1025737.6841 78641.1176 130.0000 ""
6455 1025738.5154 78641.7488 130.0000 ""
6456 1025742.2532 78647.1851 130.0000 ""
6457 1025745.6221 78651.1300 130.0000 ""
6458 1025744.6937 78657.4638 130.0000 ""
6459 1025743.1142 78664.1372 130.0000 ""
6460 1025740.5433 78670.1013 130.0000 ""
6461 1025740.6464 78674.2924 130.0000 ""
6462 1025739.8124 78679.4450 130.0000 ""
6463 1025737.2414 78684.6742 130.0000 ""
6464 1025774.8462 78578.6786 130.0000 ""
6465 1025764.6717 78586.2853 130.0000 ""
6466 1025756.4401 78595.1557 130.0000 ""
6467 1025274.0852 78905.9325 130.0000 ""
6468 1025274.0118 78905.8826 130.0000 ""
6469 1025265.9334 78897.4838 130.0000 ""
6470 1025264.2246 78885.7961 130.0000 ""
6471 1025281.1957 78834.9347 130.0000 ""
6472 1025279.0877 78823.1904 130.0000 ""
6473 1025274.9354 78799.0522 130.0000 ""
6474 1025281.7341 78784.9531 130.0000 ""
6475 1025306.9197 78781.8669 130.0000 ""
6476 1025322.4626 78780.4226 130.0000 ""
6477 1025329.7042 78771.4853 130.0000 ""
6478 1025342.1990 78760.1830 130.0000 ""
6479 1025351.5396 78756.1844 130.0000 ""
6480 1025370.9230 78752.9025 130.0000 ""
6481 1025381.9931 78747.5316 130.0000 ""
6482 1025405.8292 78751.4789 130.0000 ""
6483 1025429.5036 78741.5133 130.0000 ""
6484 1025436.3078 78731.9188 130.0000 ""
6485 1025430.2728 78699.6949 130.0000 ""
6486 1025429.0508 78683.8629 130.0000 ""
6487 1025429.6451 78669.7122 130.0000 ""
6488 1025434.1140 78659.3286 130.0000 ""
6489 1025438.8817 78641.7947 130.0000 ""
6490 1025452.4916 78612.8994 130.0000 ""
6491 1025499.4236 78579.2050 130.0000 ""
6492 1025519.1525 78578.4325 130.0000 ""
6493 1025547.1271 78580.4991 130.0000 ""
6494 1025560.7316 78578.2739 130.0000 ""
6495 1025573.0584 78572.5250 130.0000 ""
6496 1025606.6328 78574.6849 130.0000 ""
6497 1025618.6959 78579.1885 130.0000 ""
6498 1025630.5909 78579.7367 130.0000 ""
6499 1025667.3454 78587.6530 130.0000 ""
6500 1025675.7423 78583.1898 130.0000 ""
6501 1025686.7117 78560.8582 130.0000 ""
6502 1025690.3480 78544.7587 130.0000 ""
6503 1025696.4772 78526.6494 130.0000 ""
6504 1025707.5339 78502.5187 130.0000 ""
6505 1025718.7094 78484.6941 130.0000 ""
6506 1025733.5879 78483.6416 130.0000 ""
6507 1025771.3088 78495.4277 130.0000 ""
6508 1025783.0741 78499.7263 130.0000 ""
6509 1025804.2543 78508.2843 130.0000 ""
6510 1025807.3154 78524.6447 130.0000 ""
6511 1025797.6662 78550.8990 130.0000 ""
6512 1025784.7919 78566.3565 130.0000 ""
6513 1025732.0128 78609.6044 132.0000 ""
6514 1025739.5570 78620.4606 132.0000 ""
6515 1025750.2165 78627.3968 132.0000 ""
6516 1025730.8070 78640.3781 132.0000 ""
6517 1025714.0556 78648.1746 132.0000 ""
6518 1025713.6673 78636.4505 132.0000 ""
6519 1025709.2562 78623.2198 132.0000 ""
6520 1025708.3864 78622.2548 132.0000 ""
6521 1025694.6634 78601.8660 132.0000 ""
6522 1025694.6634 78601.8660 132.0000 ""
6523 1025699.4857 78545.5613 132.0000 ""
6524 1025717.5362 78507.4385 132.0000 ""
6525 1025725.4182 78506.0690 132.0000 ""
6526 1025760.7758 78520.8671 132.0000 ""
6527 1025797.5361 78525.8825 132.0000 ""
6528 1025797.9105 78539.1463 132.0000 ""
6529 1025782.1659 78557.8450 132.0000 ""
6530 1025761.4786 78564.0543 132.0000 ""
6531 1025754.7081 78557.6879 132.0000 ""
6532 1025746.4801 78549.2459 132.0000 ""
6533 1025753.9531 78536.2626 132.0000 ""
6534 1025755.1737 78530.4795 132.0000 ""
6535 1025745.8990 78526.6727 132.0000 ""
6536 1025732.1100 78545.1042 132.0000 ""
6537 1025732.6218 78554.1682 132.0000 ""
6538 1025737.5712 78580.7666 132.0000 ""
6539 1025731.9564 78609.0067 132.0000 ""
6540 1025771.6146 78538.4279 134.0000 ""
6541 1025780.3781 78525.9467 134.0000 ""
6542 1025784.6596 78526.9186 134.0000 ""
6543 1025784.6596 78526.9186 134.0000 ""
6544 1025784.6596 78526.9186 134.0000 ""
6545 1025784.6596 78526.9186 134.0000 ""
6546 1025792.8863 78535.4105 134.0000 ""
6547 1025786.8490 78546.7165 134.0000 ""
6548 1025784.7968 78546.6273 134.0000 ""
6549 1025649.7844 78638.0405 132.0000 ""
6550 1025665.1888 78656.9897 132.0000 ""
6551 1025678.4675 78663.2588 132.0000 ""
6552 1025683.6880 78661.6834 132.0000 ""
6553 1025685.7179 78661.9014 132.0000 ""
6554 1025684.8474 78665.1603 132.0000 ""
6555 1025686.4236 78665.0951 132.0000 ""
6556 1025686.5867 78665.1060 132.0000 ""
6557 1025686.6343 78665.0864 132.0000 ""
6558 1025688.2710 78666.3289 132.0000 ""
6559 1025705.0772 78669.1029 132.0000 ""
6560 1025700.4922 78673.9165 132.0000 ""
6561 1025695.1019 78683.4760 132.0000 ""
6562 1025694.7297 78685.4329 132.0000 ""
6563 1025694.6914 78685.6865 132.0000 ""
6564 1025694.4998 78686.6956 132.0000 ""
6565 1025688.0246 78701.5967 132.0000 ""
6566 1025687.0637 78714.8304 132.0000 ""
6567 1025688.2211 78723.6022 132.0000 ""
6568 1025689.0962 78724.9396 132.0000 ""
6569 1025704.0471 78729.3115 132.0000 ""
6570 1025473.9427 78733.8587 132.0000 ""
6571 1025455.6001 78725.5941 132.0000 ""
6572 1025455.6001 78725.5941 132.0000 ""
6573 1025449.6515 78715.8279 132.0000 ""
6574 1025442.8127 78695.7999 132.0000 ""
6575 1025439.7558 78683.9905 132.0000 ""
6576 1025448.8315 78649.3655 132.0000 ""
6577 1025452.9550 78629.1190 132.0000 ""
6578 1025457.5103 78619.3875 132.0000 ""
6579 1025471.6917 78603.9118 132.0000 ""
6580 1025489.3148 78593.7473 132.0000 ""
6581 1025503.4659 78589.3294 132.0000 ""
6582 1025519.9409 78593.4562 132.0000 ""
6583 1025549.3080 78605.5527 132.0000 ""
6584 1025589.4945 78595.3137 132.0000 ""
6585 1025599.2799 78591.4738 132.0000 ""
6586 1025612.9243 78589.6994 132.0000 ""
6587 1025634.9050 78598.4205 132.0000 ""
6588 1025647.5795 78633.8182 132.0000 ""
6589 1025649.2204 78637.2639 132.0000 ""
6590 1025603.9236 78660.5571 134.0000 ""
6591 1025622.0645 78671.7744 134.0000 ""
6592 1025633.8791 78668.1269 134.0000 ""
6593 1025644.0124 78680.1918 134.0000 ""
6594 1025645.8193 78680.1171 134.0000 ""
6595 1025652.0506 78680.5320 134.0000 ""
6596 1025653.8696 78679.7847 134.0000 ""
6597 1025655.8696 78681.3029 134.0000 ""
6598 1025660.5612 78688.5319 134.0000 ""
6599 1025659.9005 78692.0058 134.0000 ""
6600 1025658.4882 78701.3560 134.0000 ""
6601 1025657.8298 78704.8224 134.0000 ""
6602 1025666.6998 78711.1107 134.0000 ""
6603 1025670.6272 78734.0091 134.0000 ""
6604 1025670.9743 78736.6401 134.0000 ""
6605 1025675.7690 78743.9683 134.0000 ""
6606 1025681.5738 78745.6657 134.0000 ""
6607 1025603.9236 78660.5571 134.0000 ""
6608 1025594.4540 78651.6473 134.0000 ""
6609 1025583.4031 78634.5934 134.0000 ""
6610 1025564.4029 78626.0665 134.0000 ""
6611 1025541.6714 78626.3402 134.0000 ""
6612 1025463.6266 78700.6483 134.0000 ""
6613 1025461.5027 78696.9104 134.0000 ""
6614 1025452.6127 78686.5055 134.0000 ""
6615 1025455.4962 78668.1398 134.0000 ""
6616 1025463.0192 78633.5894 134.0000 ""
6617 1025486.9563 78608.5188 134.0000 ""
6618 1025506.1008 78606.9858 134.0000 ""
6619 1025520.4662 78621.1344 134.0000 ""
6620 1025541.6714 78626.3402 134.0000 ""
6621 1025476.5746 78655.7402 136.0000 ""
6622 1025491.8273 78646.1767 136.0000 ""
6623 1025502.4555 78642.7506 136.0000 ""
6624 1025504.5389 78653.2427 136.0000 ""
6625 1025504.4747 78663.5489 136.0000 ""
6626 1025504.6440 78674.6596 136.0000 ""
6627 1025502.6385 78682.0816 136.0000 ""
6628 1025486.0881 78696.0172 136.0000 ""
6629 1025483.3841 78696.1225 136.0000 ""
6630 1025483.3841 78696.1225 136.0000 ""
6631 1025483.3841 78696.1225 136.0000 ""
6632 1025480.1526 78692.7165 136.0000 ""
6633 1025470.0901 78673.7359 136.0000 ""
6634 1025471.0586 78670.2904 136.0000 ""
6635 1025653.9053 78767.9633 134.0000 ""
6636 1025640.0308 78767.9645 134.0000 ""
6637 1025637.0896 78753.4609 134.0000 ""
6638 1025630.2808 78749.6521 134.0000 ""
6639 1025629.4360 78748.5987 134.0000 ""
6640 1025633.0543 78745.7049 134.0000 ""
6641 1025621.7398 78733.2748 134.0000 ""
6642 1025612.7088 78730.0079 134.0000 ""
6643 1025610.1069 78728.4075 134.0000 ""
6644 1025604.5328 78732.6776 134.0000 ""
6645 1025600.3646 78735.9249 134.0000 ""
6646 1025598.7297 78737.0050 134.0000 ""
6647 1025591.2143 78744.2693 134.0000 ""
6648 1025591.2158 78746.5884 134.0000 ""
6649 1025589.8592 78765.3008 134.0000 ""
6650 1025587.4920 78772.2063 134.0000 ""
6651 1025585.8895 78781.1439 134.0000 ""
6652 1025574.3003 78797.3822 134.0000 ""
6653 1025569.0879 78804.0821 134.0000 ""
6654 1025541.3100 78823.7123 134.0000 ""
6655 1025632.7828 78786.7422 132.0000 ""
6656 1025611.0732 78786.7441 132.0000 ""
6657 1025607.6912 78788.1545 132.0000 ""
6658 1025598.2253 78785.7011 132.0000 ""
6659 1025590.2176 78796.9211 132.0000 ""
6660 1025587.4098 78800.8553 132.0000 ""
6661 1025585.6729 78803.2891 132.0000 ""
6662 1025583.2048 78806.4614 132.0000 ""
6663 1025570.0521 78815.7563 132.0000 ""
6664 1025611.6603 78805.5211 130.0000 ""
6665 1025607.4539 78805.5215 130.0000 ""
6666 1025599.0547 78809.0243 130.0000 ""
6667 1025543.2023 78810.0195 136.0000 ""
6668 1025535.4939 78815.4669 136.0000 ""
6669 1025523.2678 78821.4829 136.0000 ""
6670 1025520.3580 78827.1485 136.0000 ""
6671 1025518.5530 78830.4357 136.0000 ""
6672 1025506.8718 78846.2515 136.0000 ""
6673 1025498.1579 78772.7414 136.0000 ""
6674 1025523.7894 78756.6019 136.0000 ""
6675 1025527.0393 78756.3599 136.0000 ""
6676 1025545.3272 78754.0706 136.0000 ""
6677 1025542.0004 78759.6162 136.0000 ""
6678 1025541.0138 78770.1496 136.0000 ""
6679 1025564.8342 78753.2159 136.0000 ""
6680 1025572.0645 78748.5502 136.0000 ""
6681 1025576.3847 78747.1905 136.0000 ""
6682 1025574.8757 78748.6491 136.0000 ""
6683 1025574.8821 78758.3673 136.0000 ""
6684 1025574.8558 78758.7308 136.0000 ""
6685 1025564.9613 78787.5943 136.0000 ""
6686 1025564.7143 78788.9721 136.0000 ""
6687 1025562.9277 78791.4753 136.0000 ""
6688 1025554.9711 78801.7027 136.0000 ""
6689 1025547.1495 78807.2301 136.0000 ""
6690 1025504.0201 78852.1627 136.0000 ""
6691 1025502.9281 78851.4715 136.0000 ""
6692 1025501.5478 78852.2061 136.0000 ""
6693 1025480.2998 78870.8631 136.0000 ""
6694 1025478.0014 78869.9621 136.0000 ""
6695 1025458.7643 78878.6812 136.0000 ""
6696 1025455.6891 78874.2046 136.0000 ""
6697 1025459.7415 78868.5490 136.0000 ""
6698 1025463.7543 78858.9791 136.0000 ""
6699 1025467.1165 78841.9835 136.0000 ""
6700 1025462.2167 78842.2577 136.0000 ""
6701 1025463.0862 78837.5687 136.0000 ""
6702 1025462.0448 78837.4119 136.0000 ""
6703 1025450.7929 78833.9955 136.0000 ""
6704 1025453.3614 78824.9511 136.0000 ""
6705 1025453.8964 78823.5495 136.0000 ""
6706 1025455.0380 78818.6581 136.0000 ""
6707 1025455.3042 78816.4008 136.0000 ""
6708 1025460.1254 78805.8957 136.0000 ""
6709 1025464.8546 78797.5767 136.0000 ""
6710 1025464.0698 78798.0565 136.0000 ""
6711 1025466.6888 78792.4852 136.0000 ""
6712 1025467.8709 78791.1030 136.0000 ""
6713 1025469.9531 78789.6163 136.0000 ""
6714 1025479.5100 78784.3025 136.0000 ""
6715 1025494.0665 78775.3147 136.0000 ""
6716 1025516.5273 78801.1908 138.0000 ""
6717 1025518.3620 78799.5561 138.0000 ""
6718 1025519.5658 78798.7209 138.0000 ""
6719 1025521.9899 78797.2795 138.0000 ""
6720 1025531.1700 78794.5880 138.0000 ""
6721 1025521.8383 78800.0065 138.0000 ""
6722 1025519.0000 78801.3878 138.0000 ""
6723 1025513.9464 78816.4238 138.0000 ""
6724 1025509.7585 78824.5780 138.0000 ""
6725 1025503.7497 78835.5208 138.0000 ""
6726 1025501.2287 78838.9341 138.0000 ""
6727 1025481.4671 78849.6474 138.0000 ""
6728 1025476.9704 78849.2587 138.0000 ""
6729 1025477.1364 78835.4787 138.0000 ""
6730 1025478.5667 78832.9742 138.0000 ""
6731 1025484.4810 78827.0593 138.0000 ""
6732 1025499.4500 78813.9736 138.0000 ""
6733 1025499.7930 78820.3898 140.0000 ""
6734 1025499.4203 78821.4987 140.0000 ""
6735 1025499.1590 78822.0075 140.0000 ""
6736 1025498.6034 78823.0193 140.0000 ""
6737 1025496.9159 78822.8283 140.0000 ""
6738 1025497.5818 78822.1623 140.0000 ""
6739 1025498.5158 78821.3458 140.0000 ""
6740 1025497.6262 78718.2686 134.0000 ""
6741 1025497.6161 78712.7685 134.0000 ""
6742 1025491.1835 78707.3677 134.0000 ""
6743 1025475.7444 78707.1105 134.0000 ""
6744 1025463.6266 78700.6483 134.0000 ""
6745 1025416.1603 78917.2490 134.0000 ""
6746 1025420.2723 78902.0519 134.0000 ""
6747 1025420.7589 78896.3745 134.0000 ""
6748 1025422.2054 78879.2189 134.0000 ""
6749 1025430.2904 78865.3863 134.0000 ""
6750 1025430.3588 78865.2148 134.0000 ""
6751 1025430.2161 78865.1150 134.0000 ""
6752 1025418.5689 78861.0471 134.0000 ""
6753 1025417.9721 78859.4815 134.0000 ""
6754 1025417.3119 78848.5402 134.0000 ""
6755 1025417.5188 78847.8366 134.0000 ""
6756 1025415.4839 78840.7299 134.0000 ""
6757 1025416.2658 78837.2041 134.0000 ""
6758 1025432.2679 78814.1930 134.0000 ""
6759 1025438.4471 78802.7733 134.0000 ""
6760 1025444.0819 78790.7866 134.0000 ""
6761 1025452.4915 78780.9536 134.0000 ""
6762 1025467.3040 78770.3774 134.0000 ""
6763 1025489.6347 78757.9611 134.0000 ""
6764 1025497.6262 78718.2686 134.0000 ""
6765 1025375.7831 78959.4873 132.0000 ""
6766 1025373.4176 78955.6472 132.0000 ""
6767 1025368.0310 78937.8327 132.0000 ""
6768 1025372.9864 78924.1872 132.0000 ""
6769 1025378.5500 78918.1608 132.0000 ""
6770 1025383.5077 78910.3994 132.0000 ""
6771 1025392.5311 78900.5419 132.0000 ""
6772 1025402.0812 78900.7178 132.0000 ""
6773 1025402.8376 78892.9747 132.0000 ""
6774 1025405.5403 78886.1941 132.0000 ""
6775 1025398.7870 78881.4696 132.0000 ""
6776 1025395.8014 78880.4269 132.0000 ""
6777 1025392.8926 78872.7966 132.0000 ""
6778 1025392.6812 78869.2920 132.0000 ""
6779 1025399.3098 78846.7541 132.0000 ""
6780 1025398.9397 78844.5144 132.0000 ""
6781 1025406.0073 78816.9018 132.0000 ""
6782 1025406.1973 78816.3313 132.0000 ""
6783 1025414.6046 78789.1297 132.0000 ""
6784 1025426.9357 78782.7031 132.0000 ""
6785 1025437.1121 78770.8042 132.0000 ""
6786 1025464.6550 78751.1384 132.0000 ""
6787 1025471.5830 78747.2863 132.0000 ""
6788 1025474.0623 78734.9718 132.0000 ""
6789 1025355.4189 78771.9812 132.0000 ""
6790 1025364.0231 78769.7904 132.0000 ""
6791 1025381.9728 78774.0623 132.0000 ""
6792 1025382.2477 78799.0169 132.0000 ""
6793 1025382.0115 78799.3171 132.0000 ""
6794 1025367.0786 78825.2303 132.0000 ""
6795 1025341.7600 78838.1558 132.0000 ""
6796 1025340.8153 78858.4803 132.0000 ""
6797 1025339.1905 78864.0008 132.0000 ""
6798 1025334.6116 78864.9471 132.0000 ""
6799 1025326.4873 78881.7720 132.0000 ""
6800 1025312.3853 78889.7922 132.0000 ""
6801 1025307.8502 78893.1080 132.0000 ""
6802 1025305.9579 78894.2008 132.0000 ""
6803 1025304.0161 78893.2546 132.0000 ""
6804 1025284.5167 78898.0197 132.0000 ""
6805 1025281.2190 78896.9685 132.0000 ""
6806 1025280.8958 78897.1555 132.0000 ""
6807 1025272.2178 78872.0167 132.0000 ""
6808 1025282.1323 78850.0624 132.0000 ""
6809 1025290.5954 78837.7421 132.0000 ""
6810 1025296.5534 78832.7864 132.0000 ""
6811 1025308.0088 78825.7699 132.0000 ""
6812 1025328.0516 78800.4308 132.0000 ""
6813 1025355.4189 78771.9812 132.0000 ""
6814 1025336.9833 78803.0237 134.0000 ""
6815 1025350.3116 78815.2601 134.0000 ""
6816 1025357.7590 78798.8203 134.0000 ""
6817 1025357.7590 78798.8203 134.0000 ""
6818 1025357.7590 78798.8203 134.0000 ""
6819 1025355.1055 78794.0728 134.0000 ""
6820 1025347.0495 78793.3158 134.0000 ""
6821 1025319.9343 78846.5444 134.0000 ""
6822 1025318.6601 78844.4605 134.0000 ""
6823 1025313.9245 78842.1417 134.0000 ""
6824 1025311.1737 78841.5331 134.0000 ""
6825 1025289.5254 78853.6097 134.0000 ""
6826 1025278.4096 78876.5653 134.0000 ""
6827 1025287.2706 78887.6705 134.0000 ""
6828 1025320.3504 78847.1700 134.0000 ""
6829 1025322.6604 78864.5321 134.0000 ""
6830 1025316.9549 78876.3478 134.0000 ""
6831 1025305.4800 78882.8739 134.0000 ""
6832 1025290.8285 78887.2431 134.0000 ""
6833 1025288.0037 78887.9335 134.0000 ""
6834 1025287.6662 78887.8259 134.0000 ""
6835 1025297.1337 78874.4771 136.0000 ""
6836 1025294.1631 78873.2890 136.0000 ""
6837 1025290.7802 78864.9670 136.0000 ""
6838 1025296.1377 78857.5994 136.0000 ""
6839 1025304.2584 78856.9328 136.0000 ""
6840 1025308.1657 78861.1641 136.0000 ""
6841 1025308.5063 78861.6106 136.0000 ""
6842 1025309.2436 78867.1522 136.0000 ""
6843 1025307.6463 78870.4602 136.0000 ""
6844 1025303.5668 78873.0641 136.0000 ""
6845 1025297.9179 78874.7487 136.0000 ""
6846 1025349.9724 78974.0925 130.0000 ""
6847 1025349.0426 78964.5378 130.0000 ""
6848 1025342.7373 78955.8786 130.0000 ""
6849 1025356.6536 78945.4093 130.0000 ""
6850 1025363.7409 78925.8934 130.0000 ""
6851 1025376.1350 78912.4684 130.0000 ""
6852 1025377.0420 78911.0484 130.0000 ""
6853 1025381.0213 78906.7012 130.0000 ""
6854 1025378.7418 78905.0595 130.0000 ""
6855 1025366.6360 78905.4586 130.0000 ""
6856 1025364.6815 78899.4644 130.0000 ""
6857 1025363.4108 78893.9121 130.0000 ""
6858 1025361.3322 78889.7691 130.0000 ""
6859 1025361.5133 78882.0648 130.0000 ""
6860 1025347.6556 78883.4155 130.0000 ""
6861 1025336.7577 78885.6677 130.0000 ""
6862 1025336.0197 78887.1962 130.0000 ""
6863 1025334.7385 78887.9249 130.0000 ""
6864 1025318.9752 78899.4502 130.0000 ""
6865 1025315.2081 78902.2045 130.0000 ""
6866 1025312.1574 78904.4350 130.0000 ""
6867 1025302.7352 78909.8760 130.0000 ""
6868 1025293.0663 78905.1646 130.0000 ""
6869 1025281.0297 78908.1060 130.0000 ""
6870 1025274.7717 78906.1112 130.0000 ""
6871 1025260.3245 78883.2298 128.0000 ""
6872 1025260.9664 78890.4036 128.0000 ""
6873 1025262.6799 78909.2514 128.0000 ""
6874 1025267.9354 78915.0966 128.0000 ""
6875 1025234.8041 79080.3548 128.0000 ""
6876 1025236.4866 79068.4450 128.0000 ""
6877 1025239.9439 79057.4433 128.0000 ""
6878 1025240.8885 79050.4865 128.0000 ""
6879 1025249.2997 79057.1293 128.0000 ""
6880 1025255.2216 79053.5625 128.0000 ""
6881 1025261.1282 79042.4536 128.0000 ""
6882 1025264.9017 79035.8911 128.0000 ""
6883 1025265.6886 79029.1091 128.0000 ""
6884 1025267.9811 79025.9677 128.0000 ""
6885 1025269.1155 79017.7708 128.0000 ""
6886 1025268.9105 79016.9977 128.0000 ""
6887 1025281.7337 78997.5056 128.0000 ""
6888 1025287.3881 78993.6068 128.0000 ""
6889 1025309.2249 78976.3057 128.0000 ""
6890 1025319.3927 78963.9609 128.0000 ""
6891 1025323.9109 78957.9951 128.0000 ""
6892 1025335.6763 78945.9693 128.0000 ""
6893 1025324.1881 78944.8210 128.0000 ""
6894 1025320.7760 78944.9032 128.0000 ""
6895 1025323.0205 78933.4177 128.0000 ""
6896 1025322.4756 78928.6176 128.0000 ""
6897 1025330.4610 78915.5505 128.0000 ""
6898 1025322.1377 78914.2503 128.0000 ""
6899 1025323.7405 78910.4422 128.0000 ""
6900 1025316.4646 78915.7620 128.0000 ""
6901 1025299.5124 78925.5512 128.0000 ""
6902 1025282.1165 78917.0746 128.0000 ""
6903 1025277.5427 78918.1923 128.0000 ""
6904 1025268.3245 78915.2539 128.0000 ""
6905 1025291.2134 78996.1182 130.0000 ""
6906 1025295.5029 78992.7197 130.0000 ""
6907 1025306.8502 78986.2027 130.0000 ""
6908 1025315.3969 78985.8177 130.0000 ""
6909 1025333.9611 78987.4774 130.0000 ""
6910 1025242.8554 79086.4014 130.0000 ""
6911 1025246.1514 79063.0698 130.0000 ""
6912 1025246.8882 79060.7251 130.0000 ""
6913 1025247.0896 79059.2424 130.0000 ""
6914 1025248.8822 79060.6581 130.0000 ""
6915 1025258.2221 79055.0326 130.0000 ""
6916 1025262.2112 79047.5301 130.0000 ""
6917 1025268.0581 79037.3619 130.0000 ""
6918 1025268.6109 79032.5971 130.0000 ""
6919 1025270.2215 79030.3899 130.0000 ""
6920 1025272.1784 79016.2508 130.0000 ""
6921 1025271.8249 79014.9171 130.0000 ""
6922 1025278.0416 79005.4673 130.0000 ""
6923 1025287.4997 78998.9457 130.0000 ""
6924 1025251.9080 79089.0409 132.0000 ""
6925 1025256.4773 79063.6886 132.0000 ""
6926 1025255.0936 79060.1943 132.0000 ""
6927 1025261.2227 79056.5027 132.0000 ""
6928 1025263.2943 79052.6065 132.0000 ""
6929 1025271.2144 79038.8326 132.0000 ""
6930 1025271.5332 79036.0850 132.0000 ""
6931 1025272.4620 79034.8122 132.0000 ""
6932 1025275.2413 79014.7307 132.0000 ""
6933 1025274.9695 79013.7057 132.0000 ""
6934 1025279.2702 79011.7276 132.0000 ""
6935 1025288.5409 79007.9967 132.0000 ""
6936 1025290.6663 79006.7958 132.0000 ""
6937 1025311.9234 79004.3066 132.0000 ""
6938 1025315.3657 79004.1516 132.0000 ""
6939 1025318.4595 79004.4282 132.0000 ""
6940 1025266.6788 79068.5864 134.0000 ""
6941 1025267.0487 79066.5340 134.0000 ""
6942 1025263.7673 79058.2474 134.0000 ""
6943 1025264.2232 79057.9728 134.0000 ""
6944 1025264.3773 79057.6829 134.0000 ""
6945 1025274.3707 79040.3034 134.0000 ""
6946 1025274.4555 79039.5729 134.0000 ""
6947 1025274.7024 79039.2345 134.0000 ""
6948 1025275.4995 79033.4756 134.0000 ""
6949 1025291.8144 79031.7207 134.0000 ""
6950 1025294.0298 79030.6176 134.0000 ""
6951 1025299.1933 79029.9261 134.0000 ""
6952 1025247.4704 78899.7315 126.0000 ""
6953 1025249.1720 78904.6595 126.0000 ""
6954 1025254.8657 78918.4222 126.0000 ""
6955 1025261.3459 78924.2594 126.0000 ""
6956 1025226.7528 79074.3083 126.0000 ""
6957 1025226.8217 79073.8203 126.0000 ""
6958 1025232.9996 79054.1615 126.0000 ""
6959 1025233.4129 79051.1176 126.0000 ""
6960 1025242.8877 79045.2195 126.0000 ""
6961 1025245.0301 79049.8988 126.0000 ""
6962 1025249.7172 79053.6005 126.0000 ""
6963 1025252.2211 79052.0924 126.0000 ""
6964 1025260.0452 79037.3772 126.0000 ""
6965 1025261.7454 79034.4203 126.0000 ""
6966 1025262.7663 79025.6212 126.0000 ""
6967 1025265.7406 79021.5454 126.0000 ""
6968 1025266.0526 79019.2909 126.0000 ""
6969 1025265.9962 79019.0782 126.0000 ""
6970 1025285.4259 78989.5439 126.0000 ""
6971 1025286.1585 78989.0388 126.0000 ""
6972 1025288.9876 78986.7973 126.0000 ""
6973 1025291.7291 78983.4688 126.0000 ""
6974 1025281.9375 78982.6587 126.0000 ""
6975 1025278.5487 78981.6757 126.0000 ""
6976 1025278.4657 78981.1797 126.0000 ""
6977 1025276.5502 78975.8476 126.0000 ""
6978 1025275.6500 78970.0710 126.0000 ""
6979 1025275.6981 78969.0653 126.0000 ""
6980 1025276.4935 78966.9744 126.0000 ""
6981 1025284.7433 78948.6446 126.0000 ""
6982 1025270.3478 78938.4694 126.0000 ""
6983 1025270.4433 78927.1271 126.0000 ""
6984 1025261.8772 78924.3965 126.0000 ""
6985 1025240.3147 78906.9196 124.0000 ""
6986 1025242.4477 78917.1266 124.0000 ""
6987 1025250.1712 78931.0565 124.0000 ""
6988 1025254.8720 78933.2377 124.0000 ""
6989 1025219.5877 79067.5682 124.0000 ""
6990 1025223.0706 79057.4570 124.0000 ""
6991 1025226.0269 79052.8610 124.0000 ""
6992 1025237.5875 79039.2154 124.0000 ""
6993 1025246.3140 79035.3802 124.0000 ""
6994 1025249.7108 79026.1129 124.0000 ""
6995 1025255.7404 79023.0493 124.0000 ""
6996 1025256.6222 79020.9320 124.0000 ""
6997 1025264.5326 79007.2688 124.0000 ""
6998 1025255.3661 79005.3778 124.0000 ""
6999 1025252.0331 79004.4109 124.0000 ""
7000 1025250.6357 78996.0628 124.0000 ""
7001 1025249.2408 78992.1801 124.0000 ""
7002 1025247.5390 78991.6313 124.0000 ""
7003 1025252.5684 78982.2728 124.0000 ""
7004 1025253.4749 78973.0286 124.0000 ""
7005 1025256.8211 78962.7513 124.0000 ""
7006 1025257.4903 78950.2417 124.0000 ""
7007 1025257.6251 78934.2389 124.0000 ""
7008 1025255.4300 78933.5392 124.0000 ""
7009 1025223.9779 78901.5194 122.0000 ""
7010 1025224.8014 78908.9285 122.0000 ""
7011 1025235.2281 78937.6016 122.0000 ""
7012 1025242.3522 78945.9159 122.0000 ""
7013 1025232.7184 79001.1793 122.0000 ""
7014 1025238.3509 78990.6983 122.0000 ""
7015 1025240.6776 78966.9715 122.0000 ""
7016 1025242.3369 78961.8754 122.0000 ""
7017 1025243.1638 78946.4167 122.0000 ""
7018 1025214.1374 79060.9933 122.0000 ""
7019 1025219.0279 79053.3902 122.0000 ""
7020 1025239.3641 79029.3862 122.0000 ""
7021 1025235.3569 79028.7435 122.0000 ""
7022 1025226.0374 79026.8628 122.0000 ""
7023 1025224.5098 79022.6242 122.0000 ""
7024 1025223.2910 79015.0520 122.0000 ""
7025 1025229.8123 79005.9723 122.0000 ""
7026 1025229.2694 79005.5505 122.0000 ""
7027 1025229.7365 79004.9853 122.0000 ""
7028 1025209.6148 78924.8291 120.0000 ""
7029 1025211.6281 78917.0557 120.0000 ""
7030 1025212.6026 78896.6546 120.0000 ""
7031 1025187.7935 78864.6687 120.0000 ""
7032 1025178.5109 78846.5501 120.0000 ""
7033 1025174.2006 78820.3565 120.0000 ""
7034 1025170.3902 78806.2314 120.0000 ""
7035 1025168.1156 78800.0885 120.0000 ""
7036 1025165.3680 78780.5762 120.0000 ""
7037 1025169.3865 78765.4295 120.0000 ""
7038 1025164.4335 78748.4829 120.0000 ""
7039 1025169.5400 78709.8839 120.0000 ""
7040 1025182.3661 78677.9188 120.0000 ""
7041 1025201.2987 78662.7697 120.0000 ""
7042 1025206.0096 78657.7320 120.0000 ""
7043 1025209.6148 78924.8291 120.0000 ""
7044 1025227.3110 78960.9634 120.0000 ""
7045 1025196.4938 79037.4165 120.0000 ""
7046 1025198.7473 79035.7577 120.0000 ""
7047 1025217.2186 79010.0399 120.0000 ""
7048 1025216.1693 79009.2246 120.0000 ""
7049 1025214.1776 79004.3444 120.0000 ""
7050 1025222.2653 78996.2822 120.0000 ""
7051 1025227.6283 78961.3088 120.0000 ""
7052 1025188.8418 79004.0476 118.0000 ""
7053 1025178.8887 78998.1358 118.0000 ""
7054 1025175.8648 78974.5101 118.0000 ""
7055 1025179.1636 78969.5652 118.0000 ""
7056 1025190.7070 78965.9936 118.0000 ""
7057 1025199.4797 78979.2680 118.0000 ""
7058 1025188.8418 79004.0476 118.0000 ""
7059 1025201.1687 79005.2663 118.0000 ""
7060 1025195.6105 78991.6477 118.0000 ""
7061 1025197.9370 78989.3285 118.0000 ""
7062 1025199.4797 78979.2680 118.0000 ""
7063 1025204.1499 78797.6817 126.0000 ""
7064 1025218.4036 78807.7756 126.0000 ""
7065 1025206.2964 78826.8418 126.0000 ""
7066 1025200.7448 78819.4439 126.0000 ""
7067 1025197.2139 78806.3245 126.0000 ""
7068 1025199.9047 78797.2612 126.0000 ""
7069 1025204.1499 78797.6817 126.0000 ""
7070 1025224.0976 78726.4514 124.0000 ""
7071 1025227.8707 78727.9151 124.0000 ""
7072 1025232.2296 78732.4911 124.0000 ""
7073 1025231.8553 78750.5000 124.0000 ""
7074 1025231.7817 78778.1218 124.0000 ""
7075 1025236.9754 78802.7282 124.0000 ""
7076 1025235.0925 78811.4543 124.0000 ""
7077 1025234.5419 78825.9073 124.0000 ""
7078 1025218.9661 78843.3148 124.0000 ""
7079 1025198.2307 78836.8672 124.0000 ""
7080 1025190.1699 78822.5720 124.0000 ""
7081 1025187.4941 78797.2061 124.0000 ""
7082 1025183.7345 78756.5591 124.0000 ""
7083 1025184.0164 78745.4042 124.0000 ""
7084 1025187.2497 78727.0920 124.0000 ""
7085 1025192.8686 78724.0324 124.0000 ""
7086 1025224.0976 78726.4514 124.0000 ""
7087 1025197.9953 78778.3636 126.0000 ""
7088 1025194.0535 78760.9336 126.0000 ""
7089 1025210.6422 78755.0029 126.0000 ""
7090 1025210.3966 78762.0047 126.0000 ""
7091 1025203.2461 78773.7465 126.0000 ""
7092 1025197.9953 78778.3636 126.0000 ""
7093 1025172.7478 78885.4385 118.0000 ""
7094 1025174.4736 78890.9238 118.0000 ""
7095 1025174.8107 78901.8196 118.0000 ""
7096 1025162.7127 78899.8314 118.0000 ""
7097 1025150.8730 78900.2428 118.0000 ""
7098 1025141.9431 78904.1119 118.0000 ""
7099 1025122.8790 78910.1468 118.0000 ""
7100 1025113.9967 78913.1663 118.0000 ""
7101 1025088.0002 78922.2766 118.0000 ""
7102 1025044.4765 78932.8783 118.0000 ""
7103 1025028.7430 78947.7175 118.0000 ""
7104 1025014.7458 78958.9643 118.0000 ""
7105 1024995.3548 78970.2429 118.0000 ""
7106 1024981.3207 78970.5464 118.0000 ""
7107 1024967.3659 78979.2442 118.0000 ""
7108 1024966.9199 78994.6820 118.0000 ""
7109 1024966.9199 78994.6820 118.0000 ""
7110 1024976.5729 79027.4913 118.0000 ""
7111 1024979.2461 79035.0450 118.0000 ""
7112 1025010.9705 79051.7904 118.0000 ""
7113 1025030.7713 79043.3628 118.0000 ""
7114 1025040.6754 79032.9029 118.0000 ""
7115 1025053.9678 79034.3966 118.0000 ""
7116 1025060.3318 79040.2143 118.0000 ""
7117 1025070.0249 79055.3375 118.0000 ""
7118 1025075.9311 79058.7054 118.0000 ""
7119 1025095.0874 79051.0248 118.0000 ""
7120 1025105.7459 79041.6663 118.0000 ""
7121 1025136.2627 79024.8784 118.0000 ""
7122 1025143.5470 79022.0044 118.0000 ""
7123 1025152.8931 79022.9851 118.0000 ""
7124 1025167.6180 79018.9366 118.0000 ""
7125 1025177.7687 79021.3193 118.0000 ""
7126 1025178.6313 79025.1702 118.0000 ""
7127 1025146.5838 79062.4922 118.0000 ""
7128 1025136.8821 79074.3026 118.0000 ""
7129 1025101.8536 79101.0175 118.0000 ""
7130 1025100.1414 79111.5552 118.0000 ""
7131 1025098.9140 79117.7972 118.0000 ""
7132 1025110.2674 79019.9941 120.0000 ""
7133 1025119.0423 79014.8264 120.0000 ""
7134 1025135.2778 78999.9389 120.0000 ""
7135 1025139.0903 78989.9071 120.0000 ""
7136 1025148.8099 78968.7506 120.0000 ""
7137 1025155.6409 78950.1828 120.0000 ""
7138 1025129.7693 78938.0044 120.0000 ""
7139 1025115.5041 78944.7540 120.0000 ""
7140 1025080.6625 78952.9849 120.0000 ""
7141 1025068.6056 78947.8483 120.0000 ""
7142 1025046.4983 78954.2218 120.0000 ""
7143 1025042.6776 78957.7971 120.0000 ""
7144 1025031.1166 78968.6156 120.0000 ""
7145 1025020.1591 78978.8693 120.0000 ""
7146 1025008.8524 78988.0758 120.0000 ""
7147 1024999.4380 78995.5396 120.0000 ""
7148 1025003.6282 79008.4449 120.0000 ""
7149 1025002.5431 79026.8789 120.0000 ""
7150 1025002.0230 79035.3714 120.0000 ""
7151 1025005.7916 79041.8796 120.0000 ""
7152 1025031.8514 79037.9200 120.0000 ""
7153 1025035.5159 79028.6883 120.0000 ""
7154 1025050.8511 79028.6897 120.0000 ""
7155 1025063.5549 79033.2795 120.0000 ""
7156 1025076.8129 79039.1704 120.0000 ""
7157 1025089.6879 79035.2661 120.0000 ""
7158 1025110.2674 79019.9941 120.0000 ""
7159 1025110.2674 79019.9941 120.0000 ""
7160 1025067.0520 78983.4464 122.0000 ""
7161 1025076.9889 78974.2102 122.0000 ""
7162 1025087.2876 78976.4929 122.0000 ""
7163 1025087.5397 78991.6848 122.0000 ""
7164 1025084.5004 79008.5147 122.0000 ""
7165 1025077.4142 79025.1810 122.0000 ""
7166 1025072.4311 79028.7621 122.0000 ""
7167 1025059.7755 79023.7228 122.0000 ""
7168 1025050.2520 79014.2968 122.0000 ""
7169 1025047.6749 79005.7436 122.0000 ""
7170 1025053.7389 78996.9693 122.0000 ""
7171 1025053.7389 78996.9693 122.0000 ""
7172 1025070.5108 78891.8599 116.0000 ""
7173 1025064.9031 78902.6129 116.0000 ""
7174 1025049.7466 78911.1586 116.0000 ""
7175 1025039.6769 78917.1722 116.0000 ""
7176 1025012.7155 78935.1230 116.0000 ""
7177 1025003.3965 78941.3384 116.0000 ""
7178 1024966.8713 78951.7616 116.0000 ""
7179 1024950.1786 78977.3886 116.0000 ""
7180 1024957.4713 79006.4922 116.0000 ""
7181 1024965.8757 79024.9073 116.0000 ""
7182 1024971.7908 79045.6125 116.0000 ""
7183 1024991.4984 79053.9731 116.0000 ""
7184 1025025.4930 79062.5822 116.0000 ""
7185 1025040.0948 79052.8380 116.0000 ""
7186 1025055.6656 79048.7432 116.0000 ""
7187 1025057.1704 79050.5471 116.0000 ""
7188 1025044.7303 79064.4462 116.0000 ""
7189 1025042.9152 79074.0338 116.0000 ""
7190 1025049.9750 79078.8546 116.0000 ""
7191 1025055.0577 79089.7648 116.0000 ""
7192 1025062.7622 79107.6796 116.0000 ""
7193 1025065.9480 79118.9333 116.0000 ""
7194 1025064.8778 79127.2742 116.0000 ""
7195 1025044.8734 79149.3905 116.0000 ""
7196 1025033.4892 78900.6081 114.0000 ""
7197 1025032.4417 78904.9562 114.0000 ""
7198 1025023.6970 78918.4694 114.0000 ""
7199 1024998.6908 78923.8344 114.0000 ""
7200 1024986.4405 78934.4874 114.0000 ""
7201 1024978.7612 78938.1099 114.0000 ""
7202 1024963.2260 78937.5094 114.0000 ""
7203 1024947.6860 78949.8499 114.0000 ""
7204 1024940.2024 78995.3927 114.0000 ""
7205 1024948.6014 79012.3085 114.0000 ""
7206 1024950.8232 79033.7504 114.0000 ""
7207 1024970.1686 79053.1017 114.0000 ""
7208 1024994.7947 79068.3743 114.0000 ""
7209 1025016.9078 79078.8422 114.0000 ""
7210 1025016.9078 79078.8422 114.0000 ""
7211 1025013.0942 79088.2228 114.0000 ""
7212 1025001.8566 79088.4344 114.0000 ""
7213 1024999.7115 79089.1765 114.0000 ""
7214 1025011.0203 79095.1610 114.0000 ""
7215 1025014.5138 79094.3235 114.0000 ""
7216 1025036.9691 79102.4447 114.0000 ""
7217 1025040.9768 79105.8062 114.0000 ""
7218 1025042.6181 79132.7439 114.0000 ""
7219 1025039.2821 79135.8303 114.0000 ""
7220 1024995.3597 78899.9797 112.0000 ""
7221 1024987.0016 78908.9561 112.0000 ""
7222 1024975.4053 78920.9104 112.0000 ""
7223 1024955.7889 78924.4441 112.0000 ""
7224 1024946.2110 78927.7105 112.0000 ""
7225 1024931.8177 78953.7449 112.0000 ""
7226 1024921.8179 78964.8539 112.0000 ""
7227 1024916.5772 78980.1754 112.0000 ""
7228 1024908.2412 78995.7361 112.0000 ""
7229 1024920.7227 79009.1177 112.0000 ""
7230 1024931.2417 79018.1462 112.0000 ""
7231 1024937.7398 79034.2061 112.0000 ""
7232 1024971.0838 79057.8015 112.0000 ""
7233 1024969.3698 79067.6386 112.0000 ""
7234 1024956.2248 79064.8461 112.0000 ""
7235 1024951.0284 79064.1790 112.0000 ""
7236 1024960.4433 79071.5555 112.0000 ""
7237 1024979.9231 79086.4111 112.0000 ""
7238 1025012.2899 79101.2112 112.0000 ""
7239 1025029.4967 79108.2653 112.0000 ""
7240 1025031.6082 79112.2198 112.0000 ""
7241 1025027.6847 79118.7519 112.0000 ""
7242 1025026.2657 79127.2912 112.0000 ""
7243 1024959.5499 78888.8293 110.0000 ""
7244 1024947.0057 78897.5840 110.0000 ""
7245 1024934.1188 78911.5824 110.0000 ""
7246 1024916.1868 78925.1643 110.0000 ""
7247 1024911.9627 78945.5856 110.0000 ""
7248 1024910.1578 78957.9706 110.0000 ""
7249 1024895.6199 78956.3739 110.0000 ""
7250 1024879.8978 78973.2092 110.0000 ""
7251 1024873.3116 78989.1750 110.0000 ""
7252 1024913.9215 79020.8362 110.0000 ""
7253 1024915.3770 79022.9395 110.0000 ""
7254 1024905.6733 79032.8994 110.0000 ""
7255 1024929.6693 79054.4139 110.0000 ""
7256 1024944.2990 79067.9034 110.0000 ""
7257 1024994.4351 79108.8447 110.0000 ""
7258 1025000.3288 79123.3047 110.0000 ""
7259 1025000.3288 79123.3047 110.0000 ""
7260 1024994.8422 79125.4843 110.0000 ""
7261 1024995.3597 78899.9797 112.0000 ""
7262 1024999.1208 78897.2390 112.0000 ""
7263 1025006.9589 78891.0122 112.0000 ""
7264 1025018.9907 78882.9029 112.0000 ""
7265 1025022.0141 78848.2203 112.0000 ""
7266 1025026.4935 78827.7752 112.0000 ""
7267 1025028.3266 78816.6451 112.0000 ""
7268 1025025.5833 78806.5404 112.0000 ""
7269 1025026.4884 78791.8916 112.0000 ""
7270 1025030.1436 78777.3885 112.0000 ""
7271 1025025.1570 78749.9805 112.0000 ""
7272 1025025.9684 78737.4322 112.0000 ""
7273 1025026.4791 78715.2699 112.0000 ""
7274 1025024.4220 78710.6815 112.0000 ""
7275 1025021.3836 78697.9192 112.0000 ""
7276 1025024.6373 78681.0573 112.0000 ""
7277 1025030.2713 78672.4926 112.0000 ""
7278 1025040.6005 78662.0041 112.0000 ""
7279 1025046.9793 78644.0932 112.0000 ""
7280 1025047.1549 78594.7002 112.0000 ""
7281 1025041.6407 78544.5116 112.0000 ""
7282 1025043.3773 78521.1687 112.0000 ""
7283 1025029.9265 78484.3600 112.0000 ""
7284 1025018.6141 78474.7123 112.0000 ""
7285 1025010.6701 78469.1746 112.0000 ""
7286 1025010.9240 78461.2088 112.0000 ""
7287 1025021.4143 78457.9931 112.0000 ""
7288 1025035.2211 78463.2283 112.0000 ""
7289 1025054.8221 78459.4017 112.0000 ""
7290 1025065.9967 78453.9830 112.0000 ""
7291 1025072.9872 78452.3982 112.0000 ""
7292 1025080.4656 78453.8243 112.0000 ""
7293 1025109.0436 78444.2924 112.0000 ""
7294 1025120.9776 78440.8384 112.0000 ""
7295 1025132.5769 78436.6282 112.0000 ""
7296 1025174.3538 78432.5220 112.0000 ""
7297 1025174.6580 78429.9248 112.0000 ""
7298 1025159.2042 78424.5620 112.0000 ""
7299 1025138.8640 78408.6581 112.0000 ""
7300 1025118.9510 78376.9968 112.0000 ""
7301 1025123.2140 78350.0938 112.0000 ""
7302 1025127.0693 78342.8017 112.0000 ""
7303 1025140.6781 78335.8232 112.0000 ""
7304 1025149.1380 78318.8997 112.0000 ""
7305 1025150.1514 78303.8532 112.0000 ""
7306 1025156.7392 78285.4972 112.0000 ""
7307 1025159.1934 78256.5126 112.0000 ""
7308 1025160.4817 78235.4654 112.0000 ""
7309 1025169.8643 78224.7134 112.0000 ""
7310 1025179.2128 78222.8187 112.0000 ""
7311 1025190.7173 78211.1016 112.0000 ""
7312 1025198.8088 78211.8883 112.0000 ""
7313 1025199.8494 78197.9436 112.0000 ""
7314 1025193.7567 78190.0843 112.0000 ""
7315 1025221.4609 78169.4822 112.0000 ""
7316 1025235.1137 78169.9623 112.0000 ""
7317 1025272.0871 78184.8968 112.0000 ""
7318 1025294.4481 78187.7251 112.0000 ""
7319 1025306.4888 78191.0803 112.0000 ""
7320 1025327.2012 78191.3288 112.0000 ""
7321 1025317.7990 78176.6086 112.0000 ""
7322 1025290.2558 78162.0214 112.0000 ""
7323 1024959.5499 78888.8293 110.0000 ""
7324 1024971.8899 78882.7767 110.0000 ""
7325 1024971.8899 78882.7767 110.0000 ""
7326 1024974.1307 78871.3027 110.0000 ""
7327 1024983.5732 78862.5500 110.0000 ""
7328 1024993.0963 78859.5542 110.0000 ""
7329 1024995.3153 78832.2649 110.0000 ""
7330 1025000.6010 78818.7894 110.0000 ""
7331 1025004.4011 78821.4046 110.0000 ""
7332 1025003.5415 78812.1817 110.0000 ""
7333 1025002.1810 78790.9392 110.0000 ""
7334 1025005.7364 78781.2388 110.0000 ""
7335 1025007.8763 78757.7520 110.0000 ""
7336 1025011.1139 78751.2995 110.0000 ""
7337 1025011.5545 78725.2822 110.0000 ""
7338 1024999.3067 78712.4673 110.0000 ""
7339 1024988.3841 78705.7301 110.0000 ""
7340 1024994.7051 78693.0226 110.0000 ""
7341 1025001.3318 78684.8747 110.0000 ""
7342 1025006.2176 78659.3314 110.0000 ""
7343 1025009.0497 78653.1225 110.0000 ""
7344 1025014.5455 78651.2119 110.0000 ""
7345 1025025.9697 78645.8463 110.0000 ""
7346 1025020.3135 78631.3888 110.0000 ""
7347 1025018.5084 78619.4977 110.0000 ""
7348 1025021.1061 78617.3388 110.0000 ""
7349 1025030.8037 78608.3413 110.0000 ""
7350 1025024.2528 78569.4959 110.0000 ""
7351 1025026.7599 78569.2874 110.0000 ""
7352 1025030.1390 78539.1652 110.0000 ""
7353 1025024.7183 78523.0098 110.0000 ""
7354 1025020.3053 78518.5821 110.0000 ""
7355 1025009.0148 78510.2862 110.0000 ""
7356 1025005.5901 78508.8778 110.0000 ""
7357 1024997.8645 78495.2361 110.0000 ""
7358 1024988.7980 78497.9376 110.0000 ""
7359 1024983.9970 78492.9028 110.0000 ""
7360 1024982.0267 78487.8400 110.0000 ""
7361 1025099.0325 78584.0024 120.0000 ""
7362 1025098.0636 78575.2284 120.0000 ""
7363 1025093.8754 78557.5927 120.0000 ""
7364 1025094.7512 78541.9430 120.0000 ""
7365 1025098.2094 78532.0916 120.0000 ""
7366 1025113.5471 78511.7786 120.0000 ""
7367 1025139.6374 78508.7104 120.0000 ""
7368 1025153.0381 78514.1384 120.0000 ""
7369 1025170.1010 78511.9206 120.0000 ""
7370 1025187.8192 78509.4636 120.0000 ""
7371 1025214.0577 78525.6645 120.0000 ""
7372 1025228.9078 78540.7746 120.0000 ""
7373 1025234.7348 78556.5849 120.0000 ""
7374 1025234.2146 78574.3913 120.0000 ""
7375 1025195.2097 78601.7663 120.0000 ""
7376 1025173.9264 78614.4237 120.0000 ""
7377 1025139.8950 78631.1734 120.0000 ""
7378 1025122.0171 78624.4206 120.0000 ""
7379 1025117.7893 78617.5838 120.0000 ""
7380 1025174.1281 78522.8473 122.0000 ""
7381 1025176.6296 78522.8889 122.0000 ""
7382 1025184.6347 78525.4244 122.0000 ""
7383 1025198.0368 78528.3501 122.0000 ""
7384 1025214.1541 78535.4745 122.0000 ""
7385 1025215.8805 78543.9105 122.0000 ""
7386 1025217.3730 78563.6021 122.0000 ""
7387 1025212.6426 78572.0806 122.0000 ""
7388 1025201.6813 78581.7567 122.0000 ""
7389 1025190.1881 78585.7190 122.0000 ""
7390 1025181.4597 78584.2727 122.0000 ""
7391 1025172.6880 78592.1337 122.0000 ""
7392 1025167.5216 78599.9047 122.0000 ""
7393 1025127.1333 78609.4422 122.0000 ""
7394 1025119.9593 78603.0173 122.0000 ""
7395 1025109.7702 78585.1319 122.0000 ""
7396 1025116.4612 78564.2243 122.0000 ""
7397 1025115.6855 78560.6082 122.0000 ""
7398 1025103.7120 78549.0986 122.0000 ""
7399 1025105.6473 78540.2728 122.0000 ""
7400 1025126.4852 78515.3973 122.0000 ""
7401 1025141.2933 78520.5485 122.0000 ""
7402 1025163.9883 78521.8776 122.0000 ""
7403 1025174.1281 78522.8473 122.0000 ""
7404 1025131.9741 78571.5889 124.0000 ""
7405 1025135.4878 78568.6947 124.0000 ""
7406 1025143.5096 78567.9065 124.0000 ""
7407 1025157.0895 78574.3316 124.0000 ""
7408 1025162.2184 78582.9517 124.0000 ""
7409 1025148.9441 78600.3464 124.0000 ""
7410 1025143.4292 78603.2073 124.0000 ""
7411 1025133.1868 78599.9343 124.0000 ""
7412 1025125.2420 78582.4366 124.0000 ""
7413 1025127.7048 78574.7207 124.0000 ""
7414 1025131.9741 78571.5889 124.0000 ""
7415 1025131.9741 78571.5889 124.0000 ""
7416 1025173.3305 78547.9290 124.0000 ""
7417 1025173.8655 78545.1123 124.0000 ""
7418 1025195.0024 78541.9113 124.0000 ""
7419 1025205.9970 78552.3032 124.0000 ""
7420 1025200.4786 78562.5702 124.0000 ""
7421 1025177.2698 78566.7378 124.0000 ""
7422 1025176.4248 78564.3426 124.0000 ""
7423 1025275.1041 78497.2075 118.0000 ""
7424 1025278.6653 78496.8165 118.0000 ""
7425 1025284.5757 78496.5648 118.0000 ""
7426 1025288.9920 78483.9281 118.0000 ""
7427 1025290.5299 78477.3483 118.0000 ""
7428 1025289.5782 78472.5785 118.0000 ""
7429 1025270.0952 78456.4903 118.0000 ""
7430 1025264.1789 78464.2480 118.0000 ""
7431 1025256.8526 78477.2367 118.0000 ""
7432 1025255.8129 78486.3269 118.0000 ""
7433 1025263.1004 78489.6512 118.0000 ""
7434 1025275.1041 78497.2075 118.0000 ""
7435 1024989.8082 78434.5727 112.0000 ""
7436 1024995.3512 78437.7406 112.0000 ""
7437 1025005.5222 78437.8426 112.0000 ""
7438 1025004.8401 78419.4909 112.0000 ""
7439 1024990.3545 78409.5844 112.0000 ""
7440 1024982.5672 78402.9678 112.0000 ""
7441 1024972.3210 78403.8187 112.0000 ""
7442 1024973.6153 78411.1444 112.0000 ""
7443 1024980.5779 78418.7822 112.0000 ""
7444 1024989.8082 78434.5727 112.0000 ""
7445 1025285.0355 78378.5849 118.0000 ""
7446 1025282.0873 78381.0066 118.0000 ""
7447 1025278.9819 78378.8773 118.0000 ""
7448 1025284.5230 78370.9351 118.0000 ""
7449 1025282.0998 78357.2463 118.0000 ""
7450 1025263.1664 78343.7731 118.0000 ""
7451 1025246.9305 78327.4302 118.0000 ""
7452 1025236.0654 78322.1542 118.0000 ""
7453 1025224.7291 78303.2766 118.0000 ""
7454 1025220.6632 78294.5520 118.0000 ""
7455 1025209.0043 78293.4331 118.0000 ""
7456 1025206.6082 78296.9510 118.0000 ""
7457 1025208.1235 78306.2937 118.0000 ""
7458 1025204.5332 78314.1215 118.0000 ""
7459 1025204.0298 78344.7367 118.0000 ""
7460 1025213.7625 78361.9258 118.0000 ""
7461 1025216.3434 78380.9160 118.0000 ""
7462 1025224.0712 78395.5687 118.0000 ""
7463 1025239.1800 78394.6627 118.0000 ""
7464 1025242.2270 78391.4399 118.0000 ""
7465 1025245.7899 78398.1681 118.0000 ""
7466 1025248.1019 78404.8551 118.0000 ""
7467 1025263.9231 78411.4977 118.0000 ""
7468 1025279.3360 78412.9907 118.0000 ""
7469 1025283.6054 78423.4160 118.0000 ""
7470 1025290.8653 78426.4668 118.0000 ""
7471 1025304.1725 78425.2231 118.0000 ""
7472 1025314.5752 78422.3990 118.0000 ""
7473 1025319.4305 78423.6657 118.0000 ""
7474 1025325.5912 78427.6746 118.0000 ""
7475 1025331.2434 78426.5846 118.0000 ""
7476 1025340.7464 78424.3670 118.0000 ""
7477 1025347.8780 78410.0602 118.0000 ""
7478 1025348.8963 78390.0437 118.0000 ""
7479 1025337.4387 78359.1603 118.0000 ""
7480 1025316.1103 78350.0556 118.0000 ""
7481 1025291.6254 78369.4849 118.0000 ""
7482 1025285.0355 78378.5849 118.0000 ""
7483 1025229.1406 78345.6650 120.0000 ""
7484 1025235.3192 78340.6617 120.0000 ""
7485 1025240.9374 78349.6634 120.0000 ""
7486 1025235.4255 78362.0317 120.0000 ""
7487 1025232.5303 78366.4870 120.0000 ""
7488 1025225.6940 78365.5219 120.0000 ""
7489 1025225.6940 78365.5219 120.0000 ""
7490 1025225.6940 78365.5219 120.0000 ""
7491 1025226.4232 78361.2635 120.0000 ""
7492 1025313.4422 78405.4722 120.0000 ""
7493 1025308.1333 78405.6836 120.0000 ""
7494 1025300.2177 78401.2978 120.0000 ""
7495 1025301.0786 78381.5460 120.0000 ""
7496 1025304.4025 78366.0890 120.0000 ""
7497 1025321.6524 78360.9344 120.0000 ""
7498 1025334.4982 78370.6389 120.0000 ""
7499 1025337.8109 78374.2544 120.0000 ""
7500 1025338.9993 78382.0805 120.0000 ""
7501 1025335.5465 78401.3382 120.0000 ""
7502 1025326.2724 78404.5358 120.0000 ""
7503 1025313.4422 78405.4722 120.0000 ""
7504 1025313.4422 78405.4722 120.0000 ""
7505 1025289.1926 78259.9968 118.0000 ""
7506 1025291.3365 78260.3831 118.0000 ""
7507 1025294.1682 78261.3814 118.0000 ""
7508 1025298.9036 78274.3215 118.0000 ""
7509 1025306.4157 78295.7151 118.0000 ""
7510 1025296.0054 78322.2624 118.0000 ""
7511 1025292.0712 78323.7478 118.0000 ""
7512 1025286.7930 78315.2523 118.0000 ""
7513 1025277.4394 78300.5834 118.0000 ""
7514 1025271.5327 78291.0264 118.0000 ""
7515 1025252.9049 78272.2983 118.0000 ""
7516 1025252.1770 78263.9791 118.0000 ""
7517 1025257.9519 78261.1584 118.0000 ""
7518 1025269.4832 78255.5261 118.0000 ""
7519 1025273.9676 78253.3358 118.0000 ""
7520 1025275.3787 78252.8590 118.0000 ""
7521 1025284.5610 78258.9182 118.0000 ""
7522 1025289.1926 78259.9968 118.0000 ""
7523 1025289.1926 78259.9968 118.0000 ""
7524 1025398.6177 78253.4779 116.0000 ""
7525 1025414.4791 78267.9552 116.0000 ""
7526 1025424.7109 78283.6388 116.0000 ""
7527 1025428.8004 78291.5134 116.0000 ""
7528 1025424.3052 78298.3433 116.0000 ""
7529 1025409.6819 78303.7523 116.0000 ""
7530 1025392.6997 78299.8647 116.0000 ""
7531 1025374.2282 78300.2053 116.0000 ""
7532 1025366.3641 78295.7700 116.0000 ""
7533 1025359.1438 78289.2438 116.0000 ""
7534 1025345.9536 78271.4083 116.0000 ""
7535 1025348.4837 78267.6478 116.0000 ""
7536 1025348.7260 78255.9925 116.0000 ""
7537 1025351.6564 78252.2387 116.0000 ""
7538 1025381.0829 78247.2787 116.0000 ""
7539 1025398.6177 78253.4779 116.0000 ""
7540 1025386.4680 78257.8273 118.0000 ""
7541 1025399.0261 78272.3494 118.0000 ""
7542 1025397.6560 78278.0808 118.0000 ""
7543 1025392.6584 78285.0024 118.0000 ""
7544 1025372.7590 78281.8162 118.0000 ""
7545 1025364.2851 78275.4190 118.0000 ""
7546 1025368.3966 78258.1744 118.0000 ""
7547 1025368.9938 78258.0960 118.0000 ""
7548 1025381.7831 78256.9224 118.0000 ""
7549 1025386.4680 78257.8273 118.0000 ""
7550 1025386.4680 78257.8273 118.0000 ""
7551 1025334.1908 78098.2206 114.0000 ""
7552 1025337.7248 78099.1309 114.0000 ""
7553 1025349.9091 78107.5932 114.0000 ""
7554 1025368.2138 78117.7097 114.0000 ""
7555 1025404.0908 78163.4999 114.0000 ""
7556 1025397.7711 78176.2535 114.0000 ""
7557 1025382.0140 78190.4496 114.0000 ""
7558 1025372.8425 78195.9498 114.0000 ""
7559 1025342.9938 78182.6873 114.0000 ""
7560 1025300.6434 78154.5018 114.0000 ""
7561 1025275.9018 78124.1599 114.0000 ""
7562 1025284.1409 78108.1853 114.0000 ""
7563 1025294.0300 78099.4947 114.0000 ""
7564 1025306.0298 78095.1934 114.0000 ""
7565 1025334.1908 78098.2206 114.0000 ""
7566 1025294.7615 78117.2718 116.0000 ""
7567 1025336.2144 78114.0176 116.0000 ""
7568 1025346.6832 78120.7494 116.0000 ""
7569 1025374.5598 78149.4418 116.0000 ""
7570 1025381.9469 78181.6416 116.0000 ""
7571 1025380.3807 78184.7677 116.0000 ""
7572 1025365.4897 78183.7665 116.0000 ""
7573 1025363.7532 78178.2329 116.0000 ""
7574 1025351.5241 78167.1183 116.0000 ""
7575 1025344.1020 78167.8940 116.0000 ""
7576 1025329.4493 78159.5872 116.0000 ""
7577 1025318.2851 78153.2582 116.0000 ""
7578 1025311.2611 78149.2762 116.0000 ""
7579 1025294.0296 78133.2228 116.0000 ""
7580 1025291.3665 78128.9244 116.0000 ""
7581 1025294.7615 78117.2718 116.0000 ""
7582 1025294.7615 78117.2718 116.0000 ""
7583 1025317.8868 78138.6790 118.0000 ""
7584 1025317.7950 78135.8752 118.0000 ""
7585 1025319.7352 78129.2024 118.0000 ""
7586 1025321.7383 78129.1361 118.0000 ""
7587 1025327.4243 78127.6306 118.0000 ""
7588 1025335.3212 78135.3198 118.0000 ""
7589 1025333.2997 78141.0905 118.0000 ""
7590 1025317.0834 78141.2176 118.0000 ""
7591 1025317.8868 78138.6790 118.0000 ""
7592 1024723.5510 78232.7545 104.0000 ""
7593 1024717.4145 78239.7107 104.0000 ""
7594 1024685.9264 78255.9224 104.0000 ""
7595 1024672.2485 78269.4237 104.0000 ""
7596 1024631.7135 78316.7139 104.0000 ""
7597 1024613.0823 78366.4525 104.0000 ""
7598 1024610.4539 78388.5640 104.0000 ""
7599 1024611.6484 78408.5166 104.0000 ""
7600 1024611.8612 78433.2825 104.0000 ""
7601 1024619.8028 78466.9120 104.0000 ""
7602 1024654.0523 78569.6873 104.0000 ""
7603 1024692.8765 78610.9398 104.0000 ""
7604 1024724.7400 78630.8729 104.0000 ""
7605 1024737.7087 78635.7803 104.0000 ""
7606 1024741.8213 78646.2972 104.0000 ""
7607 1024744.5231 78656.4240 104.0000 ""
7608 1024759.3653 78657.1217 104.0000 ""
7609 1024767.4676 78644.2707 104.0000 ""
7610 1024778.0409 78635.3451 104.0000 ""
7611 1024781.0329 78647.2598 104.0000 ""
7612 1024788.7591 78663.3161 104.0000 ""
7613 1024796.3003 78672.7671 104.0000 ""
7614 1024805.8812 78669.5328 104.0000 ""
7615 1024711.2588 78412.2439 110.0000 ""
7616 1024712.9964 78416.8888 110.0000 ""
7617 1024720.4898 78443.9879 110.0000 ""
7618 1024718.8743 78456.9091 110.0000 ""
7619 1024707.0554 78504.6640 110.0000 ""
7620 1024697.8967 78513.0524 110.0000 ""
7621 1024684.7381 78511.0878 110.0000 ""
7622 1024677.4934 78496.3540 110.0000 ""
7623 1024677.6456 78471.6386 110.0000 ""
7624 1024698.5249 78429.8038 110.0000 ""
7625 1024708.8554 78412.3367 110.0000 ""
7626 1024711.0185 78411.8378 110.0000 ""
7627 1024718.4976 78363.5797 108.0000 ""
7628 1024711.3765 78364.3104 108.0000 ""
7629 1024702.4202 78374.6546 108.0000 ""
7630 1024695.6674 78384.9013 108.0000 ""
7631 1024687.4780 78396.6150 108.0000 ""
7632 1024675.3963 78416.1421 108.0000 ""
7633 1024660.4638 78460.2706 108.0000 ""
7634 1024675.5366 78521.2267 108.0000 ""
7635 1024679.4962 78535.2818 108.0000 ""
7636 1024684.3837 78548.2080 108.0000 ""
7637 1024692.4843 78556.5571 108.0000 ""
7638 1024698.6630 78553.4516 108.0000 ""
7639 1024702.7844 78544.4427 108.0000 ""
7640 1024715.0742 78516.3637 108.0000 ""
7641 1024727.0921 78495.3338 108.0000 ""
7642 1024730.2693 78465.5370 108.0000 ""
7643 1024729.1346 78405.3648 108.0000 ""
7644 1024729.6747 78397.5719 108.0000 ""
7645 1024718.0476 78363.5690 108.0000 ""
7646 1024746.1574 78263.1152 106.0000 ""
7647 1024738.5244 78264.3337 106.0000 ""
7648 1024725.7676 78270.5335 106.0000 ""
7649 1024711.9656 78280.6112 106.0000 ""
7650 1024696.4117 78321.5208 106.0000 ""
7651 1024674.9153 78364.0403 106.0000 ""
7652 1024656.3854 78403.8794 106.0000 ""
7653 1024653.3308 78414.2647 106.0000 ""
7654 1024642.1426 78436.1152 106.0000 ""
7655 1024648.8331 78483.8621 106.0000 ""
7656 1024664.6107 78538.4803 106.0000 ""
7657 1024671.2910 78562.0074 106.0000 ""
7658 1024702.0203 78584.0048 106.0000 ""
7659 1024713.8348 78577.4806 106.0000 ""
7660 1024722.7201 78553.6237 106.0000 ""
7661 1024726.9998 78531.9591 106.0000 ""
7662 1024740.0942 78507.8025 106.0000 ""
7663 1024747.1637 78482.5019 106.0000 ""
7664 1024750.7886 78471.2799 106.0000 ""
7665 1024758.1569 78460.3973 106.0000 ""
7666 1024757.5630 78456.0300 106.0000 ""
7667 1024741.4519 78456.1963 106.0000 ""
7668 1024739.3070 78451.8420 106.0000 ""
7669 1024739.3848 78432.2292 106.0000 ""
7670 1024747.8470 78425.7260 106.0000 ""
7671 1024754.1960 78415.6199 106.0000 ""
7672 1024756.6075 78392.6104 106.0000 ""
7673 1024756.2800 78332.1580 106.0000 ""
7674 1024758.5916 78309.1463 106.0000 ""
7675 1024753.4591 78272.5275 106.0000 ""
7676 1024748.4147 78263.6152 106.0000 ""
7677 1024746.1574 78263.1152 106.0000 ""
7678 1023852.1855 78318.0561 102.0000 ""
7679 1023858.2137 78321.2155 102.0000 ""
7680 1023874.0221 78323.6954 102.0000 ""
7681 1023907.9043 78332.2131 102.0000 ""
7682 1023956.9278 78331.4818 102.0000 ""
7683 1023986.6603 78321.2302 102.0000 ""
7684 1024043.5719 78308.8753 102.0000 ""
7685 1024073.2815 78317.9437 102.0000 ""
7686 1024106.2430 78329.0916 102.0000 ""
7687 1024125.2640 78333.0995 102.0000 ""
7688 1024139.4170 78339.6938 102.0000 ""
7689 1024143.8785 78341.4520 102.0000 ""
7690 1024187.2147 78358.0520 102.0000 ""
7691 1024193.3863 78363.5546 102.0000 ""
7692 1024213.6673 78379.4537 102.0000 ""
7693 1024226.5458 78386.9679 102.0000 ""
7694 1024247.7569 78389.3258 102.0000 ""
7695 1024285.6963 78376.7184 102.0000 ""
7696 1024310.5193 78366.3506 102.0000 ""
7697 1024340.3587 78357.5041 102.0000 ""
7698 1024408.6571 78330.9598 102.0000 ""
7699 1024444.6277 78322.9613 102.0000 ""
7700 1024479.3141 78320.3870 102.0000 ""
7701 1024489.3067 78353.8040 102.0000 ""
7702 1024484.0942 78370.5940 102.0000 ""
7703 1024492.6149 78417.1868 102.0000 ""
7704 1024502.8500 78436.5471 102.0000 ""
7705 1024529.9517 78461.8139 102.0000 ""
7706 1024546.9672 78473.9291 102.0000 ""
7707 1024558.6309 78477.7599 102.0000 ""
7708 1024556.4638 78478.4089 102.0000 ""
7709 1024581.7948 78494.1747 102.0000 ""
7710 1024601.1425 78525.5105 102.0000 ""
7711 1024607.0949 78531.7070 102.0000 ""
7712 1024625.3922 78552.7590 102.0000 ""
7713 1024645.0649 78583.0506 102.0000 ""
7714 1024651.4000 78596.1114 102.0000 ""
7715 1024655.7194 78607.7232 102.0000 ""
7716 1024672.8027 78633.3989 102.0000 ""
7717 1024677.8866 78648.5314 102.0000 ""
7718 1024696.2583 78660.3265 102.0000 ""
7719 1024711.7959 78667.3005 102.0000 ""
7720 1024726.0396 78682.1998 102.0000 ""
7721 1024736.5543 78698.2113 102.0000 ""
7722 1024760.7403 78723.8539 102.0000 ""
7723 1024769.4744 78734.9191 102.0000 ""
7724 1024797.6273 78755.8015 102.0000 ""
7725 1024137.0141 78614.7626 100.0000 ""
7726 1024145.5148 78613.0127 100.0000 ""
7727 1024172.9321 78615.4159 100.0000 ""
7728 1024214.2862 78614.7470 100.0000 ""
7729 1024260.1718 78625.1963 100.0000 ""
7730 1024274.9039 78622.3433 100.0000 ""
7731 1024295.7139 78606.2222 100.0000 ""
7732 1024303.6292 78597.6521 100.0000 ""
7733 1024319.3999 78585.0149 100.0000 ""
7734 1024343.1475 78567.4129 100.0000 ""
7735 1024365.5275 78564.8424 100.0000 ""
7736 1024381.2938 78562.6150 100.0000 ""
7737 1024413.2221 78568.5792 100.0000 ""
7738 1024436.5666 78561.2775 100.0000 ""
7739 1024441.6721 78559.1470 100.0000 ""
7740 1024462.3464 78558.7380 100.0000 ""
7741 1024508.1174 78565.2815 100.0000 ""
7742 1024551.2498 78556.8497 100.0000 ""
7743 1024552.8083 78548.3297 100.0000 ""
7744 1024537.3857 78528.3463 100.0000 ""
7745 1024530.4693 78504.2116 100.0000 ""
7746 1024523.1908 78494.9307 100.0000 ""
7747 1024503.0065 78481.4389 100.0000 ""
7748 1024494.3216 78472.3745 100.0000 ""
7749 1024478.1519 78456.3257 100.0000 ""
7750 1024458.1425 78452.0455 100.0000 ""
7751 1024456.4545 78443.2978 100.0000 ""
7752 1024465.9626 78426.8100 100.0000 ""
7753 1024466.8930 78409.1670 100.0000 ""
7754 1024458.0005 78392.1903 100.0000 ""
7755 1024450.7618 78375.1029 100.0000 ""
7756 1024442.1240 78355.8802 100.0000 ""
7757 1024406.0398 78350.0642 100.0000 ""
7758 1024390.5447 78353.4977 100.0000 ""
7759 1024353.1004 78374.6737 100.0000 ""
7760 1024328.7979 78380.1492 100.0000 ""
7761 1024307.2736 78386.5920 100.0000 ""
7762 1024297.7238 78390.3679 100.0000 ""
7763 1024278.7983 78398.9749 100.0000 ""
7764 1024258.3588 78406.0444 100.0000 ""
7765 1024213.6493 78413.0358 100.0000 ""
7766 1024186.4049 78389.2133 100.0000 ""
7767 1024171.5118 78371.9413 100.0000 ""
7768 1024167.8349 78368.8005 100.0000 ""
7769 1024133.3819 78357.3175 100.0000 ""
7770 1024119.1422 78350.1707 100.0000 ""
7771 1024099.0084 78344.5848 100.0000 ""
7772 1024074.4517 78337.6919 100.0000 ""
7773 1024058.1054 78326.5905 100.0000 ""
7774 1024026.9642 78318.7393 100.0000 ""
7775 1023972.0651 78334.7464 100.0000 ""
7776 1023950.0132 78342.0282 100.0000 ""
7777 1023890.4112 78339.3037 100.0000 ""
7778 1023848.5235 78330.7122 100.0000 ""
7779 1023845.8146 78328.1886 100.0000 ""
7780 1023902.6080 78355.9338 98.0000 ""
7781 1023950.8784 78368.1271 98.0000 ""
7782 1023990.9798 78369.8850 98.0000 ""
7783 1024019.5072 78359.7544 98.0000 ""
7784 1024070.9344 78369.0403 98.0000 ""
7785 1024103.4446 78378.1747 98.0000 ""
7786 1024128.7034 78382.9317 98.0000 ""
7787 1024154.7035 78390.1086 98.0000 ""
7788 1024177.8533 78413.5835 98.0000 ""
7789 1024204.8491 78441.4538 98.0000 ""
7790 1024255.0861 78433.5426 98.0000 ""
7791 1024281.0552 78423.4016 98.0000 ""
7792 1024298.2973 78420.2094 98.0000 ""
7793 1024311.8567 78434.6459 98.0000 ""
7794 1024319.4696 78456.9478 98.0000 ""
7795 1024321.7616 78463.5085 98.0000 ""
7796 1024341.5270 78488.1516 98.0000 ""
7797 1024354.2467 78491.8577 98.0000 ""
7798 1024395.4710 78473.6724 98.0000 ""
7799 1024408.1400 78471.2218 98.0000 ""
7800 1024432.8739 78470.5600 98.0000 ""
7801 1024443.0837 78474.5566 98.0000 ""
7802 1024456.7439 78484.7906 98.0000 ""
7803 1024471.3748 78502.4040 98.0000 ""
7804 1024482.4906 78512.3270 98.0000 ""
7805 1024485.8056 78520.0125 98.0000 ""
7806 1024468.2858 78530.6049 98.0000 ""
7807 1024454.2673 78537.1272 98.0000 ""
7808 1024426.4652 78548.7263 98.0000 ""
7809 1024381.3778 78548.9047 98.0000 ""
7810 1024347.4592 78546.5462 98.0000 ""
7811 1024319.3911 78550.4827 98.0000 ""
7812 1024283.0982 78555.1244 98.0000 ""
7813 1024270.8000 78579.2550 98.0000 ""
7814 1024265.8854 78592.0004 98.0000 ""
7815 1024245.4529 78606.9794 98.0000 ""
7816 1024196.7329 78603.9697 98.0000 ""
7817 1024185.8414 78605.2624 98.0000 ""
7818 1024172.1965 78608.6417 98.0000 ""
7819 1024136.9177 78610.5060 98.0000 ""
7820 1023845.0044 78382.5194 96.0000 ""
7821 1023849.3547 78382.7233 96.0000 ""
7822 1023859.7917 78394.0347 96.0000 ""
7823 1023868.9522 78408.4190 96.0000 ""
7824 1023904.6869 78425.1387 96.0000 ""
7825 1023934.8845 78436.9207 96.0000 ""
7826 1023959.9518 78445.5769 96.0000 ""
7827 1023988.9402 78476.0996 96.0000 ""
7828 1024010.1862 78483.3628 96.0000 ""
7829 1024022.6728 78504.9827 96.0000 ""
7830 1024020.5060 78528.1556 96.0000 ""
7831 1024015.5390 78532.7424 96.0000 ""
7832 1024004.7411 78542.4460 96.0000 ""
7833 1023987.2347 78543.9816 96.0000 ""
7834 1023967.9211 78549.8289 96.0000 ""
7835 1023953.1413 78550.3782 96.0000 ""
7836 1023907.2803 78540.4776 96.0000 ""
7837 1023882.8525 78540.4470 96.0000 ""
7838 1023873.3151 78541.5215 96.0000 ""
7839 1023861.5603 78539.0895 96.0000 ""
7840 1023861.5603 78539.0895 96.0000 ""
7841 1023844.1250 78541.7281 96.0000 ""
7842 1023862.5445 78296.4140 106.0000 ""
7843 1023869.8622 78301.3212 106.0000 ""
7844 1023935.1147 78312.5408 106.0000 ""
7845 1023951.7420 78308.0828 106.0000 ""
7846 1023984.8532 78292.7067 106.0000 ""
7847 1024011.7092 78285.4402 106.0000 ""
7848 1024022.7340 78284.9028 106.0000 ""
7849 1024036.5600 78284.4325 106.0000 ""
7850 1024065.6548 78279.7223 106.0000 ""
7851 1024127.2328 78287.2504 106.0000 ""
7852 1024158.4433 78296.2546 106.0000 ""
7853 1024193.5153 78311.0564 106.0000 ""
7854 1024219.6871 78323.4431 106.0000 ""
7855 1024241.8986 78319.6695 106.0000 ""
7856 1024272.4143 78313.9425 106.0000 ""
7857 1024285.0298 78315.7953 106.0000 ""
7858 1024305.0042 78315.4718 106.0000 ""
7859 1024323.8304 78312.9689 106.0000 ""
7860 1024338.6604 78310.1703 106.0000 ""
7861 1024344.0652 78310.1493 106.0000 ""
7862 1024371.7813 78300.1020 106.0000 ""
7863 1024394.2863 78296.4861 106.0000 ""
7864 1024403.0685 78292.3840 106.0000 ""
7865 1023868.4755 78285.9208 108.0000 ""
7866 1023880.1135 78293.5573 108.0000 ""
7867 1023880.1135 78293.5573 108.0000 ""
7868 1023942.7871 78289.3989 108.0000 ""
7869 1024007.6022 78269.1249 108.0000 ""
7870 1024051.3923 78269.3710 108.0000 ""
7871 1024086.0441 78270.7501 108.0000 ""
7872 1024120.1385 78278.5222 108.0000 ""
7873 1024166.9805 78293.0052 108.0000 ""
7874 1024188.4501 78301.2259 108.0000 ""
7875 1024209.7754 78307.1407 108.0000 ""
7876 1024219.4589 78310.2249 108.0000 ""
7877 1024247.9466 78303.5485 108.0000 ""
7878 1024282.7157 78299.8751 108.0000 ""
7879 1024346.6924 78292.6962 108.0000 ""
7880 1024398.3607 78273.6514 108.0000 ""
7881 1024042.5535 78155.0839 138.0000 ""
7882 1024042.2256 78155.5251 138.0000 ""
7883 1024089.5540 78165.8546 138.0000 ""
7884 1024170.7359 78141.3053 138.0000 ""
7885 1024199.9759 78125.7565 138.0000 ""
7886 1024201.4195 78121.4601 138.0000 ""
7887 1024189.1758 78113.8898 138.0000 ""
7888 1024140.9216 78113.3116 138.0000 ""
7889 1024109.8188 78103.9403 138.0000 ""
7890 1024086.0698 78109.8746 138.0000 ""
7891 1024071.7659 78115.8313 138.0000 ""
7892 1024041.9678 78154.7250 138.0000 ""
7893 1024043.2751 78135.5391 138.0000 ""
7894 1024050.2107 78110.7253 138.0000 ""
7895 1024060.7637 78108.6612 138.0000 ""
7896 1024070.8569 78115.9915 138.0000 ""
7897 1024065.4422 78142.0856 140.0000 ""
7898 1024061.4182 78138.3430 140.0000 ""
7899 1024072.2581 78123.8701 140.0000 ""
7900 1024085.7065 78116.2844 140.0000 ""
7901 1024104.0689 78116.7172 140.0000 ""
7902 1024120.7757 78118.9251 140.0000 ""
7903 1024151.4409 78127.7702 140.0000 ""
7904 1024151.0860 78134.1180 140.0000 ""
7905 1024065.4422 78142.0856 140.0000 ""
7906 1024009.7599 78153.8627 136.0000 ""
7907 1024009.9768 78150.6796 136.0000 ""
7908 1024029.7672 78079.8742 136.0000 ""
7909 1024044.7701 78076.9397 136.0000 ""
7910 1024060.9998 78075.5541 136.0000 ""
7911 1024064.3734 78078.2067 136.0000 ""
7912 1024059.0983 78063.8819 136.0000 ""
7913 1024039.7772 78058.0972 136.0000 ""
7914 1024006.2675 78040.6444 136.0000 ""
7915 1023980.3280 78045.0267 136.0000 ""
7916 1023973.0673 78047.4352 136.0000 ""
7917 1023961.5044 78064.2294 136.0000 ""
7918 1023963.9153 78067.9136 136.0000 ""
7919 1023957.2208 78090.6873 136.0000 ""
7920 1023969.6848 78102.4800 136.0000 ""
7921 1023991.1518 78156.6476 136.0000 ""
7922 1023961.5498 78166.9025 136.0000 ""
7923 1023933.8557 78171.0057 136.0000 ""
7924 1023932.2210 78171.1868 136.0000 ""
7925 1023896.2492 78175.4280 136.0000 ""
7926 1023895.9885 78175.4287 136.0000 ""
7927 1023855.6800 78174.3883 136.0000 ""
7928 1023849.1065 78172.5884 136.0000 ""
7929 1023842.5856 78163.2514 136.0000 ""
7930 1023834.0352 78143.4222 136.0000 ""
7931 1023827.8137 78137.3912 136.0000 ""
7932 1023824.0758 78143.5209 136.0000 ""
7933 1023816.4331 78160.5040 136.0000 ""
7934 1023810.9891 78166.5878 136.0000 ""
7935 1023805.5628 78165.6143 136.0000 ""
7936 1023790.0098 78157.9267 136.0000 ""
7937 1023756.5453 78138.8135 136.0000 ""
7938 1023753.7623 78137.9284 136.0000 ""
7939 1023730.2718 78115.2467 136.0000 ""
7940 1023719.7444 78114.1060 136.0000 ""
7941 1023705.2328 78107.1768 136.0000 ""
7942 1023684.6874 78107.3839 136.0000 ""
7943 1023679.6739 78104.4341 136.0000 ""
7944 1023668.4106 78091.3096 136.0000 ""
7945 1023655.7234 78088.6974 136.0000 ""
7946 1023653.6144 78086.7883 136.0000 ""
7947 1023649.3593 78082.8711 136.0000 ""
7948 1023637.2397 78069.1235 136.0000 ""
7949 1023632.2644 78059.5712 136.0000 ""
7950 1023629.0140 78053.8631 136.0000 ""
7951 1023630.1242 78051.8150 136.0000 ""
7952 1023641.2395 78051.2915 136.0000 ""
7953 1023642.9584 78049.5042 136.0000 ""
7954 1023643.0643 78045.1109 136.0000 ""
7955 1023644.0392 78042.9225 136.0000 ""
7956 1023633.4808 78025.2564 136.0000 ""
7957 1023620.4397 78023.1351 136.0000 ""
7958 1023607.6544 78014.0718 136.0000 ""
7959 1023597.0463 78002.6074 136.0000 ""
7960 1023590.7416 77990.9123 136.0000 ""
7961 1023580.1212 77977.9613 136.0000 ""
7962 1023579.6164 77975.8351 136.0000 ""
7963 1023577.8740 77969.3693 136.0000 ""
7964 1023580.8724 77967.1992 136.0000 ""
7965 1023592.1511 77935.0022 136.0000 ""
7966 1023602.6314 77940.2903 136.0000 ""
7967 1023608.3828 77940.5767 136.0000 ""
7968 1023629.5510 77944.2039 136.0000 ""
7969 1023637.5343 77946.3150 136.0000 ""
7970 1023654.7373 77956.2849 136.0000 ""
7971 1023643.1635 77940.5424 136.0000 ""
7972 1023638.8627 77932.3044 136.0000 ""
7973 1023631.9449 77902.6367 136.0000 ""
7974 1023631.6449 77901.2619 136.0000 ""
7975 1023616.9376 77888.7658 136.0000 ""
7976 1023607.2564 77862.7219 136.0000 ""
7977 1023606.5741 77858.5479 136.0000 ""
7978 1023606.8966 77842.4912 136.0000 ""
7979 1023602.8377 77818.1408 136.0000 ""
7980 1023599.6105 77811.0899 136.0000 ""
7981 1023587.1172 77794.1413 136.0000 ""
7982 1023604.3951 77762.7947 136.0000 ""
7983 1023609.5224 77752.4003 136.0000 ""
7984 1023612.4296 77746.5697 136.0000 ""
7985 1023615.9717 77730.6370 136.0000 ""
7986 1023618.6441 77715.3450 136.0000 ""
7987 1023630.9663 77693.9492 136.0000 ""
7988 1023631.7499 77693.3585 136.0000 ""
7989 1023648.9609 77676.3268 136.0000 ""
7990 1023654.1699 77671.2372 136.0000 ""
7991 1023651.7937 77639.2798 136.0000 ""
7992 1023655.7181 77624.5337 136.0000 ""
7993 1023664.6415 77595.2170 136.0000 ""
7994 1023664.5028 77594.2228 136.0000 ""
7995 1023663.7060 77555.1868 136.0000 ""
7996 1023675.1896 77533.3280 136.0000 ""
7997 1023681.4282 77522.5364 136.0000 ""
7998 1023685.1957 77518.3005 136.0000 ""
7999 1023689.3760 77495.4423 136.0000 ""
8000 1023700.7928 77481.5617 136.0000 ""
8001 1023712.1071 77462.7655 136.0000 ""
8002 1023714.0767 77459.9982 136.0000 ""
8003 1023716.1215 77448.1859 136.0000 ""
8004 1023711.3762 77432.3773 136.0000 ""
8005 1023720.2426 77433.0431 136.0000 ""
8006 1023720.6259 77431.6794 136.0000 ""
8007 1023736.3340 77405.5188 136.0000 ""
8008 1023740.4124 77396.7379 136.0000 ""
8009 1023741.9560 77376.4296 136.0000 ""
8010 1023740.2894 77353.7177 136.0000 ""
8011 1023736.8720 77347.7955 136.0000 ""
8012 1023738.8933 77340.1817 136.0000 ""
8013 1023739.3025 77316.7452 136.0000 ""
8014 1023749.3596 77297.8412 136.0000 ""
8015 1023750.5184 77292.5183 136.0000 ""
8016 1023752.5871 77286.7400 136.0000 ""
8017 1023746.9741 77272.1588 136.0000 ""
8018 1023739.8502 77260.9346 136.0000 ""
8019 1023737.6936 77256.9892 136.0000 ""
8020 1023733.0958 77248.7431 136.0000 ""
8021 1023735.8158 77228.4977 136.0000 ""
8022 1023737.6566 77224.9216 136.0000 ""
8023 1023737.6107 77198.9531 136.0000 ""
8024 1023742.6331 77183.9952 136.0000 ""
8025 1023745.1359 77162.8282 136.0000 ""
8026 1023745.1153 77161.4817 136.0000 ""
8027 1023733.1436 77127.1737 136.0000 ""
8028 1023732.2594 77125.4332 136.0000 ""
8029 1023719.5613 77103.3335 136.0000 ""
8030 1023710.0665 77083.7682 136.0000 ""
8031 1023706.2559 77076.7343 136.0000 ""
8032 1023699.2603 77061.9023 136.0000 ""
8033 1023695.5397 77057.4586 136.0000 ""
8034 1023692.3445 77027.6795 136.0000 ""
8035 1023692.2619 77027.5201 136.0000 ""
8036 1023692.1914 77027.3849 136.0000 ""
8037 1024033.6951 77997.5654 140.0000 ""
8038 1024046.0629 77997.3620 140.0000 ""
8039 1024086.7990 77991.4337 140.0000 ""
8040 1024122.1524 78011.2021 140.0000 ""
8041 1024145.6026 77991.5954 140.0000 ""
8042 1024160.2823 77982.7390 140.0000 ""
8043 1024194.6002 77999.7295 140.0000 ""
8044 1024230.8371 78009.8089 140.0000 ""
8045 1024253.5216 78003.0469 140.0000 ""
8046 1024296.2960 77995.3164 140.0000 ""
8047 1024311.5119 78009.5448 140.0000 ""
8048 1024343.8164 78012.4727 140.0000 ""
8049 1024382.2720 77992.9283 140.0000 ""
8050 1024393.7043 77985.7965 140.0000 ""
8051 1024401.1895 77970.2125 140.0000 ""
8052 1024411.6600 77961.2199 140.0000 ""
8053 1023996.5195 77909.1137 142.0000 ""
8054 1024000.8842 77911.2768 142.0000 ""
8055 1024014.9442 77939.5865 142.0000 ""
8056 1024032.0589 77963.6183 142.0000 ""
8057 1024056.2728 77971.4357 142.0000 ""
8058 1023997.4484 77909.2289 142.0000 ""
8059 1023996.5195 77909.1137 142.0000 ""
8060 1023948.8357 77910.0278 142.0000 ""
8061 1023938.4764 77922.4428 142.0000 ""
8062 1023924.5556 77931.7760 142.0000 ""
8063 1023919.5273 77935.7372 142.0000 ""
8064 1023918.9852 77938.4781 142.0000 ""
8065 1023910.7978 77960.1647 142.0000 ""
8066 1023897.4342 77963.7080 142.0000 ""
8067 1023887.5648 77969.8700 142.0000 ""
8068 1023872.3092 77969.2724 142.0000 ""
8069 1023856.8059 77971.5880 142.0000 ""
8070 1023842.3416 77959.4458 142.0000 ""
8071 1023842.9662 77938.6337 142.0000 ""
8072 1023844.7992 77935.5068 142.0000 ""
8073 1023846.9519 77924.1395 142.0000 ""
8074 1023838.7435 77910.4197 142.0000 ""
8075 1023840.9130 77886.9805 142.0000 ""
8076 1023840.6845 77878.0072 142.0000 ""
8077 1023833.1782 77865.4103 142.0000 ""
8078 1023813.5886 77875.6579 142.0000 ""
8079 1023781.0776 77881.7669 142.0000 ""
8080 1023765.8214 77878.8431 142.0000 ""
8081 1023741.6939 77868.8136 142.0000 ""
8082 1023739.8893 77865.3982 142.0000 ""
8083 1023735.4745 77865.9043 142.0000 ""
8084 1023733.4143 77866.4227 142.0000 ""
8085 1023705.2897 77869.6105 142.0000 ""
8086 1023682.5673 77846.8085 142.0000 ""
8087 1023676.1140 77842.7980 142.0000 ""
8088 1023675.3053 77839.5762 142.0000 ""
8089 1023669.3652 77801.2353 142.0000 ""
8090 1023668.8357 77801.2069 142.0000 ""
8091 1023634.7318 77798.9599 142.0000 ""
8092 1023632.6995 77793.8528 142.0000 ""
8093 1023631.8685 77792.7254 142.0000 ""
8094 1023632.5002 77791.5793 142.0000 ""
8095 1023635.5603 77785.3755 142.0000 ""
8096 1023652.5622 77754.8081 142.0000 ""
8097 1023662.1647 77732.8461 142.0000 ""
8098 1023663.0990 77731.0336 142.0000 ""
8099 1023663.2067 77730.4331 142.0000 ""
8100 1023664.4352 77729.6475 142.0000 ""
8101 1023686.1572 77717.6297 142.0000 ""
8102 1023704.6655 77709.4165 142.0000 ""
8103 1023705.9536 77707.2850 142.0000 ""
8104 1023705.3797 77706.4449 142.0000 ""
8105 1023705.1277 77705.6176 142.0000 ""
8106 1023704.3854 77703.1714 142.0000 ""
8107 1023692.6805 77671.4785 142.0000 ""
8108 1023691.2319 77655.4845 142.0000 ""
8109 1023690.1227 77624.4700 142.0000 ""
8110 1023692.8262 77614.6546 142.0000 ""
8111 1023688.6747 77588.6490 142.0000 ""
8112 1023695.7278 77571.3449 142.0000 ""
8113 1023703.8153 77550.7612 142.0000 ""
8114 1023703.1168 77544.1291 142.0000 ""
8115 1023700.5616 77535.0039 142.0000 ""
8116 1023703.7568 77527.3316 142.0000 ""
8117 1023713.6912 77499.6226 142.0000 ""
8118 1023717.1635 77495.1027 142.0000 ""
8119 1023734.6745 77470.4996 142.0000 ""
8120 1023736.4268 77460.3765 142.0000 ""
8121 1023760.3117 77449.2833 142.0000 ""
8122 1023763.5897 77447.7260 142.0000 ""
8123 1023764.1246 77443.5593 142.0000 ""
8124 1023765.1987 77438.7798 142.0000 ""
8125 1023766.1196 77412.2399 142.0000 ""
8126 1023765.8361 77402.0527 142.0000 ""
8127 1023763.8345 77368.4547 142.0000 ""
8128 1023764.4509 77355.7394 142.0000 ""
8129 1023760.3306 77333.5825 142.0000 ""
8130 1023759.5754 77320.4434 142.0000 ""
8131 1023763.0840 77313.0708 142.0000 ""
8132 1023769.0645 77293.1837 142.0000 ""
8133 1023765.9192 77274.7375 142.0000 ""
8134 1023767.6155 77269.9992 142.0000 ""
8135 1023764.9247 77263.0092 142.0000 ""
8136 1023769.6709 77241.7683 142.0000 ""
8137 1023772.5812 77228.6041 142.0000 ""
8138 1023776.1198 77221.3711 142.0000 ""
8139 1023780.5142 77200.9291 142.0000 ""
8140 1023781.9431 77188.4037 142.0000 ""
8141 1023784.8786 77158.8536 142.0000 ""
8142 1023782.5497 77153.6392 142.0000 ""
8143 1023760.5787 77120.5287 142.0000 ""
8144 1023760.3036 77120.0831 142.0000 ""
8145 1023744.4377 77090.7439 142.0000 ""
8146 1023732.1289 77069.5378 142.0000 ""
8147 1023728.4900 77062.8207 142.0000 ""
8148 1023727.3056 77060.3093 142.0000 ""
8149 1023729.9826 77051.0267 142.0000 ""
8150 1023743.3997 77030.6095 142.0000 ""
8151 1023983.6329 77934.4826 140.0000 ""
8152 1023990.2891 77938.1605 140.0000 ""
8153 1024003.7374 77981.1331 140.0000 ""
8154 1024015.1480 77992.3349 140.0000 ""
8155 1024033.6951 77997.5654 140.0000 ""
8156 1023983.6329 77934.4826 140.0000 ""
8157 1023960.9057 77931.6635 140.0000 ""
8158 1023953.8584 77934.9441 140.0000 ""
8159 1023927.6637 77955.6953 140.0000 ""
8160 1023919.3784 77958.2067 140.0000 ""
8161 1023916.1753 77966.6913 140.0000 ""
8162 1023911.8424 77967.8401 140.0000 ""
8163 1023891.4164 77980.5932 140.0000 ""
8164 1023859.8430 77979.3564 140.0000 ""
8165 1023855.4188 77980.0172 140.0000 ""
8166 1023844.1064 77970.5209 140.0000 ""
8167 1023837.7408 77973.1568 140.0000 ""
8168 1023826.6611 77964.1644 140.0000 ""
8169 1023810.7560 77941.3310 140.0000 ""
8170 1023807.8471 77927.5878 140.0000 ""
8171 1023784.3834 77899.6161 140.0000 ""
8172 1023784.3429 77899.5800 140.0000 ""
8173 1023784.2916 77899.5628 140.0000 ""
8174 1023762.6474 77895.4148 140.0000 ""
8175 1023994.9803 77893.4607 144.0000 ""
8176 1024011.7931 77895.6815 144.0000 ""
8177 1024046.7281 77921.9866 144.0000 ""
8178 1023994.9803 77893.4607 144.0000 ""
8179 1023940.8606 77890.2543 144.0000 ""
8180 1023938.3916 77889.5971 144.0000 ""
8181 1023935.0078 77888.8368 144.0000 ""
8182 1023936.3745 77892.6312 144.0000 ""
8183 1023922.0284 77915.1892 144.0000 ""
8184 1023914.4784 77921.1369 144.0000 ""
8185 1023910.9442 77939.0068 144.0000 ""
8186 1023905.4204 77953.6381 144.0000 ""
8187 1023884.2775 77959.2440 144.0000 ""
8188 1023883.4189 77959.3910 144.0000 ""
8189 1023858.1931 77963.1588 144.0000 ""
8190 1023847.7632 77954.4033 144.0000 ""
8191 1023848.2136 77939.3962 144.0000 ""
8192 1023855.9404 77926.2154 144.0000 ""
8193 1023860.0221 77904.6623 144.0000 ""
8194 1023859.1160 77899.8367 144.0000 ""
8195 1023862.6691 77897.6628 144.0000 ""
8196 1023869.1201 77881.6023 144.0000 ""
8197 1023868.9365 77874.3903 144.0000 ""
8198 1023860.8755 77860.8625 144.0000 ""
8199 1023868.0676 77851.8451 144.0000 ""
8200 1023849.6268 77839.5592 144.0000 ""
8201 1023842.9012 77833.0102 144.0000 ""
8202 1023833.4707 77825.8155 144.0000 ""
8203 1023807.0432 77815.1813 144.0000 ""
8204 1023801.1913 77812.7857 144.0000 ""
8205 1023795.4314 77816.4978 144.0000 ""
8206 1023764.8050 77827.5460 144.0000 ""
8207 1023743.9634 77840.9269 144.0000 ""
8208 1023734.2442 77842.0411 144.0000 ""
8209 1023716.1248 77846.6009 144.0000 ""
8210 1023712.1908 77847.0468 144.0000 ""
8211 1023707.7822 77842.6227 144.0000 ""
8212 1023705.8438 77813.4050 144.0000 ""
8213 1023705.4775 77810.2392 144.0000 ""
8214 1023875.0483 77952.4192 146.0000 ""
8215 1023859.5802 77954.7296 146.0000 ""
8216 1023853.1848 77949.3609 146.0000 ""
8217 1023853.4609 77940.1588 146.0000 ""
8218 1023866.0948 77918.6075 146.0000 ""
8219 1023866.7863 77918.0933 146.0000 ""
8220 1023866.5324 77917.3165 146.0000 ""
8221 1023863.8091 77902.8131 146.0000 ""
8222 1023875.4152 77895.7118 146.0000 ""
8223 1023880.4388 77883.2051 146.0000 ""
8224 1023902.5853 77880.5109 146.0000 ""
8225 1023907.5029 77906.5850 146.0000 ""
8226 1023908.1868 77909.1549 146.0000 ""
8227 1023908.5549 77910.9592 146.0000 ""
8228 1023902.9032 77939.5354 146.0000 ""
8229 1023900.0430 77947.1115 146.0000 ""
8230 1023889.0951 77950.0143 146.0000 ""
8231 1023890.9375 77917.4932 148.0000 ""
8232 1023891.4094 77919.2660 148.0000 ""
8233 1023895.2508 77938.0991 148.0000 ""
8234 1023894.8622 77940.0640 148.0000 ""
8235 1023894.6656 77940.5849 148.0000 ""
8236 1023893.9128 77940.7845 148.0000 ""
8237 1023866.6776 77945.4475 148.0000 ""
8238 1023860.9674 77946.3004 148.0000 ""
8239 1023858.6064 77944.3184 148.0000 ""
8240 1023858.7083 77940.9213 148.0000 ""
8241 1023863.3723 77932.9653 148.0000 ""
8242 1023873.7776 77925.2283 148.0000 ""
8243 1023869.9574 77913.5394 148.0000 ""
8244 1023868.5022 77905.7894 148.0000 ""
8245 1023885.6723 77895.2838 148.0000 ""
8246 1023887.0550 77902.9050 148.0000 ""
8247 1023889.6944 77912.8224 148.0000 ""
8248 1023874.3279 77912.6554 150.0000 ""
8249 1023873.3823 77909.7622 150.0000 ""
8250 1023873.1952 77908.7658 150.0000 ""
8251 1023875.4029 77907.4150 150.0000 ""
8252 1023876.0861 77911.1805 150.0000 ""
8253 1023951.9077 77986.8474 138.0000 ""
8254 1023960.0662 77987.1609 138.0000 ""
8255 1024012.9191 78018.6168 138.0000 ""
8256 1024080.4965 78030.2720 138.0000 ""
8257 1023951.9077 77986.8474 138.0000 ""
8258 1023949.2189 77988.1573 138.0000 ""
8259 1023949.0689 77988.6302 138.0000 ""
8260 1023906.7131 78009.9039 138.0000 ""
8261 1023904.3821 78011.6693 138.0000 ""
8262 1023893.4297 78015.3869 138.0000 ""
8263 1023880.0873 78049.9304 138.0000 ""
8264 1023902.3598 78041.5955 138.0000 ""
8265 1023907.8228 78055.2457 138.0000 ""
8266 1023906.0889 78064.8267 138.0000 ""
8267 1023901.8745 78071.4595 138.0000 ""
8268 1023901.0886 78092.1667 138.0000 ""
8269 1023900.9053 78096.9966 138.0000 ""
8270 1023899.6072 78131.2022 138.0000 ""
8271 1023888.9610 78137.3780 138.0000 ""
8272 1023875.2361 78143.0475 138.0000 ""
8273 1023842.3142 78127.4684 138.0000 ""
8274 1023840.9113 78124.2152 138.0000 ""
8275 1023839.9253 78123.2593 138.0000 ""
8276 1023834.5094 78100.7500 138.0000 ""
8277 1023817.5620 78119.9955 138.0000 ""
8278 1023814.8312 78124.4737 138.0000 ""
8279 1023810.7094 78133.6329 138.0000 ""
8280 1023795.7540 78148.6138 138.0000 ""
8281 1023797.3361 78123.8923 138.0000 ""
8282 1023775.2419 78103.2755 138.0000 ""
8283 1023754.2617 78099.5656 138.0000 ""
8284 1023762.3907 78076.9772 138.0000 ""
8285 1023786.4597 78048.4841 138.0000 ""
8286 1023793.4654 78049.8624 138.0000 ""
8287 1023830.7927 78042.9099 138.0000 ""
8288 1023857.4842 78073.6598 138.0000 ""
8289 1023847.1656 78086.6268 138.0000 ""
8290 1023865.9908 78082.9708 138.0000 ""
8291 1023882.5475 78068.2096 138.0000 ""
8292 1023873.3584 78058.8078 138.0000 ""
8293 1023870.3963 78054.1312 138.0000 ""
8294 1023854.0266 78026.7365 138.0000 ""
8295 1023832.1864 78030.1453 138.0000 ""
8296 1023829.7780 78035.6054 138.0000 ""
8297 1023787.0264 78041.5144 138.0000 ""
8298 1023774.6651 78017.5206 138.0000 ""
8299 1023784.1324 77999.2940 138.0000 ""
8300 1023789.1208 77983.6384 138.0000 ""
8301 1023773.1020 77967.3132 138.0000 ""
8302 1023776.2577 77942.6680 138.0000 ""
8303 1023770.3635 77926.2887 138.0000 ""
8304 1023759.5702 77916.6391 138.0000 ""
8305 1023746.5943 77912.3039 138.0000 ""
8306 1023733.2117 77916.6830 138.0000 ""
8307 1023728.1087 77931.2521 138.0000 ""
8308 1023722.5578 77932.0205 138.0000 ""
8309 1023710.5825 77947.5768 138.0000 ""
8310 1023710.8017 77955.1532 138.0000 ""
8311 1023689.6814 77957.8954 138.0000 ""
8312 1023680.1369 77945.0351 138.0000 ""
8313 1023681.9459 77940.2943 138.0000 ""
8314 1023680.2381 77935.5405 138.0000 ""
8315 1023665.2107 77930.9544 138.0000 ""
8316 1023660.8918 77909.3123 138.0000 ""
8317 1023660.9951 77894.7602 138.0000 ""
8318 1023645.0213 77886.9377 138.0000 ""
8319 1023631.9913 77883.4749 138.0000 ""
8320 1023625.2592 77877.7550 138.0000 ""
8321 1023621.3083 77867.1264 138.0000 ""
8322 1023619.0101 77853.0663 138.0000 ""
8323 1023619.3413 77836.5796 138.0000 ""
8324 1023619.2496 77819.0882 138.0000 ""
8325 1023617.4646 77814.6023 138.0000 ""
8326 1023602.0343 77793.6693 138.0000 ""
8327 1023613.7635 77772.3896 138.0000 ""
8328 1023624.1215 77751.3908 138.0000 ""
8329 1023629.9947 77739.6119 138.0000 ""
8330 1023634.9858 77717.1615 138.0000 ""
8331 1023635.3785 77714.9723 138.0000 ""
8332 1023652.6496 77703.9283 138.0000 ""
8333 1023665.7120 77694.0800 138.0000 ""
8334 1023669.2348 77690.5940 138.0000 ""
8335 1023670.3009 77689.5523 138.0000 ""
8336 1023666.9649 77644.6855 138.0000 ""
8337 1023665.8651 77632.5438 138.0000 ""
8338 1023665.8292 77631.5384 138.0000 ""
8339 1023674.0789 77601.5862 138.0000 ""
8340 1023672.7080 77592.9988 138.0000 ""
8341 1023686.3097 77559.6283 138.0000 ""
8342 1023686.2225 77555.3564 138.0000 ""
8343 1023688.5608 77550.9056 138.0000 ""
8344 1023689.3536 77528.3253 138.0000 ""
8345 1023694.1349 77515.9378 138.0000 ""
8346 1023697.6568 77496.6795 138.0000 ""
8347 1023704.8225 77487.9674 138.0000 ""
8348 1023711.9239 77476.1702 138.0000 ""
8349 1023720.9426 77463.4987 138.0000 ""
8350 1023724.8529 77440.9097 138.0000 ""
8351 1023732.1504 77437.5204 138.0000 ""
8352 1023739.9734 77409.9846 138.0000 ""
8353 1023744.0226 77403.2410 138.0000 ""
8354 1023744.6720 77401.8430 138.0000 ""
8355 1023746.6167 77376.2556 138.0000 ""
8356 1023744.6334 77349.2281 138.0000 ""
8357 1023744.6952 77347.9545 138.0000 ""
8358 1023744.6312 77347.6103 138.0000 ""
8359 1023744.5847 77346.8017 138.0000 ""
8360 1023745.1134 77316.5188 138.0000 ""
8361 1023749.9711 77307.3880 138.0000 ""
8362 1023752.7089 77294.8119 138.0000 ""
8363 1023757.5966 77281.1597 138.0000 ""
8364 1023748.0719 77256.4172 138.0000 ""
8365 1023749.6048 77249.5572 138.0000 ""
8366 1023750.6532 77227.3959 138.0000 ""
8367 1023752.7697 77217.1673 138.0000 ""
8368 1023751.9861 77195.6892 138.0000 ""
8369 1023751.9725 77188.0289 138.0000 ""
8370 1023752.7871 77185.6031 138.0000 ""
8371 1023753.2554 77181.6420 138.0000 ""
8372 1023758.5023 77160.0494 138.0000 ""
8373 1023750.6736 77148.9994 138.0000 ""
8374 1023742.1490 77124.5310 138.0000 ""
8375 1023734.1096 77110.0380 138.0000 ""
8376 1023726.9239 77097.5320 138.0000 ""
8377 1023722.4291 77088.2700 138.0000 ""
8378 1023713.6673 77072.0964 138.0000 ""
8379 1023706.8223 77057.5837 138.0000 ""
8380 1023710.4445 77045.0239 138.0000 ""
8381 1023708.7815 77028.2815 138.0000 ""
8382 1023813.8422 78006.6421 140.0000 ""
8383 1023817.2927 78011.5323 140.0000 ""
8384 1023811.3106 78025.0942 140.0000 ""
8385 1023796.3250 78027.1655 140.0000 ""
8386 1023791.9920 78018.7550 140.0000 ""
8387 1023795.3106 78012.3661 140.0000 ""
8388 1023802.3322 77990.3293 140.0000 ""
8389 1023811.1518 78002.8291 140.0000 ""
8390 1023602.1820 77989.1470 138.0000 ""
8391 1023602.1320 77989.0860 138.0000 ""
8392 1023602.7093 77975.2812 138.0000 ""
8393 1023607.1539 77961.8845 138.0000 ""
8394 1023626.5295 77960.7063 138.0000 ""
8395 1023629.2238 77961.4187 138.0000 ""
8396 1023630.1448 77961.9525 138.0000 ""
8397 1023655.6783 77982.0428 138.0000 ""
8398 1023658.7642 77983.5569 138.0000 ""
8399 1023680.6086 77998.8772 138.0000 ""
8400 1023703.0318 78006.7851 138.0000 ""
8401 1023708.6215 78008.7835 138.0000 ""
8402 1023713.0703 78019.3557 138.0000 ""
8403 1023705.8682 78025.7318 138.0000 ""
8404 1023694.0273 78044.7487 138.0000 ""
8405 1023688.4655 78055.5599 138.0000 ""
8406 1023686.7555 78057.6493 138.0000 ""
8407 1023690.0922 78060.5095 138.0000 ""
8408 1023669.6682 78070.1891 138.0000 ""
8409 1023663.6159 78065.4257 138.0000 ""
8410 1023645.0890 78061.8485 138.0000 ""
8411 1023641.9792 78058.3210 138.0000 ""
8412 1023641.2485 78056.9181 138.0000 ""
8413 1023640.7712 78056.0797 138.0000 ""
8414 1023640.9342 78055.7790 138.0000 ""
8415 1023660.5998 78054.8528 138.0000 ""
8416 1023663.6410 78051.6907 138.0000 ""
8417 1023663.6612 78050.8503 138.0000 ""
8418 1023665.4160 78046.9112 138.0000 ""
8419 1023646.4109 78015.1123 138.0000 ""
8420 1023622.9370 78011.2939 138.0000 ""
8421 1023622.1251 78010.7183 138.0000 ""
8422 1023602.2057 77989.1909 138.0000 ""
8423 1023758.0641 77894.5364 140.0000 ""
8424 1023749.5460 77892.9039 140.0000 ""
8425 1023735.6898 77887.1441 140.0000 ""
8426 1023710.2647 77890.3932 140.0000 ""
8427 1023726.2081 77906.2844 140.0000 ""
8428 1023719.8063 77924.5618 140.0000 ""
8429 1023695.3600 77927.9461 140.0000 ""
8430 1023688.1878 77920.2580 140.0000 ""
8431 1023685.3416 77901.7671 140.0000 ""
8432 1023690.5715 77894.4071 140.0000 ""
8433 1023691.0228 77887.3521 140.0000 ""
8434 1023659.7022 77872.2439 140.0000 ""
8435 1023658.2399 77871.3352 140.0000 ""
8436 1023657.8454 77869.7637 140.0000 ""
8437 1023647.0430 77853.8177 140.0000 ""
8438 1023648.8334 77846.1705 140.0000 ""
8439 1023630.7412 77835.0228 140.0000 ""
8440 1023630.6533 77818.2281 140.0000 ""
8441 1023625.0821 77804.2276 140.0000 ""
8442 1023616.9514 77793.1974 140.0000 ""
8443 1023623.1319 77781.9844 140.0000 ""
8444 1023638.7207 77750.3814 140.0000 ""
8445 1023646.5142 77734.7511 140.0000 ""
8446 1023647.4611 77732.9142 140.0000 ""
8447 1023649.2926 77722.7027 140.0000 ""
8448 1023670.1834 77709.3440 140.0000 ""
8449 1023687.7802 77699.6085 140.0000 ""
8450 1023682.2204 77684.5547 140.0000 ""
8451 1023680.0651 77660.7585 140.0000 ""
8452 1023701.2509 77911.4514 144.0000 ""
8453 1023700.6786 77910.8379 144.0000 ""
8454 1023700.4515 77909.3625 144.0000 ""
8455 1023701.6535 77907.6710 144.0000 ""
8456 1023703.7123 77909.7230 144.0000 ""
8457 1023703.2014 77911.1813 144.0000 ""
8458 1023698.3054 77919.6988 142.0000 ""
8459 1023694.4332 77915.5480 142.0000 ""
8460 1023692.8965 77905.5648 142.0000 ""
8461 1023701.0298 77894.1189 142.0000 ""
8462 1023714.9602 77908.0037 142.0000 ""
8463 1023711.5039 77917.8716 142.0000 ""
8464 1023982.2007 78178.9104 130.0000 ""
8465 1023951.3751 78189.5892 130.0000 ""
8466 1023932.0150 78192.4576 130.0000 ""
8467 1023997.3038 78160.9037 134.0000 ""
8468 1023958.1583 78174.4647 134.0000 ""
8469 1023933.1244 78178.1737 134.0000 ""
8470 1023923.6470 78179.2241 134.0000 ""
8471 1023898.0558 78182.2413 134.0000 ""
8472 1023891.3013 78182.2603 134.0000 ""
8473 1023858.3755 78181.4104 134.0000 ""
8474 1023840.0491 78176.3925 134.0000 ""
8475 1023829.6282 78161.4715 134.0000 ""
8476 1023819.2116 78173.1122 134.0000 ""
8477 1023800.4356 78169.7438 134.0000 ""
8478 1023786.6363 78162.9231 134.0000 ""
8479 1023756.9451 78145.9650 134.0000 ""
8480 1023741.0556 78140.9115 134.0000 ""
8481 1023721.8278 78122.3458 134.0000 ""
8482 1023696.4328 78119.5942 134.0000 ""
8483 1023691.4372 78117.2088 134.0000 ""
8484 1023684.3645 78117.2801 134.0000 ""
8485 1023667.6657 78107.4552 134.0000 ""
8486 1023662.8196 78101.8083 134.0000 ""
8487 1023657.3608 78100.6843 134.0000 ""
8488 1023646.0912 78090.4831 134.0000 ""
8489 1023633.9244 78079.2824 134.0000 ""
8490 1023628.5527 78072.3471 134.0000 ""
8491 1023623.2803 78062.2244 134.0000 ""
8492 1023617.2569 78051.6464 134.0000 ""
8493 1023619.3142 78047.8510 134.0000 ""
8494 1023621.8793 78047.7302 134.0000 ""
8495 1023622.2759 78047.3177 134.0000 ""
8496 1023622.4674 78039.3714 134.0000 ""
8497 1023622.6623 78038.9338 134.0000 ""
8498 1023620.5507 78035.4005 134.0000 ""
8499 1023617.9425 78034.9763 134.0000 ""
8500 1023593.1837 78017.4253 134.0000 ""
8501 1023591.8870 78016.0239 134.0000 ""
8502 1023579.3012 77992.6775 134.0000 ""
8503 1023573.9079 77986.1007 134.0000 ""
8504 1023569.9670 77969.5019 134.0000 ""
8505 1023558.0555 77925.2998 134.0000 ""
8506 1023557.7029 77924.2918 134.0000 ""
8507 1023557.8167 77921.3239 134.0000 ""
8508 1023555.2355 77908.3800 134.0000 ""
8509 1023555.9268 77909.8569 134.0000 ""
8510 1023572.1165 77911.0507 134.0000 ""
8511 1023578.2786 77915.1088 134.0000 ""
8512 1023579.9518 77915.7131 134.0000 ""
8513 1023583.8002 77918.4737 134.0000 ""
8514 1023601.0130 77927.1588 134.0000 ""
8515 1023615.0153 77927.8561 134.0000 ""
8516 1023622.3306 77929.1096 134.0000 ""
8517 1023620.8496 77926.2727 134.0000 ""
8518 1023619.5254 77920.5939 134.0000 ""
8519 1023616.4320 77906.4175 134.0000 ""
8520 1023608.6159 77899.7765 134.0000 ""
8521 1023600.5992 77878.2105 134.0000 ""
8522 1023596.5272 77865.6131 134.0000 ""
8523 1023594.5917 77860.5170 134.0000 ""
8524 1023585.4495 77836.5265 134.0000 ""
8525 1023581.9582 77815.5812 134.0000 ""
8526 1023572.6249 77795.1896 134.0000 ""
8527 1023572.2001 77794.6133 134.0000 ""
8528 1023586.7387 77768.2365 134.0000 ""
8529 1023594.8420 77753.4446 134.0000 ""
8530 1023594.9624 77752.8797 134.0000 ""
8531 1023600.9999 77718.3318 134.0000 ""
8532 1023608.0160 77706.1495 134.0000 ""
8533 1023573.3394 77681.4840 134.0000 ""
8534 1023561.4922 77679.6546 134.0000 ""
8535 1023559.1471 77662.2478 134.0000 ""
8536 1023564.8408 77644.6752 134.0000 ""
8537 1023578.8024 77642.0033 134.0000 ""
8538 1023602.5540 77651.6306 134.0000 ""
8539 1023989.7522 78169.9070 132.0000 ""
8540 1023954.7667 78182.0269 132.0000 ""
8541 1023932.3932 78185.3418 132.0000 ""
8542 1023915.0729 78187.2613 132.0000 ""
8543 1023899.8623 78189.0546 132.0000 ""
8544 1023886.6141 78189.0918 132.0000 ""
8545 1023861.0709 78188.4325 132.0000 ""
8546 1023830.9916 78180.1967 132.0000 ""
8547 1023829.2125 78177.6492 132.0000 ""
8548 1023827.4341 78179.6366 132.0000 ""
8549 1023795.3084 78173.8734 132.0000 ""
8550 1023783.2628 78167.9194 132.0000 ""
8551 1023757.3448 78153.1164 132.0000 ""
8552 1023728.3488 78143.8946 132.0000 ""
8553 1023713.3838 78129.4448 132.0000 ""
8554 1023684.1408 78126.2763 132.0000 ""
8555 1023680.5889 78125.2499 132.0000 ""
8556 1023658.3766 78112.1338 132.0000 ""
8557 1023656.9770 78111.1056 132.0000 ""
8558 1023653.1677 78107.3936 132.0000 ""
8559 1023638.5680 78094.1779 132.0000 ""
8560 1023632.4962 78088.5882 132.0000 ""
8561 1023614.6348 78065.5276 132.0000 ""
8562 1023614.2961 78064.8775 132.0000 ""
8563 1023612.8173 78062.2805 132.0000 ""
8564 1023607.4374 78051.5640 132.0000 ""
8565 1023606.0684 78049.5763 132.0000 ""
8566 1023608.4170 78046.4468 132.0000 ""
8567 1023608.4350 78043.1320 132.0000 ""
8568 1023608.2388 78042.1433 132.0000 ""
8569 1023608.0342 78041.1608 132.0000 ""
8570 1023608.5181 78037.8905 132.0000 ""
8571 1023588.9165 78023.5718 132.0000 ""
8572 1023584.2990 78020.4689 132.0000 ""
8573 1023568.3403 77995.3322 132.0000 ""
8574 1023567.8608 77994.4427 132.0000 ""
8575 1023567.6946 77994.2401 132.0000 ""
8576 1023560.3176 77963.1688 132.0000 ""
8577 1023553.1633 77936.6200 132.0000 ""
8578 1023549.3459 77925.7057 132.0000 ""
8579 1023549.4356 77923.3681 132.0000 ""
8580 1023543.7527 77894.8716 132.0000 ""
8581 1023543.4387 77892.2777 132.0000 ""
8582 1023541.8102 77877.9965 132.0000 ""
8583 1023542.0379 77878.4828 132.0000 ""
8584 1023543.1586 77878.5655 132.0000 ""
8585 1023571.7437 77897.3902 132.0000 ""
8586 1023579.5056 77900.1938 132.0000 ""
8587 1023597.3580 77912.9996 132.0000 ""
8588 1023599.3947 77914.0273 132.0000 ""
8589 1023601.7806 77914.1461 132.0000 ""
8590 1023601.2191 77911.5730 132.0000 ""
8591 1023600.2943 77910.7872 132.0000 ""
8592 1023599.3457 77908.2354 132.0000 ""
8593 1023588.2261 77873.8355 132.0000 ""
8594 1023582.9407 77859.9194 132.0000 ""
8595 1023568.5211 77822.0799 132.0000 ""
8596 1023566.8993 77816.1158 132.0000 ""
8597 1023556.4854 77803.7550 132.0000 ""
8598 1023554.5456 77798.5750 132.0000 ""
8599 1023555.4670 77788.8027 132.0000 ""
8600 1023566.8162 77773.2407 132.0000 ""
8601 1023576.1431 77756.2153 132.0000 ""
8602 1023582.3419 77727.1199 132.0000 ""
8603 1023583.3557 77721.3187 132.0000 ""
8604 1023584.5338 77719.2731 132.0000 ""
8605 1023578.7111 77715.1313 132.0000 ""
8606 1023562.7539 77712.6673 132.0000 ""
8607 1023553.9249 77714.8559 132.0000 ""
8608 1023550.9005 77707.2589 132.0000 ""
8609 1023547.9253 77689.0203 132.0000 ""
8610 1023545.3515 77669.9158 132.0000 ""
8611 1023558.7348 77628.6108 132.0000 ""
8612 1023578.1313 77624.8987 132.0000 ""
8613 1023587.2020 77624.6208 132.0000 ""
8614 1023614.6156 77616.1398 132.0000 ""
8615 1023633.6227 77617.1486 132.0000 ""
8616 1023635.7885 77609.0105 132.0000 ""
8617 1023636.7755 77605.7679 132.0000 ""
8618 1023635.8684 77599.2646 132.0000 ""
8619 1023615.2040 77574.0602 132.0000 ""
8620 1023610.7977 77571.9803 132.0000 ""
8621 1023603.9284 77553.1175 132.0000 ""
8622 1023612.3515 77539.4869 132.0000 ""
8623 1023642.1374 77517.6237 132.0000 ""
8624 1023643.0900 77517.3306 132.0000 ""
8625 1023643.5348 77516.5612 132.0000 ""
8626 1023644.5343 77515.4374 132.0000 ""
8627 1023668.3410 77486.4509 132.0000 ""
8628 1023674.9066 77474.5489 132.0000 ""
8629 1023659.8969 77461.4261 132.0000 ""
8630 1023650.5764 77453.0534 132.0000 ""
8631 1023642.1722 77443.6766 132.0000 ""
8632 1023645.0641 77435.7337 132.0000 ""
8633 1023644.2690 77421.3500 132.0000 ""
8634 1023655.3501 77415.1678 132.0000 ""
8635 1023670.8610 77406.5324 132.0000 ""
8636 1023683.5602 77408.9361 132.0000 ""
8637 1023689.1046 77410.2567 132.0000 ""
8638 1023700.1247 77411.6130 132.0000 ""
8639 1023711.9291 77413.3933 132.0000 ""
8640 1023714.3120 77423.6590 132.0000 ""
8641 1023714.6458 77424.1697 132.0000 ""
8642 1023715.3800 77424.2248 132.0000 ""
8643 1023717.9498 77415.0825 132.0000 ""
8644 1023720.9569 77410.0745 132.0000 ""
8645 1023731.8934 77386.5277 132.0000 ""
8646 1023732.6345 77376.7776 132.0000 ""
8647 1023731.8343 77365.8735 132.0000 ""
8648 1023721.3595 77347.7210 132.0000 ""
8649 1023727.5552 77324.3833 132.0000 ""
8650 1023727.6806 77317.1980 132.0000 ""
8651 1023733.3853 77306.4751 132.0000 ""
8652 1023731.9553 77291.0777 132.0000 ""
8653 1023723.6156 77277.9377 132.0000 ""
8654 1023714.9463 77262.0780 132.0000 ""
8655 1023696.4640 77228.9301 132.0000 ""
8656 1023696.5139 77228.5585 132.0000 ""
8657 1023696.8990 77227.8104 132.0000 ""
8658 1023709.7982 77201.2872 132.0000 ""
8659 1023721.5475 77183.0955 132.0000 ""
8660 1023722.3252 77180.7793 132.0000 ""
8661 1023722.4022 77180.1283 132.0000 ""
8662 1023721.9915 77153.3824 132.0000 ""
8663 1023716.5427 77137.7672 132.0000 ""
8664 1023705.7688 77116.5596 132.0000 ""
8665 1023704.8362 77114.9366 132.0000 ""
8666 1023703.3134 77111.7985 132.0000 ""
8667 1023682.2304 77088.9734 132.0000 ""
8668 1023670.5226 77073.0945 132.0000 ""
8669 1023667.4801 77064.3870 132.0000 ""
8670 1023659.6045 77042.6510 132.0000 ""
8671 1023643.4482 77028.3969 132.0000 ""
8672 1023641.3369 77024.2245 132.0000 ""
8673 1023633.8690 77013.9026 132.0000 ""
8674 1023627.9998 77010.3702 132.0000 ""
8675 1023626.1682 76998.0086 132.0000 ""
8676 1023927.3782 78192.9846 130.0000 ""
8677 1023906.4988 78195.2985 130.0000 ""
8678 1023901.6688 78195.8680 130.0000 ""
8679 1023881.9269 78195.9234 130.0000 ""
8680 1023863.7663 78195.4546 130.0000 ""
8681 1023839.1986 78188.7279 130.0000 ""
8682 1023828.7383 78186.2882 130.0000 ""
8683 1023820.8989 78183.5136 130.0000 ""
8684 1023790.1812 78178.0030 130.0000 ""
8685 1023779.8893 78172.9158 130.0000 ""
8686 1023757.7446 78160.2679 130.0000 ""
8687 1023715.6421 78146.8777 130.0000 ""
8688 1023704.9398 78136.5439 130.0000 ""
8689 1023684.0265 78134.2779 130.0000 ""
8690 1023672.9975 78131.0909 130.0000 ""
8691 1023657.4752 78121.9251 130.0000 ""
8692 1023650.3587 78116.6972 130.0000 ""
8693 1023631.0703 78097.9014 130.0000 ""
8694 1023631.0510 78097.8954 130.0000 ""
8695 1023631.0387 78097.8675 130.0000 ""
8696 1023609.7191 78072.6004 130.0000 ""
8697 1023607.3467 78066.8521 130.0000 ""
8698 1023602.1200 78056.4408 130.0000 ""
8699 1023596.2015 78047.8467 130.0000 ""
8700 1023597.4825 78046.1397 130.0000 ""
8701 1023597.4924 78044.3317 130.0000 ""
8702 1023597.0192 78041.9476 130.0000 ""
8703 1023596.5259 78039.5783 130.0000 ""
8704 1023596.7847 78037.8291 130.0000 ""
8705 1023586.3001 78030.1703 130.0000 ""
8706 1023576.3180 78023.4625 130.0000 ""
8707 1023563.7285 78003.6326 130.0000 ""
8708 1023559.4340 77999.2500 130.0000 ""
8709 1023557.3323 77991.4735 130.0000 ""
8710 1023553.2306 77967.6285 130.0000 ""
8711 1023550.6681 77956.8356 130.0000 ""
8712 1023548.2711 77947.9403 130.0000 ""
8713 1023540.9889 77927.1196 130.0000 ""
8714 1023541.0544 77925.4123 130.0000 ""
8715 1023536.9038 77904.5991 130.0000 ""
8716 1023535.9465 77896.6928 130.0000 ""
8717 1023534.4178 77883.2867 130.0000 ""
8718 1023533.0095 77876.0001 130.0000 ""
8719 1023533.6014 77861.4594 130.0000 ""
8720 1023548.2010 77868.4712 130.0000 ""
8721 1023565.2088 77879.6717 130.0000 ""
8722 1023579.0593 77884.6745 130.0000 ""
8723 1023581.2874 77886.2727 130.0000 ""
8724 1023579.9250 77882.0579 130.0000 ""
8725 1023571.2898 77859.3218 130.0000 ""
8726 1023564.5944 77841.7520 130.0000 ""
8727 1023974.6491 78187.9137 128.0000 ""
8728 1023947.9835 78197.1514 128.0000 ""
8729 1023930.9308 78199.6779 128.0000 ""
8730 1023904.3368 78202.6251 128.0000 ""
8731 1023901.2024 78202.9153 128.0000 ""
8732 1023893.9007 78202.7082 128.0000 ""
8733 1023877.2396 78202.7549 128.0000 ""
8734 1023866.4618 78202.4767 128.0000 ""
8735 1023851.8813 78198.4845 128.0000 ""
8736 1023828.2490 78192.9728 128.0000 ""
8737 1023810.5377 78186.7042 128.0000 ""
8738 1023785.0541 78182.1325 128.0000 ""
8739 1023776.5158 78177.9122 128.0000 ""
8740 1023758.1443 78167.4194 128.0000 ""
8741 1023702.9353 78149.8608 128.0000 ""
8742 1023696.4957 78143.6430 128.0000 ""
8743 1023683.9123 78142.2796 128.0000 ""
8744 1023665.4062 78136.9319 128.0000 ""
8745 1023656.5739 78131.7165 128.0000 ""
8746 1023643.7403 78122.2888 128.0000 ""
8747 1023630.2472 78109.1402 128.0000 ""
8748 1023625.1441 78107.5582 128.0000 ""
8749 1023621.9071 78100.1811 128.0000 ""
8750 1023605.4667 78080.6968 128.0000 ""
8751 1023600.5473 78068.7766 128.0000 ""
8752 1023596.8026 78061.3176 128.0000 ""
8753 1023586.3345 78046.1172 128.0000 ""
8754 1023586.5480 78045.8327 128.0000 ""
8755 1023586.5497 78045.5313 128.0000 ""
8756 1023585.7995 78041.7519 128.0000 ""
8757 1023585.0176 78037.9958 128.0000 ""
8758 1023585.0513 78037.7677 128.0000 ""
8759 1023583.6838 78036.7687 128.0000 ""
8760 1023568.3371 78026.4561 128.0000 ""
8761 1023559.8362 78013.0662 128.0000 ""
8762 1023551.1061 78004.1571 128.0000 ""
8763 1023546.8337 77988.3487 128.0000 ""
8764 1023541.6037 77957.9442 128.0000 ""
8765 1023540.6516 77953.8662 128.0000 ""
8766 1023539.6286 77948.5381 128.0000 ""
8767 1023532.6319 77928.5335 128.0000 ""
8768 1023532.6732 77927.4565 128.0000 ""
8769 1023530.0548 77914.3267 128.0000 ""
8770 1023528.4542 77901.1079 128.0000 ""
8771 1023527.3014 77890.9975 128.0000 ""
8772 1023524.3717 77875.8388 128.0000 ""
8773 1023524.9030 77862.7873 128.0000 ""
8774 1023525.0441 77854.7736 128.0000 ""
8775 1023532.5800 77851.7281 128.0000 ""
8776 1023553.1992 77858.8426 128.0000 ""
8777 1023555.9753 77860.1759 128.0000 ""
8778 1023558.6740 77861.9531 128.0000 ""
8779 1023561.2136 77862.8704 128.0000 ""
8780 1023559.6388 77858.7242 128.0000 ""
8781 1023558.3963 77855.4635 128.0000 ""
8782 1023549.8809 77824.1490 128.0000 ""
8783 1023544.5411 77817.8109 128.0000 ""
8784 1023538.6186 77801.9961 128.0000 ""
8785 1023530.2806 77788.0630 128.0000 ""
8786 1023535.5909 77778.1115 128.0000 ""
8787 1023536.7793 77776.5677 128.0000 ""
8788 1023542.7958 77744.0440 128.0000 ""
8789 1023530.2311 77712.4824 128.0000 ""
8790 1023526.8838 77691.9626 128.0000 ""
8791 1023526.4974 77668.4636 128.0000 ""
8792 1023520.3370 77646.5448 128.0000 ""
8793 1023532.1384 77619.3904 128.0000 ""
8794 1023536.1806 77600.5471 128.0000 ""
8795 1023552.1100 77597.8537 128.0000 ""
8796 1023585.5258 77597.7828 128.0000 ""
8797 1023589.1571 77597.6715 128.0000 ""
8798 1023591.6052 77596.9141 128.0000 ""
8799 1023590.2918 77595.3343 128.0000 ""
8800 1023588.2698 77590.6585 128.0000 ""
8801 1023574.9011 77558.6407 128.0000 ""
8802 1023574.0054 77546.9626 128.0000 ""
8803 1023580.9541 77541.2966 128.0000 ""
8804 1023593.3161 77521.0507 128.0000 ""
8805 1023600.0517 77517.0083 128.0000 ""
8806 1023614.6652 77500.8448 128.0000 ""
8807 1023626.6177 77491.8675 128.0000 ""
8808 1023634.7758 77478.3048 128.0000 ""
8809 1023623.1514 77468.0077 128.0000 ""
8810 1023609.1895 77454.3807 128.0000 ""
8811 1023611.8201 77436.5858 128.0000 ""
8812 1023616.3079 77423.9503 128.0000 ""
8813 1023621.0037 77405.7293 128.0000 ""
8814 1023627.4321 77398.6193 128.0000 ""
8815 1023629.5152 77397.3128 128.0000 ""
8816 1023640.6318 77391.5108 128.0000 ""
8817 1023650.6412 77389.3866 128.0000 ""
8818 1023656.4418 77389.3604 128.0000 ""
8819 1023662.7489 77390.4282 128.0000 ""
8820 1023685.0423 77394.6479 128.0000 ""
8821 1023700.3152 77398.2856 128.0000 ""
8822 1023702.7028 77383.5976 128.0000 ""
8823 1023705.3433 77381.7613 128.0000 ""
8824 1023722.1385 77376.6278 128.0000 ""
8825 1023710.7039 77360.1243 128.0000 ""
8826 1023703.8174 77350.2956 128.0000 ""
8827 1023684.5052 77336.6720 128.0000 ""
8828 1023681.6562 77317.5865 128.0000 ""
8829 1023683.1510 77315.3290 128.0000 ""
8830 1023684.0271 77309.5792 128.0000 ""
8831 1023693.9580 77296.2790 128.0000 ""
8832 1023683.8684 77261.9837 128.0000 ""
8833 1023676.9300 77260.1572 128.0000 ""
8834 1023652.1801 77239.8171 128.0000 ""
8835 1023650.8805 77238.5464 128.0000 ""
8836 1023651.5346 77232.6351 128.0000 ""
8837 1023648.2496 77236.6519 128.0000 ""
8838 1023634.6700 77227.4840 128.0000 ""
8839 1023633.0746 77222.6878 128.0000 ""
8840 1023616.4692 77214.3604 128.0000 ""
8841 1023609.2464 77216.5751 128.0000 ""
8842 1023602.5854 77213.1198 128.0000 ""
8843 1023616.0284 77199.2902 128.0000 ""
8844 1023627.7509 77191.9968 128.0000 ""
8845 1023618.5632 77211.0056 128.0000 ""
8846 1023633.0686 77219.6790 128.0000 ""
8847 1023635.6632 77211.1932 128.0000 ""
8848 1023645.9310 77199.0404 128.0000 ""
8849 1023654.3088 77199.5879 128.0000 ""
8850 1023667.3770 77191.5870 128.0000 ""
8851 1023674.0701 77181.7913 128.0000 ""
8852 1023686.2129 77175.3440 128.0000 ""
8853 1023697.2032 77148.9790 128.0000 ""
8854 1023697.7822 77145.4325 128.0000 ""
8855 1023679.2599 77125.9199 128.0000 ""
8856 1023666.8729 77107.1202 128.0000 ""
8857 1023666.7835 77107.0303 128.0000 ""
8858 1023659.7147 77100.7355 128.0000 ""
8859 1023655.7758 77088.7787 128.0000 ""
8860 1023645.6180 77070.8643 128.0000 ""
8861 1023629.9682 77063.4706 128.0000 ""
8862 1023620.0134 77057.8988 128.0000 ""
8863 1023615.9932 77055.9761 128.0000 ""
8864 1023610.1075 77051.4096 128.0000 ""
8865 1023967.0975 78196.9171 126.0000 ""
8866 1023944.5920 78204.7136 126.0000 ""
8867 1023930.1996 78206.8460 126.0000 ""
8868 1023907.7544 78209.3334 126.0000 ""
8869 1023898.7582 78210.1663 126.0000 ""
8870 1023877.8010 78209.5717 126.0000 ""
8871 1023872.5524 78209.5864 126.0000 ""
8872 1023869.1572 78209.4988 126.0000 ""
8873 1023864.5641 78208.2412 126.0000 ""
8874 1023827.7596 78199.6574 126.0000 ""
8875 1023800.1765 78189.8948 126.0000 ""
8876 1023779.9269 78186.2621 126.0000 ""
8877 1023773.1422 78182.9085 126.0000 ""
8878 1023758.5441 78174.5708 126.0000 ""
8879 1023690.2285 78152.8439 126.0000 ""
8880 1023688.0517 78150.7421 126.0000 ""
8881 1023683.7981 78150.2812 126.0000 ""
8882 1023657.8148 78142.7729 126.0000 ""
8883 1023655.6725 78141.5078 126.0000 ""
8884 1023637.1219 78127.8803 126.0000 ""
8885 1023629.4241 78120.3791 126.0000 ""
8886 1023619.2372 78117.2211 126.0000 ""
8887 1023612.7754 78102.4948 126.0000 ""
8888 1023601.2144 78088.7932 126.0000 ""
8889 1023593.7478 78070.7012 126.0000 ""
8890 1023591.4852 78066.1944 126.0000 ""
8891 1023584.0196 78055.3537 126.0000 ""
8892 1023575.8650 78048.8850 126.0000 ""
8893 1023575.3424 78046.2629 126.0000 ""
8894 1023574.8294 78043.8272 126.0000 ""
8895 1023569.3910 78035.5209 126.0000 ""
8896 1023560.3561 78029.4496 126.0000 ""
8897 1023555.9439 78022.4999 126.0000 ""
8898 1023542.7783 78009.0642 126.0000 ""
8899 1023536.3352 77985.2240 126.0000 ""
8900 1023533.1335 77966.6110 126.0000 ""
8901 1023530.2621 77954.3133 126.0000 ""
8902 1023527.1772 77938.2456 126.0000 ""
8903 1023524.2748 77929.9474 126.0000 ""
8904 1023524.2920 77929.5007 126.0000 ""
8905 1023523.2058 77924.0542 126.0000 ""
8906 1023520.9620 77905.5229 126.0000 ""
8907 1023520.1850 77898.7082 126.0000 ""
8908 1023515.7338 77875.6775 126.0000 ""
8909 1023516.1310 77865.9203 126.0000 ""
8910 1023516.4281 77849.0518 126.0000 ""
8911 1023532.2909 77842.6410 126.0000 ""
8912 1023546.6558 77847.5976 126.0000 ""
8913 1023541.3717 77828.1656 126.0000 ""
8914 1023538.5690 77824.8389 126.0000 ""
8915 1023535.4604 77816.5382 126.0000 ""
8916 1023520.3321 77791.2582 126.0000 ""
8917 1023524.6781 77783.1136 126.0000 ""
8918 1023522.3222 77771.3280 126.0000 ""
8919 1023523.3406 77754.0783 126.0000 ""
8920 1023527.1716 77733.3689 126.0000 ""
8921 1023519.8964 77715.0942 126.0000 ""
8922 1023517.9582 77703.2128 126.0000 ""
8923 1023517.3657 77667.1702 126.0000 ""
8924 1023507.9168 77633.5514 126.0000 ""
8925 1023509.8575 77629.0859 126.0000 ""
8926 1023518.4450 77589.0539 126.0000 ""
8927 1023552.2866 77583.3317 126.0000 ""
8928 1023571.1294 77583.2918 126.0000 ""
8929 1023563.2617 77564.4487 126.0000 ""
8930 1023560.9186 77533.9000 126.0000 ""
8931 1023579.0958 77519.0782 126.0000 ""
8932 1023581.4284 77515.2579 126.0000 ""
8933 1023594.6282 77507.3360 126.0000 ""
8934 1023615.5584 77484.1859 126.0000 ""
8935 1023611.2470 77480.9085 126.0000 ""
8936 1023596.2212 77466.2431 126.0000 ""
8937 1023600.6565 77436.2391 126.0000 ""
8938 1023602.9913 77429.6654 126.0000 ""
8939 1023610.9312 77398.8565 126.0000 ""
8940 1023614.4448 77394.9704 126.0000 ""
8941 1023625.1356 77388.2654 126.0000 ""
8942 1023626.2951 77387.6603 126.0000 ""
8943 1023647.9828 77383.0577 126.0000 ""
8944 1023660.5514 77383.0008 126.0000 ""
8945 1023674.2173 77385.3146 126.0000 ""
8946 1023685.7833 77387.5038 126.0000 ""
8947 1023693.7071 77389.3911 126.0000 ""
8948 1023694.9458 77381.7708 126.0000 ""
8949 1023704.3843 77375.2067 126.0000 ""
8950 1023709.8052 77373.5498 126.0000 ""
8951 1023706.1145 77368.2231 126.0000 ""
8952 1023694.7377 77351.9856 126.0000 ""
8953 1023670.6724 77335.0089 126.0000 ""
8954 1023667.5112 77332.8861 126.0000 ""
8955 1023667.2764 77331.0790 126.0000 ""
8956 1023672.1437 77316.8424 126.0000 ""
8957 1023672.2227 77312.3816 126.0000 ""
8958 1023674.8211 77308.8214 126.0000 ""
8959 1023685.8536 77294.0459 126.0000 ""
8960 1023678.2964 77268.3581 126.0000 ""
8961 1023659.0558 77263.2932 126.0000 ""
8962 1023649.7492 77255.6448 126.0000 ""
8963 1023638.5230 77252.5520 126.0000 ""
8964 1023635.9758 77250.6441 126.0000 ""
8965 1023635.4154 77249.6299 126.0000 ""
8966 1023628.5140 77228.8827 126.0000 ""
8967 1023617.1863 77223.2019 126.0000 ""
8968 1023602.5412 77227.6926 126.0000 ""
8969 1023599.8149 77227.0621 126.0000 ""
8970 1023589.8810 77235.2489 126.0000 ""
8971 1023576.8784 77226.7038 126.0000 ""
8972 1023571.0729 77221.4091 126.0000 ""
8973 1023572.9446 77219.5482 126.0000 ""
8974 1023576.0071 77215.6910 126.0000 ""
8975 1023589.7415 77203.7230 126.0000 ""
8976 1023588.2348 77203.0731 126.0000 ""
8977 1023588.2476 77199.9926 126.0000 ""
8978 1023586.6126 77199.1525 126.0000 ""
8979 1023584.4836 77197.6165 126.0000 ""
8980 1023572.7200 77203.8014 126.0000 ""
8981 1023558.0404 77210.5519 126.0000 ""
8982 1023556.5321 77197.9934 126.0000 ""
8983 1023552.0346 77189.2894 126.0000 ""
8984 1023959.5459 78205.9205 124.0000 ""
8985 1023941.2004 78212.2758 124.0000 ""
8986 1023929.4683 78214.0141 124.0000 ""
8987 1023911.1721 78216.0417 124.0000 ""
8988 1023896.3139 78217.4173 124.0000 ""
8989 1023871.6984 78216.7189 124.0000 ""
8990 1023868.7332 78216.3853 124.0000 ""
8991 1023863.6714 78214.8317 124.0000 ""
8992 1023827.2703 78206.3420 124.0000 ""
8993 1023789.8153 78193.0854 124.0000 ""
8994 1023774.7997 78190.3916 124.0000 ""
8995 1023769.7687 78187.9049 124.0000 ""
8996 1023758.9438 78181.7223 124.0000 ""
8997 1023694.8655 78161.3430 124.0000 ""
8998 1023688.6771 78161.0889 124.0000 ""
8999 1023684.5845 78161.4936 124.0000 ""
9000 1023667.0708 78181.1424 124.0000 ""
9001 1023658.4516 78218.5525 124.0000 ""
9002 1023656.9630 78225.1398 124.0000 ""
9003 1023639.9096 78224.7779 124.0000 ""
9004 1023636.9558 78219.2353 124.0000 ""
9005 1023632.9578 78211.8697 124.0000 ""
9006 1023625.1534 78191.0077 124.0000 ""
9007 1023631.1406 78176.9152 124.0000 ""
9008 1023633.3517 78169.3028 124.0000 ""
9009 1023634.1530 78162.1012 124.0000 ""
9010 1023637.1409 78138.3478 124.0000 ""
9011 1023630.5036 78133.4719 124.0000 ""
9012 1023628.6011 78131.6180 124.0000 ""
9013 1023613.3303 78126.8839 124.0000 ""
9014 1023603.6437 78104.8084 124.0000 ""
9015 1023596.9621 78096.8897 124.0000 ""
9016 1023586.9483 78072.6258 124.0000 ""
9017 1023586.1679 78071.0711 124.0000 ""
9018 1023583.5926 78067.3316 124.0000 ""
9019 1023565.2449 78052.7771 124.0000 ""
9020 1023565.0579 78051.8387 124.0000 ""
9021 1023564.8742 78050.9669 124.0000 ""
9022 1023553.0377 78032.8884 124.0000 ""
9023 1023552.3751 78032.4432 124.0000 ""
9024 1023552.0516 78031.9335 124.0000 ""
9025 1023534.4504 78013.9714 124.0000 ""
9026 1023525.8366 77982.0993 124.0000 ""
9027 1023524.6632 77975.2779 124.0000 ""
9028 1023519.8726 77954.7605 124.0000 ""
9029 1023516.8062 77938.7892 124.0000 ""
9030 1023516.2277 77931.6792 124.0000 ""
9031 1023515.5912 77927.4582 124.0000 ""
9032 1023513.4698 77909.9380 124.0000 ""
9033 1023513.0685 77906.4189 124.0000 ""
9034 1023507.0960 77875.5161 124.0000 ""
9035 1023507.3591 77869.0533 124.0000 ""
9036 1023507.8121 77843.3300 124.0000 ""
9037 1023532.0019 77833.5540 124.0000 ""
9038 1023533.3633 77834.0238 124.0000 ""
9039 1023532.8625 77832.1821 124.0000 ""
9040 1023532.5969 77831.8669 124.0000 ""
9041 1023532.3022 77831.0802 124.0000 ""
9042 1023510.3836 77794.4533 124.0000 ""
9043 1023513.2956 77788.9962 124.0000 ""
9044 1023508.3745 77764.3781 124.0000 ""
9045 1023510.5018 77728.3464 124.0000 ""
9046 1023511.5474 77722.6939 124.0000 ""
9047 1023509.5617 77717.7059 124.0000 ""
9048 1023509.0327 77714.4629 124.0000 ""
9049 1023508.5605 77685.7440 124.0000 ""
9050 1023507.5752 77668.4265 124.0000 ""
9051 1023507.8719 77665.7198 124.0000 ""
9052 1023498.4206 77634.6105 124.0000 ""
9053 1023496.0327 77626.5629 124.0000 ""
9054 1023502.7350 77586.1299 124.0000 ""
9055 1023502.3540 77581.1471 124.0000 ""
9056 1023510.1074 77574.7048 124.0000 ""
9057 1023550.9177 77568.8471 124.0000 ""
9058 1023544.0956 77535.2307 124.0000 ""
9059 1023551.8434 77517.2922 124.0000 ""
9060 1023562.1549 77508.8906 124.0000 ""
9061 1023582.2187 77501.8564 124.0000 ""
9062 1023589.2048 77497.6638 124.0000 ""
9063 1023597.7846 77488.1739 124.0000 ""
9064 1023586.0527 77479.2556 124.0000 ""
9065 1023582.9431 77475.8302 124.0000 ""
9066 1023582.6718 77474.6309 124.0000 ""
9067 1023587.9381 77446.4107 124.0000 ""
9068 1023589.4930 77435.8924 124.0000 ""
9069 1023589.6748 77435.3805 124.0000 ""
9070 1023600.8587 77391.9837 124.0000 ""
9071 1023601.4575 77391.3215 124.0000 ""
9072 1023603.6632 77389.9381 124.0000 ""
9073 1023610.1357 77378.7025 124.0000 ""
9074 1023623.2871 77375.6772 124.0000 ""
9075 1023631.5834 77379.6448 124.0000 ""
9076 1023645.3245 77376.7287 124.0000 ""
9077 1023664.6610 77376.6413 124.0000 ""
9078 1023685.6858 77380.2009 124.0000 ""
9079 1023686.5244 77380.3597 124.0000 ""
9080 1023687.0989 77380.4965 124.0000 ""
9081 1023687.1887 77379.9440 124.0000 ""
9082 1023688.8363 77378.7982 124.0000 ""
9083 1023696.0778 77368.7883 124.0000 ""
9084 1023693.1078 77364.3083 124.0000 ""
9085 1023685.6581 77353.6757 124.0000 ""
9086 1023676.2426 77347.0336 124.0000 ""
9087 1023662.0960 77337.5339 124.0000 ""
9088 1023661.0450 77329.4466 124.0000 ""
9089 1023664.6694 77318.8456 124.0000 ""
9090 1023664.8390 77309.2752 124.0000 ""
9091 1023670.4136 77301.6373 124.0000 ""
9092 1023677.7493 77291.8127 124.0000 ""
9093 1023672.7243 77274.7325 124.0000 ""
9094 1023651.8606 77269.2404 124.0000 ""
9095 1023647.4934 77268.2797 124.0000 ""
9096 1023646.2422 77266.1385 124.0000 ""
9097 1023633.3396 77256.4739 124.0000 ""
9098 1023627.6394 77246.1584 124.0000 ""
9099 1023623.9535 77235.0775 124.0000 ""
9100 1023617.9035 77232.0435 124.0000 ""
9101 1023610.0817 77234.4419 124.0000 ""
9102 1023600.9404 77232.3278 124.0000 ""
9103 1023584.9902 77245.4729 124.0000 ""
9104 1023579.7907 77251.4596 124.0000 ""
9105 1023576.1856 77253.8122 124.0000 ""
9106 1023566.9057 77251.2316 124.0000 ""
9107 1023549.5252 77240.3546 124.0000 ""
9108 1023547.4143 77238.4295 124.0000 ""
9109 1023557.6143 77228.2882 124.0000 ""
9110 1023561.6365 77223.2223 124.0000 ""
9111 1023560.7064 77221.7616 124.0000 ""
9112 1023560.1979 77219.3727 124.0000 ""
9113 1023559.0843 77218.1206 124.0000 ""
9114 1023557.5954 77216.3726 124.0000 ""
9115 1023546.3988 77221.4861 124.0000 ""
9116 1023536.5694 77224.1240 124.0000 ""
9117 1023530.8568 77226.7366 124.0000 ""
9118 1023525.7308 77218.5025 124.0000 ""
9119 1023515.7661 77206.4285 124.0000 ""
9120 1023512.8485 77189.9539 124.0000 ""
9121 1023511.2201 77175.8081 124.0000 ""
9122 1023511.2121 77172.4565 124.0000 ""
9123 1023505.6109 77163.2546 124.0000 ""
9124 1023504.3963 77151.4478 124.0000 ""
9125 1023509.6069 77142.5747 124.0000 ""
9126 1023518.3211 77141.9008 124.0000 ""
9127 1023538.7909 77130.6360 124.0000 ""
9128 1023539.1307 77131.1546 124.0000 ""
9129 1023539.3980 77131.4154 124.0000 ""
9130 1023554.4344 77143.1263 124.0000 ""
9131 1023561.6032 77146.3467 124.0000 ""
9132 1023566.0209 77160.1446 124.0000 ""
9133 1023579.8900 77155.1127 124.0000 ""
9134 1023587.3549 77149.8095 124.0000 ""
9135 1023604.1558 77129.3179 124.0000 ""
9136 1023604.3041 77128.3942 124.0000 ""
9137 1023607.2175 77121.3481 124.0000 ""
9138 1023619.1941 77101.5371 124.0000 ""
9139 1023618.6199 77096.0399 124.0000 ""
9140 1023617.3077 77093.7257 124.0000 ""
9141 1023615.2517 77092.7544 124.0000 ""
9142 1023601.7881 77080.5311 124.0000 ""
9143 1023578.7495 77066.3353 124.0000 ""
9144 1023574.4767 77064.2149 124.0000 ""
9145 1023572.5186 77062.3388 124.0000 ""
9146 1023560.4252 77052.7164 124.0000 ""
9147 1023547.1309 77041.5647 124.0000 ""
9148 1023531.3027 77013.2537 124.0000 ""
9149 1023527.9577 77007.4520 124.0000 ""
9150 1023527.4595 77006.3658 124.0000 ""
9151 1023525.8744 77004.2675 124.0000 ""
9152 1023524.2881 76985.8416 124.0000 ""
9153 1023524.1757 76985.1108 124.0000 ""
9154 1023524.8685 76981.6533 124.0000 ""
9155 1023521.5008 76951.6368 124.0000 ""
9156 1023951.9943 78214.9238 122.0000 ""
9157 1023937.8088 78219.8380 122.0000 ""
9158 1023928.7371 78221.1821 122.0000 ""
9159 1023914.5897 78222.7500 122.0000 ""
9160 1023893.8696 78224.6683 122.0000 ""
9161 1023874.1082 78224.1076 122.0000 ""
9162 1023865.6530 78223.1564 122.0000 ""
9163 1023851.2193 78218.7263 122.0000 ""
9164 1023826.7809 78213.0266 122.0000 ""
9165 1023779.4541 78196.2760 122.0000 ""
9166 1023769.6725 78194.5212 122.0000 ""
9167 1023766.3952 78192.9013 122.0000 ""
9168 1023759.3436 78188.8738 122.0000 ""
9169 1023717.6013 78175.5981 122.0000 ""
9170 1023698.7665 78174.8250 122.0000 ""
9171 1023686.3108 78176.0565 122.0000 ""
9172 1023673.4607 78190.4731 122.0000 ""
9173 1023667.1367 78217.9214 122.0000 ""
9174 1023664.0580 78231.5446 122.0000 ""
9175 1023654.0021 78231.3311 122.0000 ""
9176 1023634.4075 78231.4679 122.0000 ""
9177 1023631.9125 78231.5126 122.0000 ""
9178 1023626.9900 78227.5423 122.0000 ""
9179 1023621.9155 78218.1935 122.0000 ""
9180 1023615.5421 78201.1567 122.0000 ""
9181 1023611.7650 78189.4534 122.0000 ""
9182 1023610.6254 78181.7008 122.0000 ""
9183 1023608.5659 78145.0198 122.0000 ""
9184 1023609.6542 78141.2730 122.0000 ""
9185 1023610.0881 78137.3728 122.0000 ""
9186 1023607.4235 78136.5467 122.0000 ""
9187 1023594.5121 78107.1221 122.0000 ""
9188 1023592.7098 78104.9861 122.0000 ""
9189 1023587.7331 78092.9273 122.0000 ""
9190 1023575.6857 78079.3425 122.0000 ""
9191 1023559.9968 78066.6381 122.0000 ""
9192 1023549.6349 78059.3384 122.0000 ""
9193 1023542.8558 78052.7595 122.0000 ""
9194 1023531.0782 78032.2700 122.0000 ""
9195 1023523.0470 78022.6515 122.0000 ""
9196 1023521.2537 78016.6941 122.0000 ""
9197 1023513.7222 77995.0896 122.0000 ""
9198 1023516.2542 77981.1413 122.0000 ""
9199 1023516.2098 77978.7422 122.0000 ""
9200 1023510.9481 77956.4799 122.0000 ""
9201 1023510.5292 77953.7752 122.0000 ""
9202 1023508.9352 77934.1846 122.0000 ""
9203 1023506.1123 77915.4657 122.0000 ""
9204 1023505.9776 77914.3531 122.0000 ""
9205 1023505.9521 77914.1296 122.0000 ""
9206 1023498.4581 77875.3548 122.0000 ""
9207 1023498.5871 77872.1864 122.0000 ""
9208 1023498.9157 77853.5277 122.0000 ""
9209 1023495.6591 77838.5806 122.0000 ""
9210 1023499.2091 77833.6501 122.0000 ""
9211 1023516.1873 77825.2115 122.0000 ""
9212 1023512.5449 77817.8844 122.0000 ""
9213 1023500.4351 77797.6485 122.0000 ""
9214 1023501.9131 77794.8788 122.0000 ""
9215 1023494.4268 77757.4281 122.0000 ""
9216 1023495.2054 77744.2416 122.0000 ""
9217 1023497.6919 77717.2387 122.0000 ""
9218 1023495.4912 77678.5610 122.0000 ""
9219 1023497.1176 77663.7227 122.0000 ""
9220 1023489.6409 77639.1129 122.0000 ""
9221 1023484.2799 77621.0459 122.0000 ""
9222 1023489.0983 77591.9777 122.0000 ""
9223 1023487.9463 77576.9116 122.0000 ""
9224 1023511.3900 77557.4322 122.0000 ""
9225 1023529.3784 77554.8502 122.0000 ""
9226 1023526.3713 77540.0328 122.0000 ""
9227 1023538.0873 77512.9070 122.0000 ""
9228 1023541.7169 77503.0588 122.0000 ""
9229 1023545.3525 77501.2692 122.0000 ""
9230 1023579.2353 77489.5476 122.0000 ""
9231 1023568.6383 77477.8743 122.0000 ""
9232 1023567.1965 77471.4997 122.0000 ""
9233 1023572.0578 77445.4493 122.0000 ""
9234 1023576.5031 77433.2400 122.0000 ""
9235 1023583.6347 77418.5507 122.0000 ""
9236 1023591.1480 77388.8783 122.0000 ""
9237 1023591.9219 77372.2210 122.0000 ""
9238 1023593.7362 77369.0716 122.0000 ""
9239 1023621.7722 77362.6224 122.0000 ""
9240 1023639.4582 77371.0805 122.0000 ""
9241 1023642.6661 77370.3997 122.0000 ""
9242 1023658.7294 77370.3271 122.0000 ""
9243 1023665.4483 77369.2514 122.0000 ""
9244 1023664.9176 77365.7206 122.0000 ""
9245 1023670.1250 77351.2097 122.0000 ""
9246 1023656.6808 77342.1817 122.0000 ""
9247 1023654.8137 77327.8142 122.0000 ""
9248 1023657.1952 77320.8487 122.0000 ""
9249 1023657.4552 77306.1688 122.0000 ""
9250 1023666.0060 77294.4531 122.0000 ""
9251 1023669.6449 77289.5796 122.0000 ""
9252 1023667.1522 77281.1070 122.0000 ""
9253 1023656.8028 77278.3826 122.0000 ""
9254 1023643.1047 77275.3693 122.0000 ""
9255 1023639.1804 77268.6534 122.0000 ""
9256 1023630.7033 77262.3037 122.0000 ""
9257 1023619.8635 77242.6869 122.0000 ""
9258 1023619.3929 77241.2724 122.0000 ""
9259 1023618.6206 77240.8851 122.0000 ""
9260 1023617.6221 77241.1913 122.0000 ""
9261 1023602.0659 77237.5935 122.0000 ""
9262 1023599.8634 77239.4087 122.0000 ""
9263 1023583.5442 77258.1987 122.0000 ""
9264 1023572.2293 77265.5825 122.0000 ""
9265 1023543.1033 77257.4831 122.0000 ""
9266 1023541.6688 77256.5853 122.0000 ""
9267 1023535.5752 77248.7563 122.0000 ""
9268 1023542.3563 77237.7130 122.0000 ""
9269 1023542.1675 77237.6344 122.0000 ""
9270 1023540.0207 77234.3670 122.0000 ""
9271 1023539.8820 77234.2803 122.0000 ""
9272 1023537.4475 77231.4710 122.0000 ""
9273 1023527.1680 77235.9783 122.0000 ""
9274 1023506.7979 77245.2943 122.0000 ""
9275 1023503.6633 77240.2591 122.0000 ""
9276 1023493.0766 77224.8849 122.0000 ""
9277 1023498.7115 77209.0585 122.0000 ""
9278 1023496.6069 77190.7766 122.0000 ""
9279 1023944.4428 78223.9272 120.0000 ""
9280 1023934.4173 78227.4003 120.0000 ""
9281 1023928.0059 78228.3502 120.0000 ""
9282 1023918.0073 78229.4582 120.0000 ""
9283 1023891.4254 78231.9193 120.0000 ""
9284 1023890.1088 78231.8819 120.0000 ""
9285 1023885.4440 78231.7496 120.0000 ""
9286 1023876.5180 78231.4963 120.0000 ""
9287 1023862.5728 78229.9275 120.0000 ""
9288 1023838.7672 78222.6209 120.0000 ""
9289 1023826.2915 78219.7112 120.0000 ""
9290 1023769.0929 78199.4666 120.0000 ""
9291 1023764.5454 78198.6508 120.0000 ""
9292 1023763.0217 78197.8977 120.0000 ""
9293 1023759.7434 78196.0252 120.0000 ""
9294 1023740.3370 78189.8533 120.0000 ""
9295 1023708.8560 78188.5611 120.0000 ""
9296 1023688.0370 78190.6195 120.0000 ""
9297 1023679.8507 78199.8038 120.0000 ""
9298 1023675.8218 78217.2902 120.0000 ""
9299 1023673.4659 78227.7150 120.0000 ""
9300 1023672.0592 78231.9713 120.0000 ""
9301 1023667.9071 78237.5140 120.0000 ""
9302 1023663.8141 78239.0598 120.0000 ""
9303 1023637.9542 78239.2403 120.0000 ""
9304 1023628.9451 78239.4018 120.0000 ""
9305 1023611.1708 78225.0655 120.0000 ""
9306 1023610.8733 78224.5172 120.0000 ""
9307 1023610.4995 78223.5181 120.0000 ""
9308 1023601.3214 78195.0797 120.0000 ""
9309 1023598.5520 78176.2412 120.0000 ""
9310 1023597.1871 78151.9307 120.0000 ""
9311 1023591.7517 78137.3740 120.0000 ""
9312 1023583.4582 78115.7453 120.0000 ""
9313 1023561.4333 78092.9779 120.0000 ""
9314 1023560.2578 78090.9981 120.0000 ""
9315 1023558.6200 78090.1373 120.0000 ""
9316 1023535.6139 78072.1056 120.0000 ""
9317 1023527.6733 78070.8767 120.0000 ""
9318 1023518.1349 78066.4053 120.0000 ""
9319 1023504.8901 78045.8004 120.0000 ""
9320 1023502.3393 78042.7455 120.0000 ""
9321 1023501.7691 78040.8512 120.0000 ""
9322 1023501.5320 78014.5001 120.0000 ""
9323 1023502.8721 78011.0157 120.0000 ""
9324 1023507.9292 77983.1572 120.0000 ""
9325 1023507.7795 77975.0663 120.0000 ""
9326 1023504.2500 77960.1331 120.0000 ""
9327 1023502.7755 77950.6129 120.0000 ""
9328 1023501.6427 77936.6901 120.0000 ""
9329 1023499.4889 77922.4079 120.0000 ""
9330 1023497.0153 77916.7958 120.0000 ""
9331 1023493.9378 77906.9612 120.0000 ""
9332 1023489.7702 77875.5814 120.0000 ""
9333 1023489.4628 77875.2766 120.0000 ""
9334 1023489.4500 77874.4449 120.0000 ""
9335 1023485.5879 77856.7193 120.0000 ""
9336 1023936.8912 78232.9305 118.0000 ""
9337 1023931.0257 78234.9625 118.0000 ""
9338 1023927.2747 78235.5182 118.0000 ""
9339 1023921.4249 78236.1665 118.0000 ""
9340 1023888.9811 78239.1702 118.0000 ""
9341 1023878.9278 78238.8850 118.0000 ""
9342 1023859.4927 78236.6986 118.0000 ""
9343 1023826.3152 78226.5155 118.0000 ""
9344 1023825.8022 78226.3958 118.0000 ""
9345 1023809.5960 78220.6599 118.0000 ""
9346 1023761.0351 78204.0688 118.0000 ""
9347 1023760.1526 78203.8245 118.0000 ""
9348 1023757.8787 78203.8952 118.0000 ""
9349 1023718.9455 78202.2971 118.0000 ""
9350 1023689.7633 78205.1824 118.0000 ""
9351 1023686.2406 78209.1345 118.0000 ""
9352 1023684.5070 78216.6591 118.0000 ""
9353 1023683.4932 78221.1450 118.0000 ""
9354 1023680.3030 78230.7973 118.0000 ""
9355 1023670.8869 78243.3668 118.0000 ""
9356 1023661.6050 78246.8723 118.0000 ""
9357 1023641.5008 78247.0126 118.0000 ""
9358 1023625.9778 78247.2910 118.0000 ""
9359 1023612.7173 78236.5954 118.0000 ""
9360 1023608.7299 78233.5552 118.0000 ""
9361 1023605.2233 78228.1116 118.0000 ""
9362 1023601.7358 78223.3413 118.0000 ""
9363 1023591.2620 78200.5258 118.0000 ""
9364 1023590.8513 78200.2580 118.0000 ""
9365 1023588.8354 78186.8133 118.0000 ""
9366 1023586.4787 78170.7817 118.0000 ""
9367 1023586.3301 78168.1349 118.0000 ""
9368 1023574.6799 78136.9346 118.0000 ""
9369 1023571.2785 78128.0641 118.0000 ""
9370 1023562.2455 78118.7265 118.0000 ""
9371 1023550.9279 78099.6664 118.0000 ""
9372 1023535.1602 78091.3782 118.0000 ""
9373 1023531.3617 78088.4010 118.0000 ""
9374 1023505.6292 78084.4186 118.0000 ""
9375 1023503.5592 78083.4482 118.0000 ""
9376 1023488.9841 78070.4631 118.0000 ""
9377 1023489.0129 78059.6289 118.0000 ""
9378 1023490.6215 78047.3355 118.0000 ""
9379 1023492.1315 78028.6938 118.0000 ""
9380 1023492.0029 78014.4079 118.0000 ""
9381 1023496.3481 78003.1099 118.0000 ""
9382 1023499.6041 77985.1730 118.0000 ""
9383 1023499.3492 77971.3903 118.0000 ""
9384 1023497.5520 77963.7863 118.0000 ""
9385 1023495.0218 77947.4505 118.0000 ""
9386 1023494.3501 77939.1956 118.0000 ""
9387 1023493.0731 77930.7276 118.0000 ""
9388 1023487.9461 77919.0951 118.0000 ""
9389 1023481.5672 77898.7105 118.0000 ""
9390 1023479.8214 77885.5660 118.0000 ""
9391 1023471.4750 77877.2901 118.0000 ""
9392 1023471.1260 77854.7059 118.0000 ""
9393 1023465.8714 77830.5887 118.0000 ""
9394 1023480.1303 77810.7848 118.0000 ""
9395 1023471.9180 77810.0589 118.0000 ""
9396 1023471.4540 77797.0651 118.0000 ""
9397 1023465.6173 77777.1323 118.0000 ""
9398 1023470.7067 77727.8090 118.0000 ""
9399 1023472.1069 77712.6032 118.0000 ""
9400 1023471.3232 77698.8299 118.0000 ""
9401 1023475.6089 77659.7286 118.0000 ""
9402 1023472.0815 77648.1179 118.0000 ""
9403 1023460.7743 77610.0119 118.0000 ""
9404 1023461.8250 77603.6733 118.0000 ""
9405 1023459.3940 77571.8800 118.0000 ""
9406 1023458.9884 77568.9446 118.0000 ""
9407 1023459.2721 77568.3445 118.0000 ""
9408 1023461.4941 77565.5530 118.0000 ""
9409 1023490.1777 77535.0021 118.0000 ""
9410 1023501.2850 77514.3541 118.0000 ""
9411 1023508.0028 77496.1272 118.0000 ""
9412 1023532.7347 77483.9527 118.0000 ""
9413 1023538.5740 77480.1504 118.0000 ""
9414 1023535.9574 77465.7625 118.0000 ""
9415 1023535.9193 77463.9606 118.0000 ""
9416 1023539.8089 77456.0125 118.0000 ""
9417 1023550.1865 77427.5098 118.0000 ""
9418 1023561.2734 77404.6736 118.0000 ""
9419 1023571.2348 77385.1197 118.0000 ""
9420 1023571.8821 77384.8197 118.0000 ""
9421 1023572.1988 77376.7600 118.0000 ""
9422 1023570.9395 77363.4812 118.0000 ""
9423 1023579.6783 77348.4248 118.0000 ""
9424 1023587.2528 77343.2035 118.0000 ""
9425 1023596.4783 77341.2238 118.0000 ""
9426 1023610.2977 77340.6155 118.0000 ""
9427 1023614.0483 77332.5486 118.0000 ""
9428 1023627.2068 77322.8278 118.0000 ""
9429 1023636.8518 77325.2878 118.0000 ""
9430 1023641.5599 77324.0121 118.0000 ""
9431 1023639.8785 77305.1043 118.0000 ""
9432 1023633.2808 77293.2160 118.0000 ""
9433 1023621.4849 77292.2177 118.0000 ""
9434 1023621.4528 77279.4086 118.0000 ""
9435 1023620.5411 77273.4809 118.0000 ""
9436 1023607.7062 77269.9807 118.0000 ""
9437 1023605.8469 77269.5328 118.0000 ""
9438 1023592.7003 77269.7781 118.0000 ""
9439 1023591.0511 77271.6769 118.0000 ""
9440 1023587.1995 77274.1904 118.0000 ""
9441 1023566.6506 77286.6780 118.0000 ""
9442 1023557.5467 77287.6902 118.0000 ""
9443 1023536.7250 77282.2281 118.0000 ""
9444 1023514.2920 77269.0586 118.0000 ""
9445 1023513.7518 77269.1103 118.0000 ""
9446 1023509.8343 77267.4857 118.0000 ""
9447 1023509.4305 77267.6804 118.0000 ""
9448 1023505.9361 77265.5456 118.0000 ""
9449 1023489.5516 77281.2320 118.0000 ""
9450 1023480.8691 77287.8826 118.0000 ""
9451 1023461.6342 77276.9046 118.0000 ""
9452 1023452.1032 77267.6147 118.0000 ""
9453 1023929.3396 78241.9339 116.0000 ""
9454 1023927.6341 78242.5247 116.0000 ""
9455 1023926.5434 78242.6863 116.0000 ""
9456 1023924.8425 78242.8748 116.0000 ""
9457 1023886.5368 78246.4212 116.0000 ""
9458 1023881.3376 78246.2737 116.0000 ""
9459 1023856.4125 78243.4697 116.0000 ""
9460 1023831.7955 78235.9140 116.0000 ""
9461 1023820.0486 78234.9398 116.0000 ""
9462 1023808.5853 78231.8073 116.0000 ""
9463 1023768.2358 78218.0216 116.0000 ""
9464 1023760.6244 78215.9145 116.0000 ""
9465 1023741.0142 78216.5249 116.0000 ""
9466 1023729.0349 78216.0332 116.0000 ""
9467 1023706.1396 78218.2969 116.0000 ""
9468 1023691.8452 78219.6434 116.0000 ""
9469 1023688.5468 78229.6233 116.0000 ""
9470 1023673.8668 78249.2197 116.0000 ""
9471 1023659.3958 78254.6848 116.0000 ""
9472 1023645.0475 78254.7850 116.0000 ""
9473 1023623.0104 78255.1802 116.0000 ""
9474 1023615.4175 78249.0559 116.0000 ""
9475 1023607.1777 78242.7735 116.0000 ""
9476 1023599.9316 78231.5247 116.0000 ""
9477 1023592.7249 78221.6672 116.0000 ""
9478 1023584.7554 78204.3067 116.0000 ""
9479 1023580.1375 78201.2963 116.0000 ""
9480 1023576.9448 78180.0028 116.0000 ""
9481 1023568.3970 78176.9993 116.0000 ""
9482 1023564.2323 78159.6791 116.0000 ""
9483 1023557.3817 78138.5121 116.0000 ""
9484 1023552.5858 78126.8394 116.0000 ""
9485 1023541.5979 78108.3346 116.0000 ""
9486 1023534.8935 78104.8104 116.0000 ""
9487 1023526.8831 78103.5023 116.0000 ""
9488 1023502.6221 78093.3841 116.0000 ""
9489 1023496.2136 78089.9951 116.0000 ""
9490 1023485.3010 78079.8199 116.0000 ""
9491 1023479.7879 78074.0885 116.0000 ""
9492 1023479.1453 78069.8563 116.0000 ""
9493 1023478.8412 78049.8778 116.0000 ""
9494 1023479.7612 78044.6420 116.0000 ""
9495 1023482.2861 78014.7321 116.0000 ""
9496 1023482.5831 78013.5825 116.0000 ""
9497 1023483.4588 78011.7547 116.0000 ""
9498 1023489.8241 77995.2041 116.0000 ""
9499 1023491.2791 77987.1889 116.0000 ""
9500 1023490.9189 77967.7144 116.0000 ""
9501 1023490.8539 77967.4395 116.0000 ""
9502 1023487.2681 77944.2882 116.0000 ""
9503 1023487.0576 77941.7011 116.0000 ""
9504 1023486.6574 77939.0472 116.0000 ""
9505 1023478.8769 77921.3944 116.0000 ""
9506 1023471.8071 77898.8020 116.0000 ""
9507 1023467.9582 77894.2574 116.0000 ""
9508 1023465.2636 77890.9805 116.0000 ""
9509 1023453.4871 77879.3036 116.0000 ""
9510 1023452.8021 77834.9668 116.0000 ""
9511 1023450.9776 77826.5928 116.0000 ""
9512 1023455.9286 77819.7164 116.0000 ""
9513 1023453.0771 77819.4644 116.0000 ""
9514 1023452.1344 77793.0663 116.0000 ""
9515 1023451.1394 77789.6686 116.0000 ""
9516 1023459.1801 77711.7439 116.0000 ""
9517 1023459.3144 77710.2854 116.0000 ""
9518 1023459.2393 77708.9644 116.0000 ""
9519 1023464.8546 77657.7315 116.0000 ""
9520 1023463.3018 77652.6203 116.0000 ""
9521 1023455.0034 77624.6541 116.0000 ""
9522 1023447.1964 77612.0841 116.0000 ""
9523 1023445.5121 77601.4114 116.0000 ""
9524 1023441.7995 77574.5412 116.0000 ""
9525 1023447.6165 77562.2361 116.0000 ""
9526 1023467.6453 77537.0745 116.0000 ""
9527 1023471.5362 77528.5866 116.0000 ""
9528 1023489.5293 77494.9430 116.0000 ""
9529 1023490.6881 77491.6445 116.0000 ""
9530 1023495.1003 77489.5212 116.0000 ""
9531 1023518.1180 77474.5331 116.0000 ""
9532 1023517.0809 77468.8298 116.0000 ""
9533 1023516.5921 77445.7696 116.0000 ""
9534 1023522.6573 77433.3762 116.0000 ""
9535 1023535.8099 77423.6561 116.0000 ""
9536 1023540.8100 77415.3940 116.0000 ""
9537 1023553.2546 77395.8275 116.0000 ""
9538 1023558.6850 77385.1678 116.0000 ""
9539 1023562.1294 77383.5713 116.0000 ""
9540 1023562.1759 77382.3890 116.0000 ""
9541 1023560.2035 77361.5914 116.0000 ""
9542 1023573.8905 77338.0097 116.0000 ""
9543 1023576.1837 77336.4289 116.0000 ""
9544 1023594.7759 77332.4392 116.0000 ""
9545 1023598.8448 77329.8191 116.0000 ""
9546 1023590.7272 77305.7822 116.0000 ""
9547 1023588.7123 77299.3525 116.0000 ""
9548 1023578.7003 77287.4384 116.0000 ""
9549 1023565.6108 77295.3929 116.0000 ""
9550 1023545.1304 77297.6700 116.0000 ""
9551 1023534.3387 77294.8390 116.0000 ""
9552 1023522.7119 77288.0134 116.0000 ""
9553 1023511.3687 77289.0997 116.0000 ""
9554 1023509.4309 77288.2960 116.0000 ""
9555 1023499.1808 77293.2376 116.0000 ""
9556 1023497.6864 77292.3246 116.0000 ""
9557 1023490.6793 77299.0331 116.0000 ""
9558 1023480.1759 77307.0786 116.0000 ""
9559 1023475.1245 77314.8556 116.0000 ""
9560 1023468.7888 77308.5428 116.0000 ""
9561 1023460.6483 77302.5327 116.0000 ""
9562 1023448.8374 77291.0207 116.0000 ""
9563 1023888.4714 78253.2668 114.0000 ""
9564 1023884.0926 78253.6722 114.0000 ""
9565 1023883.7474 78253.6624 114.0000 ""
9566 1023853.3323 78250.2408 114.0000 ""
9567 1023838.0792 78245.5592 114.0000 ""
9568 1023814.0592 78243.5672 114.0000 ""
9569 1023790.6190 78237.1617 114.0000 ""
9570 1023775.4364 78231.9745 114.0000 ""
9571 1023761.0963 78228.0046 114.0000 ""
9572 1023748.4543 78228.3981 114.0000 ""
9573 1023738.3123 78228.5324 114.0000 ""
9574 1023730.8406 78229.1879 114.0000 ""
9575 1023697.5666 78232.7166 114.0000 ""
9576 1023691.7280 78235.2073 114.0000 ""
9577 1023676.8467 78255.0725 114.0000 ""
9578 1023657.1867 78262.4974 114.0000 ""
9579 1023648.5942 78262.5573 114.0000 ""
9580 1023620.0431 78263.0694 114.0000 ""
9581 1023618.1177 78261.5164 114.0000 ""
9582 1023605.6255 78251.9918 114.0000 ""
9583 1023594.6399 78234.9378 114.0000 ""
9584 1023583.7140 78219.9930 114.0000 ""
9585 1023578.2487 78208.0877 114.0000 ""
9586 1023569.4238 78202.3345 114.0000 ""
9587 1023567.7643 78191.2673 114.0000 ""
9588 1023549.4791 78184.8421 114.0000 ""
9589 1023540.5701 78147.7911 114.0000 ""
9590 1023539.5668 78144.6913 114.0000 ""
9591 1023536.7148 78137.7498 114.0000 ""
9592 1023531.3468 78123.5701 114.0000 ""
9593 1023530.8735 78114.8496 114.0000 ""
9594 1023500.4313 78102.1534 114.0000 ""
9595 1023487.3595 78095.2408 114.0000 ""
9596 1023487.3404 78095.2276 114.0000 ""
9597 1023487.3164 78095.2041 114.0000 ""
9598 1023468.9015 78076.0598 114.0000 ""
9599 1023466.7498 78061.8904 114.0000 ""
9600 1023466.5884 78051.2860 114.0000 ""
9601 1023469.2604 78036.0788 114.0000 ""
9602 1023470.6818 78019.2407 114.0000 ""
9603 1023474.2617 78005.3872 114.0000 ""
9604 1023482.0565 77989.1176 114.0000 ""
9605 1023482.1905 77986.0184 114.0000 ""
9606 1023480.0592 77965.8204 114.0000 ""
9607 1023478.3580 77947.9732 114.0000 ""
9608 1023477.4257 77943.4024 114.0000 ""
9609 1023471.9372 77928.5254 114.0000 ""
9610 1023469.8077 77923.6937 114.0000 ""
9611 1023468.7873 77920.4328 114.0000 ""
9612 1023451.1517 77899.6099 114.0000 ""
9613 1023438.8053 77884.5953 114.0000 ""
9614 1023435.4993 77881.3171 114.0000 ""
9615 1023435.1065 77855.8962 114.0000 ""
9616 1023434.6854 77830.5961 114.0000 ""
9617 1023433.4956 77823.8982 114.0000 ""
9618 1023419.2327 77788.1852 114.0000 ""
9619 1023417.0406 77783.8546 114.0000 ""
9620 1023411.6840 77766.5935 114.0000 ""
9621 1023409.5665 77727.4361 114.0000 ""
9622 1023430.7608 77703.9867 114.0000 ""
9623 1023446.3016 77663.9755 114.0000 ""
9624 1023449.8232 77653.5241 114.0000 ""
9625 1023431.3170 77623.7271 114.0000 ""
9626 1023425.8244 77588.9223 114.0000 ""
9627 1023424.6107 77580.1379 114.0000 ""
9628 1023435.9610 77556.1278 114.0000 ""
9629 1023439.4767 77551.7111 114.0000 ""
9630 1023452.4885 77523.3265 114.0000 ""
9631 1023459.8171 77509.6235 114.0000 ""
9632 1023470.1915 77480.0915 114.0000 ""
9633 1023490.7982 77470.1746 114.0000 ""
9634 1023495.5890 77462.9191 114.0000 ""
9635 1023494.0215 77436.0781 114.0000 ""
9636 1023511.3117 77426.6144 114.0000 ""
9637 1023521.0025 77419.4528 114.0000 ""
9638 1023525.8889 77411.3784 114.0000 ""
9639 1023526.9058 77390.3064 114.0000 ""
9640 1023543.7844 77374.2989 114.0000 ""
9641 1023549.0743 77364.4834 114.0000 ""
9642 1023549.8500 77363.7334 114.0000 ""
9643 1023549.4676 77359.7016 114.0000 ""
9644 1023553.3677 77352.9820 114.0000 ""
9645 1023550.8138 77332.7834 114.0000 ""
9646 1023565.7876 77318.8193 114.0000 ""
9647 1023566.0272 77318.6651 114.0000 ""
9648 1023565.9433 77318.4167 114.0000 ""
9649 1023565.6084 77317.3480 114.0000 ""
9650 1023544.2409 77306.3681 114.0000 ""
9651 1023532.7142 77307.6497 114.0000 ""
9652 1023531.9525 77307.4499 114.0000 ""
9653 1023531.1318 77306.9681 114.0000 ""
9654 1023513.9848 77308.6103 114.0000 ""
9655 1023509.8589 77309.5432 114.0000 ""
9656 1023508.9878 77309.7850 114.0000 ""
9657 1023495.0241 77322.1133 114.0000 ""
9658 1023489.6316 77324.6574 114.0000 ""
9659 1023484.6546 77330.5948 114.0000 ""
9660 1023478.3303 77340.3316 114.0000 ""
9661 1023456.9702 77319.0489 114.0000 ""
9662 1023445.7057 77310.7325 114.0000 ""
9663 1023878.7396 78264.0620 112.0000 ""
9664 1023874.8130 78260.4406 112.0000 ""
9665 1023862.6889 78258.4110 112.0000 ""
9666 1023850.2521 78257.0119 112.0000 ""
9667 1023844.3630 78255.2044 112.0000 ""
9668 1023808.0698 78252.1945 112.0000 ""
9669 1023790.0404 78247.2677 112.0000 ""
9670 1023779.9941 78244.4386 112.0000 ""
9671 1023775.5808 78243.9248 112.0000 ""
9672 1023760.9281 78239.8570 112.0000 ""
9673 1023746.9400 78240.0422 112.0000 ""
9674 1023726.0196 78241.8777 112.0000 ""
9675 1023708.0366 78243.7848 112.0000 ""
9676 1023685.4485 78253.4205 112.0000 ""
9677 1023679.8265 78260.9254 112.0000 ""
9678 1023654.9775 78270.3099 112.0000 ""
9679 1023652.1408 78270.3297 112.0000 ""
9680 1023638.9922 78270.5655 112.0000 ""
9681 1023618.5930 78270.8238 112.0000 ""
9682 1023608.3603 78264.4787 112.0000 ""
9683 1023604.0733 78261.2101 112.0000 ""
9684 1023589.3482 78238.3509 112.0000 ""
9685 1023574.7031 78218.3189 112.0000 ""
9686 1023571.7420 78211.8686 112.0000 ""
9687 1023558.7100 78203.3728 112.0000 ""
9688 1023558.5838 78202.5317 112.0000 ""
9689 1023555.8398 78201.5675 112.0000 ""
9690 1023540.5394 78192.0677 112.0000 ""
9691 1023537.1296 78189.1902 112.0000 ""
9692 1023520.7130 78143.7208 112.0000 ""
9693 1023520.4469 78143.2745 112.0000 ""
9694 1023520.2480 78142.7290 112.0000 ""
9695 1023518.9913 78119.5770 112.0000 ""
9696 1023498.2405 78110.9227 112.0000 ""
9697 1023489.3302 78106.2108 112.0000 ""
9698 1023479.0085 78099.1098 112.0000 ""
9699 1023466.0627 78086.3976 112.0000 ""
9700 1023458.0150 78078.0312 112.0000 ""
9701 1023454.3543 78053.9245 112.0000 ""
9702 1023454.3355 78052.6941 112.0000 ""
9703 1023458.7596 78027.5156 112.0000 ""
9704 1023459.0775 78023.7494 112.0000 ""
9705 1023465.9403 77997.1919 112.0000 ""
9706 1023469.0601 77990.6800 112.0000 ""
9707 1023469.8915 77971.4508 112.0000 ""
9708 1023469.1048 77963.9958 112.0000 ""
9709 1023468.4769 77957.4085 112.0000 ""
9710 1023465.8293 77944.4283 112.0000 ""
9711 1023461.7703 77933.4261 112.0000 ""
9712 1023458.1962 77928.6699 112.0000 ""
9713 1023435.7308 77906.0127 112.0000 ""
9714 1023434.9784 77905.4383 112.0000 ""
9715 1023434.4500 77904.8660 112.0000 ""
9716 1023433.3952 77903.6496 112.0000 ""
9717 1023418.7573 77885.1398 112.0000 ""
9718 1023417.2681 77871.5588 112.0000 ""
9719 1023416.8043 77843.6896 112.0000 ""
9720 1023413.0726 77822.6825 112.0000 ""
9721 1023409.7297 77814.3120 112.0000 ""
9722 1023392.3296 77779.9366 112.0000 ""
9723 1023388.4274 77767.3621 112.0000 ""
9724 1023372.8803 77761.1629 112.0000 ""
9725 1023363.0403 77761.0895 112.0000 ""
9726 1023355.1829 77752.7114 112.0000 ""
9727 1023873.1638 78274.6921 110.0000 ""
9728 1023865.0101 78267.1720 110.0000 ""
9729 1023847.4030 78264.2246 110.0000 ""
9730 1023834.1698 78263.1089 110.0000 ""
9731 1023829.8518 78262.7449 110.0000 ""
9732 1023810.3255 78261.0987 110.0000 ""
9733 1023805.6082 78261.6218 110.0000 ""
9734 1023801.4183 78260.5203 110.0000 ""
9735 1023780.5328 78254.6390 110.0000 ""
9736 1023764.9953 78252.8301 110.0000 ""
9737 1023760.1721 78251.4911 110.0000 ""
9738 1023755.5677 78251.5521 110.0000 ""
9739 1023721.1986 78254.5674 110.0000 ""
9740 1023718.5067 78254.8529 110.0000 ""
9741 1023708.3695 78259.1773 110.0000 ""
9742 1023682.9720 78268.0481 110.0000 ""
9743 1023676.5151 78270.6487 110.0000 ""
9744 1023654.1431 78279.4305 110.0000 ""
9745 1023647.1648 78278.1386 110.0000 ""
9746 1023617.9236 78278.5089 110.0000 ""
9747 1023606.5923 78271.4826 110.0000 ""
9748 1023600.9258 78267.4227 110.0000 ""
9749 1023594.2078 78257.5228 110.0000 ""
9750 1023584.0566 78241.7640 110.0000 ""
9751 1023565.6922 78216.6448 110.0000 ""
9752 1023565.2354 78215.6496 110.0000 ""
9753 1023563.0169 78214.2033 110.0000 ""
9754 1023552.4817 78207.4557 110.0000 ""
9755 1023538.6343 78198.8581 110.0000 ""
9756 1023529.4107 78191.0747 110.0000 ""
9757 1023516.3887 78155.0072 110.0000 ""
9758 1023511.4618 78146.7439 110.0000 ""
9759 1023507.7789 78136.6437 110.0000 ""
9760 1023507.1092 78124.3045 110.0000 ""
9761 1023496.0497 78119.6921 110.0000 ""
9762 1023491.3008 78117.1807 110.0000 ""
9763 1023470.6765 78102.9919 110.0000 ""
9764 1023452.0091 78084.6613 110.0000 ""
9765 1023447.1977 78081.9536 110.0000 ""
9766 1023433.7837 78075.4507 110.0000 ""
9767 1023428.9080 78071.0122 110.0000 ""
9768 1023434.4805 78048.7863 110.0000 ""
9769 1023437.2576 78036.8469 110.0000 ""
9770 1023429.4662 78025.7429 110.0000 ""
9771 1023444.1609 78013.4098 110.0000 ""
9772 1023452.7822 77991.7929 110.0000 ""
9773 1023454.9742 77986.8573 110.0000 ""
9774 1023455.7589 77962.5805 110.0000 ""
9775 1023454.8049 77948.2588 110.0000 ""
9776 1023454.2328 77945.4543 110.0000 ""
9777 1023453.9423 77944.6667 110.0000 ""
9778 1023446.0690 77934.1893 110.0000 ""
9779 1023437.0962 77925.1400 110.0000 ""
9780 1023427.7012 77917.9677 110.0000 ""
9781 1023867.5881 78285.3222 108.0000 ""
9782 1023855.2072 78273.9034 108.0000 ""
9783 1023844.9456 78272.1857 108.0000 ""
9784 1023823.3366 78270.3638 108.0000 ""
9785 1023807.7485 78272.0926 108.0000 ""
9786 1023793.9034 78268.4528 108.0000 ""
9787 1023781.0715 78264.8393 108.0000 ""
9788 1023765.1614 78262.9871 108.0000 ""
9789 1023757.6068 78263.3372 108.0000 ""
9790 1023728.5627 78265.7523 108.0000 ""
9791 1023720.7564 78266.0970 108.0000 ""
9792 1023711.8273 78268.2431 108.0000 ""
9793 1023686.3734 78277.1336 108.0000 ""
9794 1023663.4797 78286.3543 108.0000 ""
9795 1023654.6447 78289.8224 108.0000 ""
9796 1023633.9067 78285.9831 108.0000 ""
9797 1023617.2542 78286.1939 108.0000 ""
9798 1023610.8012 78282.1926 108.0000 ""
9799 1023597.1160 78272.3876 108.0000 ""
9800 1023580.8915 78248.4785 108.0000 ""
9801 1023578.7649 78245.1771 108.0000 ""
9802 1023574.1032 78238.8008 108.0000 ""
9803 1023560.7645 78223.2386 108.0000 ""
9804 1023556.2019 78217.9259 108.0000 ""
9805 1023546.6555 78211.8116 108.0000 ""
9806 1023536.7291 78205.6485 108.0000 ""
9807 1023521.6918 78192.9591 108.0000 ""
9808 1023512.0643 78166.2935 108.0000 ""
9809 1023502.4767 78150.2133 108.0000 ""
9810 1023495.3098 78130.5583 108.0000 ""
9811 1023495.2270 78129.0319 108.0000 ""
9812 1023493.8589 78128.4614 108.0000 ""
9813 1023493.2714 78128.1507 108.0000 ""
9814 1023468.1271 78110.8522 108.0000 ""
9815 1023462.7663 78107.3383 108.0000 ""
9816 1023462.2748 78106.9248 108.0000 ""
9817 1023459.8886 78105.7396 108.0000 ""
9818 1023436.6202 78092.6448 108.0000 ""
9819 1023431.5267 78090.1755 108.0000 ""
9820 1023420.2857 78081.6303 108.0000 ""
9821 1023408.5292 78076.0359 108.0000 ""
9822 1023409.3983 78062.8190 108.0000 ""
9823 1023411.2968 78054.7884 108.0000 ""
9824 1023407.0146 78048.7691 108.0000 ""
9825 1023399.0166 78030.9225 108.0000 ""
9826 1023400.9212 78020.3615 108.0000 ""
9827 1023418.8048 78004.6974 108.0000 ""
9828 1023427.9037 77997.0608 108.0000 ""
9829 1023429.9204 77992.0041 108.0000 ""
9830 1023438.7022 77972.2307 108.0000 ""
9831 1023439.0412 77961.7421 108.0000 ""
9832 1023438.5301 77954.0691 108.0000 ""
9833 1023434.4332 77944.9666 108.0000 ""
9834 1023430.6331 77938.2908 108.0000 ""
9835 1023417.9714 77928.6248 108.0000 ""
9836 1023403.5832 77913.0419 108.0000 ""
9837 1023399.5173 77908.3527 108.0000 ""
9838 1023383.0701 77890.1877 108.0000 ""
9839 1023381.0852 77874.7326 108.0000 ""
9840 1023370.5411 77857.3731 108.0000 ""
9841 1023357.2312 77846.1416 108.0000 ""
9842 1023341.8903 77842.6722 108.0000 ""
9843 1023297.0926 77821.1694 108.0000 ""
9844 1023291.1413 77816.9042 108.0000 ""
9845 1023289.0425 77814.6664 108.0000 ""
9846 1023862.0124 78295.9523 106.0000 ""
9847 1023845.4043 78280.6349 106.0000 ""
9848 1023842.4883 78280.1467 106.0000 ""
9849 1023836.3476 78279.6290 106.0000 ""
9850 1023809.8888 78282.5634 106.0000 ""
9851 1023786.3884 78276.3853 106.0000 ""
9852 1023781.6102 78275.0397 106.0000 ""
9853 1023775.6857 78274.3500 106.0000 ""
9854 1023753.2984 78275.3877 106.0000 ""
9855 1023738.5303 78276.6156 106.0000 ""
9856 1023721.2497 78277.3787 106.0000 ""
9857 1023701.4839 78282.1294 106.0000 ""
9858 1023689.7748 78286.2191 106.0000 ""
9859 1023665.8913 78295.8384 106.0000 ""
9860 1023656.8103 78299.3792 106.0000 ""
9861 1023653.5679 78299.8481 106.0000 ""
9862 1023651.2634 78299.6363 106.0000 ""
9863 1023634.9638 78296.4778 106.0000 ""
9864 1023620.6485 78293.8276 106.0000 ""
9865 1023616.5848 78293.8790 106.0000 ""
9866 1023615.0101 78292.9026 106.0000 ""
9867 1023593.3062 78277.3525 106.0000 ""
9868 1023581.4657 78259.9038 106.0000 ""
9869 1023570.3981 78247.6030 106.0000 ""
9870 1023556.7479 78231.6774 106.0000 ""
9871 1023546.6046 78219.8664 106.0000 ""
9872 1023540.8292 78216.1674 106.0000 ""
9873 1023534.8240 78212.4389 106.0000 ""
9874 1023513.9730 78194.8435 106.0000 ""
9875 1023507.7400 78177.5799 106.0000 ""
9876 1023493.4916 78153.6827 106.0000 ""
9877 1023488.3458 78139.5705 106.0000 ""
9878 1023468.1758 78126.3494 106.0000 ""
9879 1023451.6694 78112.4626 106.0000 ""
9880 1023431.9251 78102.6557 106.0000 ""
9881 1023425.0994 78099.3326 106.0000 ""
9882 1023414.0601 78090.9408 106.0000 ""
9883 1023389.0480 78079.0386 106.0000 ""
9884 1023389.3188 78074.9198 106.0000 ""
9885 1023373.8936 78058.1058 106.0000 ""
9886 1023372.7802 78053.8676 106.0000 ""
9887 1023373.5449 78033.9320 106.0000 ""
9888 1023367.0019 78015.7196 106.0000 ""
9889 1023368.5236 78010.7044 106.0000 ""
9890 1023367.7102 78000.4754 106.0000 ""
9891 1023362.2300 77987.0251 106.0000 ""
9892 1023364.6944 77979.8617 106.0000 ""
9893 1023375.7728 77977.8466 106.0000 ""
9894 1023384.8018 77980.2933 106.0000 ""
9895 1023385.9861 77980.2051 106.0000 ""
9896 1023410.4654 77978.8812 106.0000 ""
9897 1023418.6424 77963.0950 106.0000 ""
9898 1023409.0342 77942.2542 106.0000 ""
9899 1023407.8441 77940.9991 106.0000 ""
9900 1023407.7300 77939.5288 106.0000 ""
9901 1023386.6331 77924.2061 106.0000 ""
9902 1023365.9384 77895.5139 106.0000 ""
9903 1023362.1298 77892.9915 106.0000 ""
9904 1023330.3282 77865.9858 106.0000 ""
9905 1023329.7355 77865.3463 106.0000 ""
9906 1023329.4041 77865.1094 106.0000 ""
9907 1023289.0287 77844.2196 106.0000 ""
9908 1023273.6302 77833.2528 106.0000 ""
9909 1023267.4614 77829.2825 106.0000 ""
9910 1023856.4366 78306.5824 104.0000 ""
9911 1023840.8793 78292.2340 104.0000 ""
9912 1023836.4750 78290.6475 104.0000 ""
9913 1023812.1412 78293.1151 104.0000 ""
9914 1023809.5425 78292.6582 104.0000 ""
9915 1023781.3566 78285.6684 104.0000 ""
9916 1023751.4262 78287.3252 104.0000 ""
9917 1023748.9899 78287.4381 104.0000 ""
9918 1023748.4979 78287.4790 104.0000 ""
9919 1023721.7431 78288.6604 104.0000 ""
9920 1023702.3261 78293.3272 104.0000 ""
9921 1023693.6672 78295.4018 104.0000 ""
9922 1023691.5963 78295.8673 104.0000 ""
9923 1023662.1031 78307.3672 104.0000 ""
9924 1023649.5253 78309.1861 104.0000 ""
9925 1023640.5860 78308.3643 104.0000 ""
9926 1023619.2848 78304.2366 104.0000 ""
9927 1023610.1867 78298.6960 104.0000 ""
9928 1023596.2475 78287.1543 104.0000 ""
9929 1023589.4964 78282.3174 104.0000 ""
9930 1023587.0485 78278.7099 104.0000 ""
9931 1023560.9227 78249.6730 104.0000 ""
9932 1023552.7313 78240.1162 104.0000 ""
9933 1023537.0073 78221.8070 104.0000 ""
9934 1023535.0030 78220.5232 104.0000 ""
9935 1023532.9188 78219.2292 104.0000 ""
9936 1023506.2541 78196.7279 104.0000 ""
9937 1023503.4156 78188.8662 104.0000 ""
9938 1023484.5064 78157.1521 104.0000 ""
9939 1023482.2866 78151.0641 104.0000 ""
9940 1023473.5853 78145.3606 104.0000 ""
9941 1023441.0640 78118.0004 104.0000 ""
9942 1023429.7409 78112.3762 104.0000 ""
9943 1023413.1760 78104.3117 104.0000 ""
9944 1023407.8345 78100.2512 104.0000 ""
9945 1023392.2912 78092.8548 104.0000 ""
9946 1023388.3701 78101.3547 104.0000 ""
9947 1023367.1707 78104.4811 104.0000 ""
9948 1023354.7242 78095.6055 104.0000 ""
9949 1023347.5201 78085.1545 104.0000 ""
9950 1023330.0923 78070.4855 104.0000 ""
9951 1023322.1735 78067.8185 104.0000 ""
9952 1023321.2767 78061.3175 104.0000 ""
9953 1023331.4706 78045.5894 104.0000 ""
9954 1023341.9788 78031.1624 104.0000 ""
9955 1023351.1462 78025.8184 104.0000 ""
9956 1023357.8686 78013.2366 104.0000 ""
9957 1023357.9549 78012.9521 104.0000 ""
9958 1023357.9500 78012.8912 104.0000 ""
9959 1023357.8110 78012.5500 104.0000 ""
9960 1023349.8698 77987.5524 104.0000 ""
9961 1023347.2333 77981.1976 104.0000 ""
9962 1023350.7135 77969.9236 104.0000 ""
9963 1023352.2207 77963.1307 104.0000 ""
9964 1023372.3248 77961.1880 104.0000 ""
9965 1023372.3064 77953.5235 104.0000 ""
9966 1023371.2594 77940.0310 104.0000 ""
9967 1023369.0309 77938.4125 104.0000 ""
9968 1023366.8449 77935.3818 104.0000 ""
9969 1023346.5578 77921.9452 104.0000 ""
9970 1023337.2826 77915.1463 104.0000 ""
9971 1023336.5898 77914.4516 104.0000 ""
9972 1023332.8537 77910.9448 104.0000 ""
9973 1023307.5457 77883.6353 104.0000 ""
9974 1023295.3988 77874.9529 104.0000 ""
9975 1023292.7022 77872.3938 104.0000 ""
9976 1023291.9217 77871.6499 104.0000 ""
9977 1023261.1835 77849.7582 104.0000 ""
9978 1023247.8098 77841.1507 104.0000 ""
9979 1023850.8609 78317.2125 102.0000 ""
9980 1023839.8288 78307.0377 102.0000 ""
9981 1023828.1208 78302.8203 102.0000 ""
9982 1023815.0565 78304.1451 102.0000 ""
9983 1023794.4995 78300.5308 102.0000 ""
9984 1023779.9474 78296.9220 102.0000 ""
9985 1023762.9009 78297.8656 102.0000 ""
9986 1023753.5818 78299.7375 102.0000 ""
9987 1023745.9307 78298.2104 102.0000 ""
9988 1023726.3254 78299.2175 102.0000 ""
9989 1023719.7442 78300.5049 102.0000 ""
9990 1023700.3841 78305.1433 102.0000 ""
9991 1023684.3312 78308.7518 102.0000 ""
9992 1023667.3958 78315.3552 102.0000 ""
9993 1023645.4828 78318.5241 102.0000 ""
9994 1023629.9087 78317.0924 102.0000 ""
9995 1023623.5909 78315.8681 102.0000 ""
9996 1023601.0578 78302.1459 102.0000 ""
9997 1023588.1152 78291.4294 102.0000 ""
9998 1023581.7832 78286.4425 102.0000 ""
9999 1023563.5785 78265.2260 102.0000 ""
10000 1023551.4472 78251.7430 102.0000 ""
10001 1023548.7147 78248.5550 102.0000 ""
10002 1023539.0604 78237.3134 102.0000 ""
10003 1023531.5393 78229.6972 102.0000 ""
10004 1023526.8303 78225.7512 102.0000 ""
10005 1023499.5421 78200.7144 102.0000 ""
10006 1023498.4272 78199.1842 102.0000 ""
10007 1023497.2781 78197.7641 102.0000 ""
10008 1023475.6752 78161.8182 102.0000 ""
10009 1023472.4616 78158.9716 102.0000 ""
10010 1023456.7325 78145.6425 102.0000 ""
10011 1023430.4586 78123.5381 102.0000 ""
10012 1023427.5566 78122.0967 102.0000 ""
10013 1023405.8097 78111.5094 102.0000 ""
10014 1023402.2801 78110.3106 102.0000 ""
10015 1023401.0352 78110.4677 102.0000 ""
10016 1023394.8986 78110.6693 102.0000 ""
10017 1023357.6673 78116.1601 102.0000 ""
10018 1023354.3859 78113.8202 102.0000 ""
10019 1023339.0556 78091.5806 102.0000 ""
10020 1023328.7452 78082.9023 102.0000 ""
10021 1023308.5153 78076.0890 102.0000 ""
10022 1023306.2240 78059.4811 102.0000 ""
10023 1023332.2662 78019.3005 102.0000 ""
10024 1023334.6171 78016.0729 102.0000 ""
10025 1023336.6681 78014.8773 102.0000 ""
10026 1023338.2037 78012.0032 102.0000 ""
10027 1023342.8894 77996.7498 102.0000 ""
10028 1023343.3070 77995.3110 102.0000 ""
10029 1023342.7634 77992.9916 102.0000 ""
10030 1023334.6633 77973.4676 102.0000 ""
10031 1023335.4499 77970.9193 102.0000 ""
10032 1023337.4066 77962.1003 102.0000 ""
10033 1023338.4108 77948.8530 102.0000 ""
10034 1023326.7445 77934.3417 102.0000 ""
10035 1023324.5051 77932.2679 102.0000 ""
10036 1023324.1248 77931.9296 102.0000 ""
10037 1023312.0577 77919.8286 102.0000 ""
10038 1023303.7769 77912.0562 102.0000 ""
10039 1023299.5971 77907.7399 102.0000 ""
10040 1023286.5608 77897.3400 102.0000 ""
10041 1023278.3531 77889.5510 102.0000 ""
10042 1023269.2485 77880.8719 102.0000 ""
10043 1023248.7368 77866.2635 102.0000 ""
10044 1023228.1583 77853.0190 102.0000 ""
10045 1023845.2852 78327.8426 100.0000 ""
10046 1023838.7783 78321.8414 100.0000 ""
10047 1023819.7667 78314.9931 100.0000 ""
10048 1023817.9718 78315.1751 100.0000 ""
10049 1023779.4566 78308.4034 100.0000 ""
10050 1023778.5381 78308.1756 100.0000 ""
10051 1023777.4622 78308.2351 100.0000 ""
10052 1023758.4913 78312.0458 100.0000 ""
10053 1023742.9161 78308.9371 100.0000 ""
10054 1023732.6614 78309.4639 100.0000 ""
10055 1023729.8072 78310.0222 100.0000 ""
10056 1023725.3909 78310.8861 100.0000 ""
10057 1023716.6763 78312.5907 100.0000 ""
10058 1023707.1010 78314.8849 100.0000 ""
10059 1023677.0661 78321.6362 100.0000 ""
10060 1023672.6885 78323.3431 100.0000 ""
10061 1023660.7914 78325.0637 100.0000 ""
10062 1023658.3732 78329.0274 100.0000 ""
10063 1023654.0803 78332.3517 100.0000 ""
10064 1023648.2775 78333.4191 100.0000 ""
10065 1023646.3272 78333.6914 100.0000 ""
10066 1023641.7570 78333.7515 100.0000 ""
10067 1023617.5684 78323.9897 100.0000 ""
10068 1023602.3012 78319.4530 100.0000 ""
10069 1023601.9812 78316.0519 100.0000 ""
10070 1023605.0634 78313.5944 100.0000 ""
10071 1023591.9289 78305.5958 100.0000 ""
10072 1023587.5901 78302.0032 100.0000 ""
10073 1023572.6940 78290.2715 100.0000 ""
10074 1023549.8141 78263.6065 100.0000 ""
10075 1023543.0073 78256.7437 100.0000 ""
10076 1023530.7560 78244.3375 100.0000 ""
10077 1023515.9954 78231.9686 100.0000 ""
10078 1023497.9696 78215.4300 100.0000 ""
10079 1023490.0491 78204.5595 100.0000 ""
10080 1023481.8861 78194.4711 100.0000 ""
10081 1023467.3277 78170.2469 100.0000 ""
10082 1023450.7965 78155.6033 100.0000 ""
10083 1023426.9958 78135.4342 100.0000 ""
10084 1023418.5104 78135.5757 100.0000 ""
10085 1023406.7825 78131.5926 100.0000 ""
10086 1023385.6375 78134.2600 100.0000 ""
10087 1023366.5485 78134.8872 100.0000 ""
10088 1023352.3119 78125.8535 100.0000 ""
10089 1023351.5132 78125.0172 100.0000 ""
10090 1023345.3799 78120.2321 100.0000 ""
10091 1023338.0943 78108.8915 100.0000 ""
10092 1023330.5912 78098.0067 100.0000 ""
10093 1023327.3981 78095.3191 100.0000 ""
10094 1023306.5230 78088.2885 100.0000 ""
10095 1023298.6710 78085.5451 100.0000 ""
10096 1023296.1061 78084.7879 100.0000 ""
10097 1023293.5593 78083.3137 100.0000 ""
10098 1023291.4716 78059.8212 100.0000 ""
10099 1023291.1713 78057.6447 100.0000 ""
10100 1023291.9732 78056.4075 100.0000 ""
10101 1023307.5247 78027.2671 100.0000 ""
10102 1023840.2811 78338.9545 98.0000 ""
10103 1023902.6080 78355.9338 98.0000 ""
10104 1023839.7095 78338.4727 98.0000 ""
10105 1023837.7278 78336.6451 98.0000 ""
10106 1023830.8183 78334.1561 98.0000 ""
10107 1023798.0498 78331.9699 98.0000 ""
10108 1023783.6880 78332.1230 98.0000 ""
10109 1023779.7547 78335.0241 98.0000 ""
10110 1023768.0112 78334.1014 98.0000 ""
10111 1023717.3231 78330.8317 98.0000 ""
10112 1023745.2348 78320.9604 98.0000 ""
10113 1023745.2353 78319.9121 98.0000 ""
10114 1023741.4605 78319.9750 98.0000 ""
10115 1023739.9015 78319.6638 98.0000 ""
10116 1023738.9975 78319.7103 98.0000 ""
10117 1023718.3756 78323.7441 98.0000 ""
10118 1023713.6377 78327.0760 98.0000 ""
10119 1023707.8430 78331.9149 98.0000 ""
10120 1023686.7359 78336.2220 98.0000 ""
10121 1023683.5414 78336.8581 98.0000 ""
10122 1023680.4322 78336.0223 98.0000 ""
10123 1023661.5422 78339.4968 98.0000 ""
10124 1023653.1986 78340.6619 98.0000 ""
10125 1023633.6476 78340.9191 98.0000 ""
10126 1023609.1815 78331.0453 98.0000 ""
10127 1023590.2701 78324.0141 98.0000 ""
10128 1023586.4239 78316.2552 98.0000 ""
10129 1023573.1944 78301.6531 98.0000 ""
10130 1023563.6048 78294.1006 98.0000 ""
10131 1023556.0407 78285.2851 98.0000 ""
10132 1023535.6053 78264.6817 98.0000 ""
10133 1023529.9727 78258.9779 98.0000 ""
10134 1023505.1605 78238.1860 98.0000 ""
10135 1023496.3970 78230.1456 98.0000 ""
10136 1023481.6711 78209.9347 98.0000 ""
10137 1023466.4941 78191.1781 98.0000 ""
10138 1023458.9803 78178.6756 98.0000 ""
10139 1023429.1314 78152.2351 98.0000 ""
10140 1023427.2885 78150.6734 98.0000 ""
10141 1023423.6544 78150.7340 98.0000 ""
10142 1023412.2725 78151.9281 98.0000 ""
10143 1023407.9794 78150.9003 98.0000 ""
10144 1023381.9975 78153.4117 98.0000 ""
10145 1023377.1128 78153.1395 98.0000 ""
10146 1023374.9148 78152.2081 98.0000 ""
10147 1023369.1128 78147.0305 98.0000 ""
10148 1023349.2700 78134.4394 98.0000 ""
10149 1023347.2272 78132.3003 98.0000 ""
10150 1023331.5398 78120.0616 98.0000 ""
10151 1023322.6505 78106.2246 98.0000 ""
10152 1023304.2502 78099.7957 98.0000 ""
10153 1023288.7481 78095.2194 98.0000 ""
10154 1023278.8640 78089.4977 98.0000 ""
10155 1023276.8828 78088.1625 98.0000 ""
10156 1023276.2150 78086.8056 98.0000 ""
10157 1023274.9103 78082.2310 98.0000 ""
10158 1023275.6771 78080.5812 98.0000 ""
10159 1023277.6080 78056.2335 98.0000 ""
10160 1023280.1582 78046.8323 98.0000 ""
10161 1023297.7743 78010.3492 98.0000 ""
10162 1023298.0118 78000.6137 98.0000 ""
10163 1023296.7931 77997.3886 98.0000 ""
10164 1023296.9350 77976.2006 98.0000 ""
10165 1023278.2187 77956.3686 98.0000 ""
10166 1023258.9160 77936.7569 98.0000 ""
10167 1023239.8894 77928.5874 98.0000 ""
10168 1023224.0829 77899.4883 98.0000 ""
10169 1023223.9020 77899.3159 98.0000 ""
10170 1023223.8435 77899.2743 98.0000 ""
10171 1023188.8552 77876.7554 98.0000 ""
10172 1023765.3607 78356.3131 96.0000 ""
10173 1023784.3872 78361.4536 96.0000 ""
10174 1023810.7363 78379.6652 96.0000 ""
10175 1023845.0044 78382.5194 96.0000 ""
10176 1023765.3607 78356.3131 96.0000 ""
10177 1023751.0328 78355.1873 96.0000 ""
10178 1023737.7745 78354.3321 96.0000 ""
10179 1023725.2116 78350.2217 96.0000 ""
10180 1023715.0461 78348.1209 96.0000 ""
10181 1023698.1762 78351.4804 96.0000 ""
10182 1023675.6384 78345.4216 96.0000 ""
10183 1023674.8068 78345.5746 96.0000 ""
10184 1023660.0701 78347.6324 96.0000 ""
10185 1023635.2775 78347.9585 96.0000 ""
10186 1023626.2082 78349.0151 96.0000 ""
10187 1023593.8432 78337.3218 96.0000 ""
10188 1023582.9203 78334.0080 96.0000 ""
10189 1023576.1364 78329.7337 96.0000 ""
10190 1023548.3073 78305.1777 96.0000 ""
10191 1023538.2967 78297.9326 96.0000 ""
10192 1023535.1957 78295.3258 96.0000 ""
10193 1023521.5971 78279.1869 96.0000 ""
10194 1023509.7533 78266.4896 96.0000 ""
10195 1023495.3290 78248.3319 96.0000 ""
10196 1023494.0117 78246.5889 96.0000 ""
10197 1023493.6789 78245.6030 96.0000 ""
10198 1023492.6815 78244.1834 96.0000 ""
10199 1023491.4831 78240.0497 96.0000 ""
10200 1023473.8088 78215.5932 96.0000 ""
10201 1023458.6884 78197.2608 96.0000 ""
10202 1023451.1021 78187.8851 96.0000 ""
10203 1023450.6328 78187.1043 96.0000 ""
10204 1023448.5338 78185.2450 96.0000 ""
10205 1023444.2826 78183.5562 96.0000 ""
10206 1023439.0761 78190.7179 96.0000 ""
10207 1023415.8560 78173.4281 96.0000 ""
10208 1023410.7794 78168.0364 96.0000 ""
10209 1023402.0352 78165.9432 96.0000 ""
10210 1023392.8909 78166.8270 96.0000 ""
10211 1023377.0835 78165.9464 96.0000 ""
10212 1023369.9706 78162.9321 96.0000 ""
10213 1023351.1950 78146.1770 96.0000 ""
10214 1023346.2282 78143.0253 96.0000 ""
10215 1023342.9412 78139.5835 96.0000 ""
10216 1023317.6997 78119.8910 96.0000 ""
10217 1023315.1361 78115.9004 96.0000 ""
10218 1023309.8295 78114.0464 96.0000 ""
10219 1023281.3901 78105.6509 96.0000 ""
10220 1023277.3088 78103.2883 96.0000 ""
10221 1023268.6200 78097.4325 96.0000 ""
10222 1023265.6914 78091.4817 96.0000 ""
10223 1023259.9691 78071.4188 96.0000 ""
10224 1023263.3320 78064.1833 96.0000 ""
10225 1023264.0738 78054.8307 96.0000 ""
10226 1023269.2239 78035.8447 96.0000 ""
10227 1023273.1202 78027.7754 96.0000 ""
10228 1023273.7704 78001.1309 96.0000 ""
10229 1023270.4350 77992.3044 96.0000 ""
10230 1023270.4778 77985.9224 96.0000 ""
10231 1023264.8403 77979.9490 96.0000 ""
10232 1023259.0262 77974.0418 96.0000 ""
10233 1023251.9585 77971.0071 96.0000 ""
10234 1023238.4658 77958.0079 96.0000 ""
10235 1023232.8374 77953.0322 96.0000 ""
10236 1023226.3128 77951.4352 96.0000 ""
10237 1023478.9381 78281.6129 94.0000 ""
10238 1023471.0070 78274.3326 94.0000 ""
10239 1023470.8427 78274.1151 94.0000 ""
10240 1023470.8349 78274.0922 94.0000 ""
10241 1023451.3202 78246.3155 94.0000 ""
10242 1023450.1220 78242.1827 94.0000 ""
10243 1023435.5991 78228.4425 94.0000 ""
10244 1023426.0358 78219.7386 94.0000 ""
10245 1023397.6011 78192.8778 94.0000 ""
10246 1023376.0607 78175.5312 94.0000 ""
10247 1023367.9156 78174.8805 94.0000 ""
10248 1023365.0265 78173.6561 94.0000 ""
10249 1023358.7928 78168.0932 94.0000 ""
10250 1023348.6998 78157.4581 94.0000 ""
10251 1023214.0258 77975.8414 94.0000 ""
10252 1023213.0080 77974.2290 94.0000 ""
10253 1023212.0684 77973.5229 94.0000 ""
10254 1023211.1955 77973.3092 94.0000 ""
10255 1023209.6803 77972.1814 94.0000 ""
10256 1023222.6015 77949.4429 96.0000 ""
10257 1023210.3438 77940.3193 96.0000 ""
10258 1023199.8871 77915.0243 96.0000 ""
10259 1023197.6296 77910.6162 96.0000 ""
10260 1023175.9384 77892.9582 96.0000 ""
10261 1023169.2036 77888.6236 96.0000 ""
10262 1023309.6435 78023.2971 100.0000 ""
10263 1023319.6344 78004.5761 100.0000 ""
10264 1023321.3037 77998.8251 100.0000 ""
10265 1023319.0972 77989.4099 100.0000 ""
10266 1023319.5621 77970.4753 100.0000 ""
10267 1023319.6261 77958.2137 100.0000 ""
10268 1023307.9048 77950.0681 100.0000 ""
10269 1023291.5971 77932.7883 100.0000 ""
10270 1023274.4642 77915.3812 100.0000 ""
10271 1023266.1744 77908.7679 100.0000 ""
10272 1023264.0039 77906.7081 100.0000 ""
10273 1023246.5753 77890.0939 100.0000 ""
10274 1023236.2902 77882.7689 100.0000 ""
10275 1023208.5067 77864.8872 100.0000 ""
10276 1023353.6215 78059.3862 106.0000 ""
10277 1023349.5575 78047.4148 106.0000 ""
10278 1023349.1697 78046.4864 106.0000 ""
10279 1023349.3404 78046.2520 106.0000 ""
10280 1023349.4128 78046.2098 106.0000 ""
10281 1023350.2329 78046.7923 106.0000 ""
10282 1023369.1394 78061.9714 106.0000 ""
10283 1023374.8132 78074.8753 106.0000 ""
10284 1023372.3026 78085.4249 106.0000 ""
10285 1023359.3662 78076.3087 106.0000 ""
10286 1023355.1216 78063.8052 106.0000 ""
10287 1023424.5662 77914.9644 110.0000 ""
10288 1023419.0166 77908.9539 110.0000 ""
10289 1023404.1286 77891.7841 110.0000 ""
10290 1023402.8130 77890.1205 110.0000 ""
10291 1023400.7855 77871.6304 110.0000 ""
10292 1023398.9264 77857.1547 110.0000 ""
10293 1023395.8233 77852.0458 110.0000 ""
10294 1023385.8652 77830.0959 110.0000 ""
10295 1023378.1532 77815.4167 110.0000 ""
10296 1023370.4861 77817.2964 110.0000 ""
10297 1023356.0156 77813.8222 110.0000 ""
10298 1023338.8066 77801.4891 110.0000 ""
10299 1023322.1127 77783.6889 110.0000 ""
10300 1023367.1975 77711.5935 112.0000 ""
10301 1023399.4607 77695.5340 112.0000 ""
10302 1023404.8344 77683.3562 112.0000 ""
10303 1023419.0457 77641.1796 112.0000 ""
10304 1023415.4376 77635.3702 112.0000 ""
10305 1023413.0870 77620.4751 112.0000 ""
10306 1023406.5067 77583.3081 112.0000 ""
10307 1023410.5377 77559.7686 112.0000 ""
10308 1023416.0068 77544.2359 112.0000 ""
10309 1023426.0788 77526.6413 112.0000 ""
10310 1023432.8218 77513.9034 112.0000 ""
10311 1023448.1129 77473.0419 112.0000 ""
10312 1023449.6949 77468.5386 112.0000 ""
10313 1023450.3478 77468.2244 112.0000 ""
10314 1023469.0943 77439.8336 112.0000 ""
10315 1023468.7260 77433.5272 112.0000 ""
10316 1023480.1594 77427.2693 112.0000 ""
10317 1023484.8671 77400.1454 112.0000 ""
10318 1023477.5675 77380.3047 112.0000 ""
10319 1023474.8895 77383.7523 112.0000 ""
10320 1023468.3544 77356.3680 112.0000 ""
10321 1023451.5854 77335.9655 112.0000 ""
10322 1023445.1517 77329.5551 112.0000 ""
10323 1023442.6728 77327.7249 112.0000 ""
10324 1023420.4888 77483.9684 110.0000 ""
10325 1023422.3803 77479.5285 110.0000 ""
10326 1023428.5145 77467.6167 110.0000 ""
10327 1023441.4416 77444.7605 110.0000 ""
10328 1023449.3732 77428.5534 110.0000 ""
10329 1023454.7329 77409.4630 110.0000 ""
10330 1023455.9528 77405.3047 110.0000 ""
10331 1023460.1025 77391.6713 110.0000 ""
10332 1023454.9122 77369.9220 110.0000 ""
10333 1023440.0268 77351.8113 110.0000 ""
10334 1023434.9421 77415.1853 108.0000 ""
10335 1023442.8428 77389.2286 108.0000 ""
10336 1023441.4700 77383.4761 108.0000 ""
10337 1023437.5329 77378.6859 108.0000 ""
10338 1023484.5945 77852.1596 120.0000 ""
10339 1023480.7653 77834.5846 120.0000 ""
10340 1023490.6160 77820.9030 120.0000 ""
10341 1023498.5572 77816.9561 120.0000 ""
10342 1023490.8464 77801.4449 120.0000 ""
10343 1023490.4866 77800.8436 120.0000 ""
10344 1023490.5305 77800.7614 120.0000 ""
10345 1023490.1983 77799.0993 120.0000 ""
10346 1023480.0951 77764.5961 120.0000 ""
10347 1023482.2333 77743.8742 120.0000 ""
10348 1023484.8994 77714.9210 120.0000 ""
10349 1023483.4072 77688.6954 120.0000 ""
10350 1023486.3632 77661.7256 120.0000 ""
10351 1023480.8612 77643.6154 120.0000 ""
10352 1023472.5271 77615.5289 120.0000 ""
10353 1023475.4616 77597.8255 120.0000 ""
10354 1023473.5387 77572.6760 120.0000 ""
10355 1023502.8140 77548.3511 120.0000 ""
10356 1023508.5168 77542.2770 120.0000 ""
10357 1023510.4582 77538.6682 120.0000 ""
10358 1023524.8598 77499.5930 120.0000 ""
10359 1023544.2520 77490.0470 120.0000 ""
10360 1023558.9214 77484.9722 120.0000 ""
10361 1023554.3335 77479.9183 120.0000 ""
10362 1023551.7211 77468.3684 120.0000 ""
10363 1023554.0442 77455.9197 120.0000 ""
10364 1023563.3448 77430.3749 120.0000 ""
10365 1023572.2577 77412.0165 120.0000 ""
10366 1023574.2959 77407.8184 120.0000 ""
10367 1023578.2657 77399.6416 120.0000 ""
10368 1023581.5307 77386.7468 120.0000 ""
10369 1023582.0324 77375.9489 120.0000 ""
10370 1023582.2217 77371.1310 120.0000 ""
10371 1023581.6754 77365.3710 120.0000 ""
10372 1023585.4661 77358.8399 120.0000 ""
10373 1023591.0544 77354.9878 120.0000 ""
10374 1023604.7475 77351.8496 120.0000 ""
10375 1023616.6375 77351.3262 120.0000 ""
10376 1023625.0362 77333.2618 120.0000 ""
10377 1023629.7579 77329.7737 120.0000 ""
10378 1023633.9530 77330.8437 120.0000 ""
10379 1023635.1554 77338.9460 120.0000 ""
10380 1023632.0014 77349.2230 120.0000 ""
10381 1023639.7115 77353.0808 120.0000 ""
10382 1023647.7250 77357.1288 120.0000 ""
10383 1023649.8677 77356.7858 120.0000 ""
10384 1023649.3980 77353.6605 120.0000 ""
10385 1023646.4316 77344.1911 120.0000 ""
10386 1023650.2574 77339.0712 120.0000 ""
10387 1023648.5824 77326.1818 120.0000 ""
10388 1023649.7209 77322.8518 120.0000 ""
10389 1023650.0714 77303.0625 120.0000 ""
10390 1023661.2510 77287.7449 120.0000 ""
10391 1023661.1096 77287.3850 120.0000 ""
10392 1023638.7160 77282.4589 120.0000 ""
10393 1023632.1186 77271.1683 120.0000 ""
10394 1023628.0670 77268.1335 120.0000 ""
10395 1023622.0685 77257.2781 120.0000 ""
10396 1023613.6508 77254.9824 120.0000 ""
10397 1023603.8898 77252.6311 120.0000 ""
10398 1023597.8889 77252.7430 120.0000 ""
10399 1023587.2977 77264.9378 120.0000 ""
10400 1023568.2730 77277.3528 120.0000 ""
10401 1023562.8361 77275.8409 120.0000 ""
10402 1023539.1112 77269.6171 120.0000 ""
10403 1023527.7776 77262.9637 120.0000 ""
10404 1023524.4448 77258.6817 120.0000 ""
10405 1023527.7485 77253.3017 120.0000 ""
10406 1023525.6709 77252.4369 120.0000 ""
10407 1023524.6200 77250.8374 120.0000 ""
10408 1023522.6854 77249.6271 120.0000 ""
10409 1023521.4993 77248.2585 120.0000 ""
10410 1023503.7603 77256.0366 120.0000 ""
10411 1023492.7844 77263.3774 120.0000 ""
10412 1023481.4245 77239.0964 120.0000 ""
10413 1023476.7421 77234.3262 120.0000 ""
10414 1023478.0890 77215.3974 120.0000 ""
10415 1023481.8794 77204.7518 120.0000 ""
10416 1023481.1160 77198.1203 120.0000 ""
10417 1023481.0439 77168.0310 120.0000 ""
10418 1023478.8183 77164.3747 120.0000 ""
10419 1023478.9769 77142.9882 120.0000 ""
10420 1023479.4935 77140.1356 120.0000 ""
10421 1023483.8274 77113.8456 120.0000 ""
10422 1023489.6406 77104.0207 120.0000 ""
10423 1023510.6074 77099.2935 120.0000 ""
10424 1023525.7615 77097.4084 120.0000 ""
10425 1023536.3912 77112.7286 120.0000 ""
10426 1023538.0799 77115.3056 120.0000 ""
10427 1023549.8311 77126.7710 120.0000 ""
10428 1023552.3925 77128.7660 120.0000 ""
10429 1023559.0637 77131.7628 120.0000 ""
10430 1023565.7203 77127.6680 120.0000 ""
10431 1023566.7486 77110.5200 120.0000 ""
10432 1023559.9509 77108.0497 120.0000 ""
10433 1023555.8851 77092.3884 120.0000 ""
10434 1023557.2208 77088.0607 120.0000 ""
10435 1023544.2926 77075.6738 120.0000 ""
10436 1023538.5260 77071.0854 120.0000 ""
10437 1023528.5422 77060.7154 120.0000 ""
10438 1023622.7507 77313.0787 116.0000 ""
10439 1023614.1210 77310.0606 116.0000 ""
10440 1023609.9064 77323.8177 116.0000 ""
10441 1023618.0198 77320.7841 116.0000 ""
10442 1023624.6557 77315.8820 116.0000 ""
10443 1023625.5015 77316.0977 116.0000 ""
10444 1023625.9144 77315.9858 116.0000 ""
10445 1023625.7670 77314.3276 116.0000 ""
10446 1023625.1884 77313.2850 116.0000 ""
10447 1023563.0692 77837.3393 130.0000 ""
10448 1023558.3901 77820.1324 130.0000 ""
10449 1023550.5133 77810.7829 130.0000 ""
10450 1023541.7768 77787.4541 130.0000 ""
10451 1023540.2291 77784.8679 130.0000 ""
10452 1023541.2148 77783.0206 130.0000 ""
10453 1023556.9706 77762.5539 130.0000 ""
10454 1023558.4200 77754.7190 130.0000 ""
10455 1023540.5658 77709.8707 130.0000 ""
10456 1023535.8093 77680.7124 130.0000 ""
10457 1023535.6292 77669.7570 130.0000 ""
10458 1023532.7571 77659.5383 130.0000 ""
10459 1023551.0138 77617.5306 130.0000 ""
10460 1023552.6288 77612.5464 130.0000 ""
10461 1023554.5619 77612.1764 130.0000 ""
10462 1023588.1796 77611.1461 130.0000 ""
10463 1023615.4191 77602.7190 130.0000 ""
10464 1023600.8051 77585.1406 130.0000 ""
10465 1023591.1448 77562.8013 130.0000 ""
10466 1023588.1269 77554.5141 130.0000 ""
10467 1023603.3608 77529.8617 130.0000 ""
10468 1023605.2037 77526.8435 130.0000 ""
10469 1023605.4752 77526.6806 130.0000 ""
10470 1023606.0642 77526.0291 130.0000 ""
10471 1023634.9044 77504.3677 130.0000 ""
10472 1023648.7347 77481.3751 130.0000 ""
10473 1023653.4688 77475.6110 130.0000 ""
10474 1023654.6825 77473.4109 130.0000 ""
10475 1023651.9079 77470.9852 130.0000 ""
10476 1023650.1851 77469.4375 130.0000 ""
10477 1023642.8039 77461.2022 130.0000 ""
10478 1023626.5406 77446.7958 130.0000 ""
10479 1023622.1579 77442.5183 130.0000 ""
10480 1023622.9837 77436.9325 130.0000 ""
10481 1023624.8469 77431.6866 130.0000 ""
10482 1023626.4087 77427.2891 130.0000 ""
10483 1023629.6245 77418.2352 130.0000 ""
10484 1023631.0762 77412.6021 130.0000 ""
10485 1023633.7244 77409.6731 130.0000 ""
10486 1023648.7231 77399.8622 130.0000 ""
10487 1023655.1631 77396.2768 130.0000 ""
10488 1023684.3013 77401.7920 130.0000 ""
10489 1023697.0229 77404.8220 130.0000 ""
10490 1023701.4894 77405.3718 130.0000 ""
10491 1023710.8240 77406.7796 130.0000 ""
10492 1023711.9497 77398.7338 130.0000 ""
10493 1023719.8886 77398.0987 130.0000 ""
10494 1023727.6339 77381.4226 130.0000 ""
10495 1023727.9737 77376.9516 130.0000 ""
10496 1023727.6068 77371.9514 130.0000 ""
10497 1023720.1713 77359.0659 130.0000 ""
10498 1023715.2933 77352.0254 130.0000 ""
10499 1023712.8971 77348.6055 130.0000 ""
10500 1023706.1773 77343.8651 130.0000 ""
10501 1023705.1860 77337.2242 130.0000 ""
10502 1023718.4567 77317.1836 130.0000 ""
10503 1023718.8617 77314.5255 130.0000 ""
10504 1023720.5892 77313.0784 130.0000 ""
10505 1023718.5638 77291.2693 130.0000 ""
10506 1023715.4982 77286.4393 130.0000 ""
10507 1023703.5726 77264.6224 130.0000 ""
10508 1023697.8695 77254.3939 130.0000 ""
10509 1023689.7444 77249.0897 130.0000 ""
10510 1023673.7575 77233.4579 130.0000 ""
10511 1023675.5161 77217.5663 130.0000 ""
10512 1023682.4238 77209.4628 130.0000 ""
10513 1023693.5548 77193.1421 130.0000 ""
10514 1023696.6213 77186.8369 130.0000 ""
10515 1023699.5663 77182.2770 130.0000 ""
10516 1023704.9624 77171.7941 130.0000 ""
10517 1023707.0982 77167.6448 130.0000 ""
10518 1023710.6062 77160.8301 130.0000 ""
10519 1023710.4296 77149.3327 130.0000 ""
10520 1023708.2422 77143.0640 130.0000 ""
10521 1023703.1160 77132.9734 130.0000 ""
10522 1023687.2430 77118.1854 130.0000 ""
10523 1023673.9547 77103.5023 130.0000 ""
10524 1023669.8046 77096.7083 130.0000 ""
10525 1023668.5834 77095.6208 130.0000 ""
10526 1023664.9563 77084.6106 130.0000 ""
10527 1023657.8587 77064.2980 130.0000 ""
10528 1023655.5205 77057.8446 130.0000 ""
10529 1023649.9726 77052.9499 130.0000 ""
10530 1023631.1424 77042.4105 130.0000 ""
10531 1023614.9609 77034.6712 130.0000 ""
10532 1023612.7415 77032.9493 130.0000 ""
10533 1023610.4706 77031.1249 130.0000 ""
10534 1023597.5920 77017.4722 130.0000 ""
10535 1023590.0635 77007.0754 130.0000 ""
10536 1023584.2343 76982.8955 130.0000 ""
10537 1023581.6113 76967.7171 130.0000 ""
10538 1023606.2887 77048.4468 128.0000 ""
10539 1023599.4172 77043.1156 128.0000 ""
10540 1023582.4571 77029.4909 128.0000 ""
10541 1023576.6580 77023.3432 128.0000 ""
10542 1023568.1598 77011.6072 128.0000 ""
10543 1023564.0042 77002.0514 128.0000 ""
10544 1023563.5559 76997.4403 128.0000 ""
10545 1023556.9659 76961.8133 128.0000 ""
10546 1023555.2556 76955.6691 128.0000 ""
10547 1023549.8158 77184.9954 126.0000 ""
10548 1023549.3780 77184.1480 126.0000 ""
10549 1023535.6621 77171.8642 126.0000 ""
10550 1023535.0802 77166.8002 126.0000 ""
10551 1023534.8010 77163.6100 126.0000 ""
10552 1023538.4200 77161.9336 126.0000 ""
10553 1023545.8373 77158.4572 126.0000 ""
10554 1023557.5026 77160.1525 126.0000 ""
10555 1023561.9936 77174.1793 126.0000 ""
10556 1023586.5723 77165.2616 126.0000 ""
10557 1023588.9989 77163.5377 126.0000 ""
10558 1023594.8231 77156.4342 126.0000 ""
10559 1023600.8527 77162.6125 126.0000 ""
10560 1023611.9445 77169.0845 126.0000 ""
10561 1023614.4947 77170.2742 126.0000 ""
10562 1023616.9001 77171.4350 126.0000 ""
10563 1023625.4421 77166.4788 126.0000 ""
10564 1023647.7571 77170.1639 126.0000 ""
10565 1023650.5715 77168.8888 126.0000 ""
10566 1023649.8870 77170.2880 126.0000 ""
10567 1023663.4903 77172.1300 126.0000 ""
10568 1023676.8929 77165.0138 126.0000 ""
10569 1023680.5865 77156.1532 126.0000 ""
10570 1023682.9239 77141.8370 126.0000 ""
10571 1023677.8372 77136.4784 126.0000 ""
10572 1023674.4355 77131.3156 126.0000 ""
10573 1023669.9915 77126.8447 126.0000 ""
10574 1023642.1659 77107.1945 126.0000 ""
10575 1023641.3947 77099.8110 126.0000 ""
10576 1023631.4629 77082.2950 126.0000 ""
10577 1023615.9003 77074.9426 126.0000 ""
10578 1023610.5015 77070.0411 126.0000 ""
10579 1023596.8602 77061.6357 126.0000 ""
10580 1023586.0930 77053.2819 126.0000 ""
10581 1023563.1708 77034.8676 126.0000 ""
10582 1023557.6141 77030.2065 126.0000 ""
10583 1023554.4224 77024.4977 126.0000 ""
10584 1023545.5062 77003.9947 126.0000 ""
10585 1023544.2014 76990.5749 126.0000 ""
10586 1023541.0017 76973.2763 126.0000 ""
10587 1023536.0128 76955.3536 126.0000 ""
10588 1023535.8711 76954.0902 126.0000 ""
10589 1023496.1656 77185.9622 122.0000 ""
10590 1023496.1280 77170.2438 122.0000 ""
10591 1023488.0543 77156.9798 122.0000 ""
10592 1023488.1198 77148.1379 122.0000 ""
10593 1023493.4253 77118.8424 122.0000 ""
10594 1023493.7530 77116.8545 122.0000 ""
10595 1023494.1926 77116.1115 122.0000 ""
10596 1023495.7780 77115.7541 122.0000 ""
10597 1023519.5830 77112.7928 122.0000 ""
10598 1023530.2499 77111.9679 122.0000 ""
10599 1023530.9668 77111.5734 122.0000 ""
10600 1023538.6053 77123.2301 122.0000 ""
10601 1023544.6145 77129.0932 122.0000 ""
10602 1023553.4134 77135.9462 122.0000 ""
10603 1023569.0419 77142.9668 122.0000 ""
10604 1023570.0482 77146.1100 122.0000 ""
10605 1023573.2076 77144.9637 122.0000 ""
10606 1023585.7108 77136.0813 122.0000 ""
10607 1023590.7104 77129.9834 122.0000 ""
10608 1023594.0344 77109.2764 122.0000 ""
10609 1023599.2606 77096.6371 122.0000 ""
10610 1023593.0748 77091.0212 122.0000 ""
10611 1023584.2877 77085.6068 122.0000 ""
10612 1023566.5392 77076.7993 122.0000 ""
10613 1023558.4056 77069.0063 122.0000 ""
10614 1023541.6587 77055.6811 122.0000 ""
10615 1023530.4899 77044.0803 122.0000 ""
10616 1023522.2286 77029.7516 122.0000 ""
10617 1023515.0312 77014.0597 122.0000 ""
10618 1023508.0589 77004.8306 122.0000 ""
10619 1023501.9887 77001.6647 122.0000 ""
10620 1023525.2261 77057.4301 120.0000 ""
10621 1023514.8363 77047.8205 120.0000 ""
10622 1023514.2077 77044.3523 120.0000 ""
10623 1023510.6431 77039.2832 120.0000 ""
10624 1023502.6028 77021.7536 120.0000 ""
10625 1023499.0889 77017.1023 120.0000 ""
10626 1023496.0296 77015.5067 120.0000 ""
10627 1023451.3861 77245.9035 118.0000 ""
10628 1023464.0035 77223.6740 118.0000 ""
10629 1023465.9882 77202.0350 118.0000 ""
10630 1023458.3481 77164.5289 118.0000 ""
10631 1023458.3257 77163.4636 118.0000 ""
10632 1023463.8012 77138.3422 118.0000 ""
10633 1023467.7244 77120.3272 118.0000 ""
10634 1023461.9409 77107.5626 118.0000 ""
10635 1023481.2616 77098.3979 118.0000 ""
10636 1023485.0886 77091.9298 118.0000 ""
10637 1023511.0946 77086.0666 118.0000 ""
10638 1023516.0570 77084.6755 118.0000 ""
10639 1023514.0478 77078.3248 118.0000 ""
10640 1023517.3952 77071.0676 118.0000 ""
10641 1023504.9574 77059.5638 118.0000 ""
10642 1023502.7602 77047.4422 118.0000 ""
10643 1023490.3016 77029.7249 118.0000 ""
10644 1023490.1744 77029.4476 118.0000 ""
10645 1023490.1189 77029.3740 118.0000 ""
10646 1023490.0705 77029.3487 118.0000 ""
10647 1023463.7809 77068.7847 116.0000 ""
10648 1023464.1777 77070.8803 116.0000 ""
10649 1023482.9036 77078.3851 116.0000 ""
10650 1023491.7819 77075.8963 116.0000 ""
10651 1023489.8592 77069.8191 116.0000 ""
10652 1023492.5247 77057.2187 116.0000 ""
10653 1023491.3126 77050.5320 116.0000 ""
10654 1023487.3463 77044.8914 116.0000 ""
10655 1023446.2954 77214.0559 116.0000 ""
10656 1023450.1908 77207.1928 116.0000 ""
10657 1023450.8036 77200.5121 116.0000 ""
10658 1023448.4448 77188.9325 116.0000 ""
10659 1023447.3366 77136.3242 116.0000 ""
10660 1023447.8961 77133.7570 116.0000 ""
10661 1023448.2970 77131.9161 116.0000 ""
10662 1023446.7858 77128.5808 116.0000 ""
10663 1023633.3271 77195.1859 126.0000 ""
10664 1023628.7462 77202.6929 126.0000 ""
10665 1023624.4849 77211.5092 126.0000 ""
10666 1023628.4842 77213.9006 126.0000 ""
10667 1023629.1996 77211.5609 126.0000 ""
10668 1023642.4288 77195.9031 126.0000 ""
10669 1023651.3805 77180.3107 126.0000 ""
10670 1023648.5462 77171.4552 126.0000 ""
10671 1023642.1048 77180.8014 126.0000 ""
10672 1023635.8447 77191.0601 126.0000 ""
10673 1023675.5144 77458.5366 134.0000 ""
10674 1023667.8858 77451.8669 134.0000 ""
10675 1023660.7545 77445.4608 134.0000 ""
10676 1023659.9892 77431.6169 134.0000 ""
10677 1023681.7232 77419.4913 134.0000 ""
10678 1023687.7863 77418.6124 134.0000 ""
10679 1023691.6786 77416.9826 134.0000 ""
10680 1023698.7600 77417.8542 134.0000 ""
10681 1023700.5519 77418.1244 134.0000 ""
10682 1023700.9136 77419.6828 134.0000 ""
10683 1023706.1954 77427.7616 134.0000 ""
10684 1023717.8113 77428.6340 134.0000 ""
10685 1023719.2879 77423.3809 134.0000 ""
10686 1023728.6454 77407.7967 134.0000 ""
10687 1023736.1529 77391.6328 134.0000 ""
10688 1023737.2952 77376.6036 134.0000 ""
10689 1023736.0618 77359.7956 134.0000 ""
10690 1023729.1158 77347.7583 134.0000 ""
10691 1023733.2242 77332.2825 134.0000 ""
10692 1023733.4915 77316.9716 134.0000 ""
10693 1023745.6475 77294.1226 134.0000 ""
10694 1023745.3469 77290.8861 134.0000 ""
10695 1023731.7329 77269.4361 134.0000 ""
10696 1023726.3199 77259.5336 134.0000 ""
10697 1023714.7799 77238.8366 134.0000 ""
10698 1023716.1649 77228.5281 134.0000 ""
10699 1023723.2575 77214.7495 134.0000 ""
10700 1023723.2489 77209.8772 134.0000 ""
10701 1023732.4792 77182.3872 134.0000 ""
10702 1023733.7691 77171.4782 134.0000 ""
10703 1023733.5534 77157.4320 134.0000 ""
10704 1023724.8432 77132.4705 134.0000 ""
10705 1023719.0141 77120.9964 134.0000 ""
10706 1023712.1988 77109.1350 134.0000 ""
10707 1023701.0692 77086.2011 134.0000 ""
10708 1023697.1213 77081.9270 134.0000 ""
10709 1023692.9573 77076.2795 134.0000 ""
10710 1023680.6679 77061.6015 134.0000 ""
10711 1023679.3754 77049.5559 134.0000 ""
10712 1023669.9460 77031.3557 134.0000 ""
10713 1023661.8898 77015.9123 134.0000 ""
10714 1023679.6442 77656.1108 140.0000 ""
10715 1023678.5485 77644.0142 140.0000 ""
10716 1023677.9759 77628.0042 140.0000 ""
10717 1023683.4525 77608.1204 140.0000 ""
10718 1023680.6913 77590.8239 140.0000 ""
10719 1023692.0894 77562.8598 140.0000 ""
10720 1023695.8795 77553.2135 140.0000 ""
10721 1023694.0094 77535.4590 140.0000 ""
10722 1023693.6542 77534.1905 140.0000 ""
10723 1023694.0984 77533.1240 140.0000 ""
10724 1023696.1750 77527.3319 140.0000 ""
10725 1023704.5052 77505.7498 140.0000 ""
10726 1023705.9377 77497.9168 140.0000 ""
10727 1023708.8522 77494.3732 140.0000 ""
10728 1023711.7406 77489.5749 140.0000 ""
10729 1023727.8085 77466.9991 140.0000 ""
10730 1023730.6399 77450.6431 140.0000 ""
10731 1023749.1754 77442.0343 140.0000 ""
10732 1023754.1075 77424.6739 140.0000 ""
10733 1023754.7197 77407.0317 140.0000 ""
10734 1023754.0632 77383.4402 140.0000 ""
10735 1023753.4999 77373.9839 140.0000 ""
10736 1023754.5730 77351.8469 140.0000 ""
10737 1023752.4809 77340.5964 140.0000 ""
10738 1023751.0994 77316.5624 140.0000 ""
10739 1023757.5173 77303.0766 140.0000 ""
10740 1023760.1293 77294.3909 140.0000 ""
10741 1023758.7556 77286.3346 140.0000 ""
10742 1023762.6061 77275.5795 140.0000 ""
10743 1023756.4983 77259.7132 140.0000 ""
10744 1023762.5701 77232.5402 140.0000 ""
10745 1023762.8929 77225.7158 140.0000 ""
10746 1023768.2681 77199.7386 140.0000 ""
10747 1023768.1168 77195.5896 140.0000 ""
10748 1023769.6977 77167.8774 140.0000 ""
10749 1023772.1058 77157.9670 140.0000 ""
10750 1023755.5199 77134.5564 140.0000 ""
10751 1023751.3078 77122.4662 140.0000 ""
10752 1023736.0471 77094.9549 140.0000 ""
10753 1023734.5424 77092.1724 140.0000 ""
10754 1023733.4126 77090.2259 140.0000 ""
10755 1023721.0787 77067.4585 140.0000 ""
10756 1023717.0639 77058.9465 140.0000 ""
10757 1023725.3587 77030.1846 140.0000 ""
10758 1023725.2494 77029.0838 140.0000 ""
10759 1023704.9218 77805.4379 144.0000 ""
10760 1023704.6686 77803.2499 144.0000 ""
10761 1023705.9837 77771.1030 144.0000 ""
10762 1023706.4897 77762.3660 144.0000 ""
10763 1023709.3281 77754.8690 144.0000 ""
10764 1023728.2076 77723.6276 144.0000 ""
10765 1023716.7423 77706.8469 144.0000 ""
10766 1023711.7102 77690.3201 144.0000 ""
10767 1023703.3744 77662.8510 144.0000 ""
10768 1023702.8443 77659.9895 144.0000 ""
10769 1023702.2110 77621.1335 144.0000 ""
10770 1023702.1327 77620.9458 144.0000 ""
10771 1023701.9515 77619.6335 144.0000 ""
10772 1023696.6580 77586.4741 144.0000 ""
10773 1023699.3662 77579.8300 144.0000 ""
10774 1023705.8295 77563.3800 144.0000 ""
10775 1023710.4030 77551.5239 144.0000 ""
10776 1023710.9803 77548.3572 144.0000 ""
10777 1023707.4691 77535.8172 144.0000 ""
10778 1023713.4151 77521.5392 144.0000 ""
10779 1023720.2949 77502.3503 144.0000 ""
10780 1023734.8113 77483.4545 144.0000 ""
10781 1023741.5404 77474.0000 144.0000 ""
10782 1023742.2138 77470.1100 144.0000 ""
10783 1023751.3923 77465.8471 144.0000 ""
10784 1023769.1126 77457.4284 144.0000 ""
10785 1023772.0043 77434.9042 144.0000 ""
10786 1023776.3045 77415.7676 144.0000 ""
10787 1023776.0040 77393.7256 144.0000 ""
10788 1023774.1691 77362.9255 144.0000 ""
10789 1023774.3287 77359.6319 144.0000 ""
10790 1023768.1803 77326.5686 144.0000 ""
10791 1023768.0513 77324.3243 144.0000 ""
10792 1023768.6506 77323.0650 144.0000 ""
10793 1023777.9996 77291.9765 144.0000 ""
10794 1023774.5857 77271.9550 144.0000 ""
10795 1023773.9462 77263.5515 144.0000 ""
10796 1023780.2239 77235.1548 144.0000 ""
10797 1023790.1381 77214.8902 144.0000 ""
10798 1023792.2264 77205.1757 144.0000 ""
10799 1023795.3188 77178.0689 144.0000 ""
10800 1023796.8578 77162.5768 144.0000 ""
10801 1023789.9749 77147.1663 144.0000 ""
10802 1023774.5555 77123.9291 144.0000 ""
10803 1023762.4564 77104.3373 144.0000 ""
10804 1023754.3330 77089.3154 144.0000 ""
10805 1023743.4033 77070.4852 144.0000 ""
10806 1023749.5495 77061.0553 144.0000 ""
10807 1023760.4186 77038.7274 144.0000 ""
10808 1023806.3063 77188.6684 146.0000 ""
10809 1023808.6945 77167.7342 146.0000 ""
10810 1023808.8370 77166.2999 146.0000 ""
10811 1023797.4001 77140.6934 146.0000 ""
10812 1023788.5323 77127.3295 146.0000 ""
10813 1023764.6093 77088.5915 146.0000 ""
10814 1023764.2283 77087.8869 146.0000 ""
10815 1023763.7157 77087.0038 146.0000 ""
10816 1023764.8343 77085.2877 146.0000 ""
10817 1023781.4187 77069.3603 146.0000 ""
10818 1023786.9221 77276.8702 146.0000 ""
10819 1023785.1732 77253.8888 146.0000 ""
10820 1023787.8666 77241.7055 146.0000 ""
10821 1023801.8028 77213.2200 146.0000 ""
10822 1023992.0149 77877.9822 146.0000 ""
10823 1023969.6066 77876.6546 146.0000 ""
10824 1023935.0587 77867.4597 146.0000 ""
10825 1023914.9366 77862.9380 146.0000 ""
10826 1023908.4096 77857.9103 146.0000 ""
10827 1023898.0394 77849.3498 146.0000 ""
10828 1023884.5316 77838.9160 146.0000 ""
10829 1023880.3545 77836.7751 146.0000 ""
10830 1023870.1242 77824.7551 146.0000 ""
10831 1023856.1663 77811.1637 146.0000 ""
10832 1023845.5818 77803.0885 146.0000 ""
10833 1023823.6863 77790.7291 146.0000 ""
10834 1023795.5572 77781.0886 146.0000 ""
10835 1023791.1888 77778.0156 146.0000 ""
10836 1023768.7604 77759.1565 146.0000 ""
10837 1023767.9795 77758.6895 146.0000 ""
10838 1023742.0757 77727.6967 146.0000 ""
10839 1023728.1049 77707.2489 146.0000 ""
10840 1023718.2926 77675.0226 146.0000 ""
10841 1023714.5055 77662.5428 146.0000 ""
10842 1023712.4541 77651.4689 146.0000 ""
10843 1023712.0303 77625.4669 146.0000 ""
10844 1023708.8341 77617.8084 146.0000 ""
10845 1023704.5965 77587.1100 146.0000 ""
10846 1023704.4811 77584.3028 146.0000 ""
10847 1023714.9997 77557.0351 146.0000 ""
10848 1023717.0068 77546.0246 146.0000 ""
10849 1023714.3765 77536.6306 146.0000 ""
10850 1023723.0735 77515.7468 146.0000 ""
10851 1023726.8986 77505.0780 146.0000 ""
10852 1023743.3648 77483.6441 146.0000 ""
10853 1023752.2686 77477.7570 146.0000 ""
10854 1023774.6355 77467.1309 146.0000 ""
10855 1023779.8840 77426.2491 146.0000 ""
10856 1023782.6424 77413.9736 146.0000 ""
10857 1023782.1010 77374.2623 146.0000 ""
10858 1023783.1086 77361.2959 146.0000 ""
10859 1023777.5588 77332.1129 146.0000 ""
10860 1023786.3407 77297.8206 146.0000 ""
10861 1023808.1873 77141.7479 148.0000 ""
10862 1023804.8253 77134.2205 148.0000 ""
10863 1023802.5090 77130.7300 148.0000 ""
10864 1023795.8671 77119.9747 148.0000 ""
10865 1023807.4994 77101.2325 148.0000 ""
10866 1023808.1873 77141.7479 148.0000 ""
10867 1023813.2505 77156.0603 148.0000 ""
10868 1023813.7648 77206.3710 148.0000 ""
10869 1023795.7875 77247.1839 148.0000 ""
10870 1023791.6801 77277.9869 148.0000 ""
10871 1023793.6072 77316.4187 148.0000 ""
10872 1023990.8099 77860.8991 148.0000 ""
10873 1023975.7351 77857.0353 148.0000 ""
10874 1023931.7259 77845.3223 148.0000 ""
10875 1023921.7787 77843.0871 148.0000 ""
10876 1023913.9683 77837.0707 148.0000 ""
10877 1023906.1175 77838.5539 148.0000 ""
10878 1023888.0842 77829.3114 148.0000 ""
10879 1023870.5193 77808.6738 148.0000 ""
10880 1023863.1691 77801.5754 148.0000 ""
10881 1023851.7500 77792.8589 148.0000 ""
10882 1023829.1913 77780.1252 148.0000 ""
10883 1023811.1777 77773.9515 148.0000 ""
10884 1023793.9037 77761.8002 148.0000 ""
10885 1023780.7226 77750.7167 148.0000 ""
10886 1023766.0484 77741.9418 148.0000 ""
10887 1023748.7806 77721.2816 148.0000 ""
10888 1023739.4675 77707.6509 148.0000 ""
10889 1023726.7410 77665.8534 148.0000 ""
10890 1023725.1004 77661.4578 148.0000 ""
10891 1023724.9152 77658.3403 148.0000 ""
10892 1023722.0639 77642.9483 148.0000 ""
10893 1023721.8496 77629.8004 148.0000 ""
10894 1023715.5354 77614.6710 148.0000 ""
10895 1023712.4607 77592.3965 148.0000 ""
10896 1023712.0391 77582.1374 148.0000 ""
10897 1023719.5964 77562.5464 148.0000 ""
10898 1023723.0334 77543.6919 148.0000 ""
10899 1023721.2839 77537.4439 148.0000 ""
10900 1023732.7319 77509.9543 148.0000 ""
10901 1023733.5023 77507.8057 148.0000 ""
10902 1023736.8186 77503.4889 148.0000 ""
10903 1023769.4097 77481.9399 148.0000 ""
10904 1023780.1583 77476.8334 148.0000 ""
10905 1023787.7637 77417.5940 148.0000 ""
10906 1023788.9803 77412.1796 148.0000 ""
10907 1023788.7415 77394.6641 148.0000 ""
10908 1023791.2983 77361.7621 148.0000 ""
10909 1023787.3338 77340.9153 148.0000 ""
10910 1023793.6072 77316.4187 148.0000 ""
10911 1023607.0334 77653.4463 134.0000 ""
10912 1023627.8236 77661.8732 134.0000 ""
10913 1023628.5320 77662.2131 134.0000 ""
10914 1023628.6870 77662.0597 134.0000 ""
10915 1023638.0389 77652.9221 134.0000 ""
10916 1023637.6226 77647.3234 134.0000 ""
10917 1023645.7533 77616.7721 134.0000 ""
10918 1023650.7085 77600.4925 134.0000 ""
10919 1023646.1542 77567.8415 134.0000 ""
10920 1023640.1879 77560.5644 134.0000 ""
10921 1023622.3581 77552.1481 134.0000 ""
10922 1023648.2393 77544.1852 134.0000 ""
10923 1023662.4815 77519.5488 134.0000 ""
10924 1023680.0786 77499.7640 134.0000 ""
10925 1023681.0952 77494.2051 134.0000 ""
10926 1023692.6955 77480.1013 134.0000 ""
10927 1023695.1306 77475.6869 134.0000 ""
10928 1023679.1531 77461.7179 134.0000 ""
10929 1024159.2640 77460.5475 186.0000 ""
10930 1024159.3150 77460.2414 186.0000 ""
10931 1024158.1943 77457.0318 186.0000 ""
10932 1024158.5236 77448.4846 186.0000 ""
10933 1024159.3258 77442.8914 186.0000 ""
10934 1024166.3194 77433.1010 186.0000 ""
10935 1024180.7902 77442.3242 186.0000 ""
10936 1024188.5578 77446.1905 186.0000 ""
10937 1024185.2603 77451.1625 186.0000 ""
10938 1024174.0767 77465.0674 186.0000 ""
10939 1024171.3252 77470.4941 186.0000 ""
10940 1024172.6942 77490.1064 186.0000 ""
10941 1024166.6702 77492.4051 186.0000 ""
10942 1024163.6608 77493.2794 186.0000 ""
10943 1024158.8781 77496.5886 186.0000 ""
10944 1024157.3220 77497.1754 186.0000 ""
10945 1024158.0801 77496.3318 186.0000 ""
10946 1024154.4775 77496.4510 186.0000 ""
10947 1024145.5865 77489.6748 186.0000 ""
10948 1024147.6798 77485.0926 186.0000 ""
10949 1024154.1136 77475.3460 186.0000 ""
10950 1024198.5318 77379.2255 184.0000 ""
10951 1024193.9608 77381.2867 184.0000 ""
10952 1024183.7647 77385.8000 184.0000 ""
10953 1024177.4940 77387.7467 184.0000 ""
10954 1024163.0013 77386.3238 184.0000 ""
10955 1024155.4989 77397.0597 184.0000 ""
10956 1024148.8536 77417.8526 184.0000 ""
10957 1024142.7501 77434.1503 184.0000 ""
10958 1024132.0736 77463.5091 184.0000 ""
10959 1024122.4491 77476.5270 184.0000 ""
10960 1024109.4140 77485.1658 184.0000 ""
10961 1024106.8551 77496.7940 184.0000 ""
10962 1024128.7478 77509.2815 184.0000 ""
10963 1024149.7442 77516.0114 184.0000 ""
10964 1024167.0703 77519.4098 184.0000 ""
10965 1024173.8136 77509.6670 184.0000 ""
10966 1024180.2248 77497.9712 184.0000 ""
10967 1024182.1134 77483.0866 184.0000 ""
10968 1024190.2104 77467.6051 184.0000 ""
10969 1024194.1330 77443.7379 184.0000 ""
10970 1024199.1194 77423.8301 184.0000 ""
10971 1024200.4763 77412.3416 184.0000 ""
10972 1024204.4027 77409.6750 184.0000 ""
10973 1024211.9572 77393.3392 184.0000 ""
10974 1024194.3187 77380.4397 184.0000 ""
10975 1024179.2553 77386.6117 184.0000 ""
10976 1024255.6982 77391.1606 182.0000 ""
10977 1024254.8130 77389.5031 182.0000 ""
10978 1024250.0387 77386.4625 182.0000 ""
10979 1024242.4667 77388.4482 182.0000 ""
10980 1024241.8131 77383.3927 182.0000 ""
10981 1024252.5862 77376.0341 182.0000 ""
10982 1024277.6839 77388.4972 182.0000 ""
10983 1024267.8164 77395.2636 182.0000 ""
10984 1024255.3415 77391.8576 182.0000 ""
10985 1024254.2072 77390.0979 182.0000 ""
10986 1024298.0742 77428.7223 184.0000 ""
10987 1024295.0647 77424.1464 184.0000 ""
10988 1024294.2564 77414.1389 184.0000 ""
10989 1024297.2283 77406.5138 184.0000 ""
10990 1024305.7640 77408.5865 184.0000 ""
10991 1024312.6091 77420.3954 184.0000 ""
10992 1024296.2964 77426.2070 184.0000 ""
10993 1024296.0963 77426.2053 184.0000 ""
10994 1024153.3650 77379.0423 182.0000 ""
10995 1024149.1267 77383.0061 182.0000 ""
10996 1024138.5399 77402.7154 182.0000 ""
10997 1024128.5932 77418.1302 182.0000 ""
10998 1024126.6327 77429.9632 182.0000 ""
10999 1024123.4547 77443.6358 182.0000 ""
11000 1024114.7948 77460.5118 182.0000 ""
11001 1024105.6178 77473.8334 182.0000 ""
11002 1024093.9837 77482.4340 182.0000 ""
11003 1024085.5321 77487.6618 182.0000 ""
11004 1024084.7566 77495.7551 182.0000 ""
11005 1024084.5511 77507.1034 182.0000 ""
11006 1024079.5255 77509.6604 182.0000 ""
11007 1024078.2097 77516.6992 182.0000 ""
11008 1024068.1519 77527.9132 182.0000 ""
11009 1024065.1327 77535.2375 182.0000 ""
11010 1024075.7355 77551.4788 182.0000 ""
11011 1024098.9993 77556.3285 182.0000 ""
11012 1024125.2795 77559.6042 182.0000 ""
11013 1024137.4240 77560.7585 182.0000 ""
11014 1024143.5911 77553.8109 182.0000 ""
11015 1024157.2661 77546.3777 182.0000 ""
11016 1024164.6022 77542.8403 182.0000 ""
11017 1024172.5390 77539.2580 182.0000 ""
11018 1024175.9102 77537.1368 182.0000 ""
11019 1024178.3074 77532.1569 182.0000 ""
11020 1024193.7330 77524.7884 182.0000 ""
11021 1024202.2598 77506.1100 182.0000 ""
11022 1024207.2079 77484.9510 182.0000 ""
11023 1024213.1480 77464.7007 182.0000 ""
11024 1024214.6276 77456.1629 182.0000 ""
11025 1024219.6351 77450.2054 182.0000 ""
11026 1024225.7407 77444.5072 182.0000 ""
11027 1024233.8296 77440.7260 182.0000 ""
11028 1024247.4123 77443.3418 182.0000 ""
11029 1024256.4944 77440.3690 182.0000 ""
11030 1024282.5709 77449.8417 182.0000 ""
11031 1024291.7375 77454.0201 182.0000 ""
11032 1024289.8884 77464.6552 182.0000 ""
11033 1024289.4463 77490.9039 182.0000 ""
11034 1024299.9467 77496.9443 182.0000 ""
11035 1024301.9783 77488.2107 182.0000 ""
11036 1024303.0436 77475.7685 182.0000 ""
11037 1024316.3767 77456.7303 182.0000 ""
11038 1024315.8823 77445.2251 182.0000 ""
11039 1024320.2138 77420.3600 182.0000 ""
11040 1024326.4860 77412.9129 182.0000 ""
11041 1024334.0765 77398.1264 182.0000 ""
11042 1024322.1189 77376.4738 182.0000 ""
11043 1024310.5354 77373.9755 182.0000 ""
11044 1024286.9130 77364.1750 182.0000 ""
11045 1024278.5017 77359.5037 182.0000 ""
11046 1024239.7134 77356.1751 182.0000 ""
11047 1024215.1321 77363.7667 182.0000 ""
11048 1024187.1509 77371.2292 182.0000 ""
11049 1024168.2618 77374.6189 182.0000 ""
11050 1024151.1338 77382.3232 182.0000 ""
11051 1024148.5542 77385.4012 182.0000 ""
11052 1024252.6308 77479.5385 182.0000 ""
11053 1024252.1828 77473.8843 182.0000 ""
11054 1024254.6082 77465.8544 182.0000 ""
11055 1024260.7063 77466.4064 182.0000 ""
11056 1024254.0704 77480.7509 182.0000 ""
11057 1024252.1899 77478.5347 182.0000 ""
11058 1024056.3165 77514.9568 180.0000 ""
11059 1024051.0526 77516.4668 180.0000 ""
11060 1024046.6070 77537.3287 180.0000 ""
11061 1024081.2009 77566.1763 180.0000 ""
11062 1024106.4098 77582.4438 180.0000 ""
11063 1024121.0512 77584.0197 180.0000 ""
11064 1024137.8554 77578.9637 180.0000 ""
11065 1024142.7053 77579.2054 180.0000 ""
11066 1024152.1630 77578.8366 180.0000 ""
11067 1024157.8078 77574.2847 180.0000 ""
11068 1024178.0504 77570.7081 180.0000 ""
11069 1024200.4026 77550.0478 180.0000 ""
11070 1024218.9842 77526.0048 180.0000 ""
11071 1024228.5683 77517.4360 180.0000 ""
11072 1024236.2595 77508.0010 180.0000 ""
11073 1024239.8810 77511.2822 180.0000 ""
11074 1024246.1733 77512.4862 180.0000 ""
11075 1024256.8607 77530.7296 180.0000 ""
11076 1024266.7220 77535.5146 180.0000 ""
11077 1024267.9436 77527.8242 180.0000 ""
11078 1024270.8034 77516.0973 180.0000 ""
11079 1024273.8347 77507.4723 180.0000 ""
11080 1024276.1621 77504.6418 180.0000 ""
11081 1024289.0776 77503.7522 180.0000 ""
11082 1024301.3582 77501.2069 180.0000 ""
11083 1024309.5149 77495.5759 180.0000 ""
11084 1024324.1415 77477.3487 180.0000 ""
11085 1024323.2592 77469.9404 180.0000 ""
11086 1024328.2900 77461.4824 180.0000 ""
11087 1024327.9264 77452.0783 180.0000 ""
11088 1024332.4055 77443.7657 180.0000 ""
11089 1024334.8772 77436.1361 180.0000 ""
11090 1024338.6146 77432.3175 180.0000 ""
11091 1024346.4842 77419.8334 180.0000 ""
11092 1024345.3276 77398.7220 180.0000 ""
11093 1024318.9571 77366.6967 180.0000 ""
11094 1024304.9324 77361.7214 180.0000 ""
11095 1024289.8532 77356.3719 180.0000 ""
11096 1024274.6285 77350.9709 180.0000 ""
11097 1024260.5516 77347.7018 180.0000 ""
11098 1024216.7640 77354.9808 180.0000 ""
11099 1024204.3739 77358.7257 180.0000 ""
11100 1024186.8466 77360.8770 180.0000 ""
11101 1024177.3518 77359.8966 180.0000 ""
11102 1024164.9391 77360.7414 180.0000 ""
11103 1024152.7395 77365.5877 180.0000 ""
11104 1024138.6612 77373.4679 180.0000 ""
11105 1024129.8941 77385.7428 180.0000 ""
11106 1024115.4726 77403.6693 180.0000 ""
11107 1024107.8657 77431.0534 180.0000 ""
11108 1024093.7387 77449.5825 180.0000 ""
11109 1024087.1417 77459.7760 180.0000 ""
11110 1024082.4834 77465.8861 180.0000 ""
11111 1024075.1825 77476.4735 180.0000 ""
11112 1024075.6256 77477.2273 180.0000 ""
11113 1024072.4988 77480.0005 180.0000 ""
11114 1024063.4119 77489.0228 180.0000 ""
11115 1024074.5261 77509.4176 180.0000 ""
11116 1024071.9430 77511.4053 180.0000 ""
11117 1024256.5563 77309.0691 178.0000 ""
11118 1024252.9823 77311.4888 178.0000 ""
11119 1024243.1217 77317.5552 178.0000 ""
11120 1024208.5308 77341.9616 178.0000 ""
11121 1024185.9903 77350.7203 178.0000 ""
11122 1024175.3743 77351.9803 178.0000 ""
11123 1024155.6654 77352.1134 178.0000 ""
11124 1024119.5546 77368.0562 178.0000 ""
11125 1024105.2860 77369.5351 178.0000 ""
11126 1024085.4450 77389.4152 178.0000 ""
11127 1024080.9917 77400.3765 178.0000 ""
11128 1024082.4659 77419.3378 178.0000 ""
11129 1024084.3803 77434.0033 178.0000 ""
11130 1024061.5996 77474.1576 178.0000 ""
11131 1024042.6767 77492.0955 178.0000 ""
11132 1024031.7683 77508.7519 178.0000 ""
11133 1024022.6753 77539.9236 178.0000 ""
11134 1024032.1596 77563.4052 178.0000 ""
11135 1024048.6023 77570.1465 178.0000 ""
11136 1024059.4601 77575.0900 178.0000 ""
11137 1024062.3703 77584.8654 178.0000 ""
11138 1024053.6857 77598.9915 178.0000 ""
11139 1024051.7284 77605.0750 178.0000 ""
11140 1024060.3884 77615.1003 178.0000 ""
11141 1024071.8469 77614.6489 178.0000 ""
11142 1024080.8627 77613.3264 178.0000 ""
11143 1024102.9220 77602.5154 178.0000 ""
11144 1024114.2495 77600.0626 178.0000 ""
11145 1024127.2726 77598.1745 178.0000 ""
11146 1024146.6784 77598.4914 178.0000 ""
11147 1024161.4702 77594.7182 178.0000 ""
11148 1024169.2900 77592.9853 178.0000 ""
11149 1024189.0495 77587.6045 178.0000 ""
11150 1024216.6148 77565.8387 178.0000 ""
11151 1024241.0789 77554.8972 178.0000 ""
11152 1024261.4180 77562.7228 178.0000 ""
11153 1024295.2213 77575.3649 178.0000 ""
11154 1024305.2907 77568.5002 178.0000 ""
11155 1024310.2025 77556.6904 178.0000 ""
11156 1024304.5780 77531.8384 178.0000 ""
11157 1024311.4735 77516.4953 178.0000 ""
11158 1024327.1472 77509.5284 178.0000 ""
11159 1024330.1499 77504.0034 178.0000 ""
11160 1024339.6719 77491.3830 178.0000 ""
11161 1024345.2904 77462.5775 178.0000 ""
11162 1024358.1130 77439.2342 178.0000 ""
11163 1024365.8589 77418.4481 178.0000 ""
11164 1024364.5793 77388.9348 178.0000 ""
11165 1024352.9668 77362.3348 178.0000 ""
11166 1024345.0557 77352.1673 178.0000 ""
11167 1024337.8257 77344.1059 178.0000 ""
11168 1024334.5957 77341.7285 178.0000 ""
11169 1024331.3687 77333.6011 178.0000 ""
11170 1024329.8764 77327.2384 178.0000 ""
11171 1024323.8100 77317.7871 178.0000 ""
11172 1024317.2825 77309.5320 178.0000 ""
11173 1024308.8717 77299.3612 178.0000 ""
11174 1024288.7741 77297.9916 178.0000 ""
11175 1024259.4166 77308.0933 178.0000 ""
11176 1024256.3048 77309.2170 178.0000 ""
11177 1024256.4055 77173.7305 176.0000 ""
11178 1024254.0000 77174.2103 176.0000 ""
11179 1024249.4865 77175.4723 176.0000 ""
11180 1024234.6826 77175.2484 176.0000 ""
11181 1024215.2238 77207.8305 176.0000 ""
11182 1024224.3026 77237.5530 176.0000 ""
11183 1024236.0905 77261.0498 176.0000 ""
11184 1024224.0164 77284.7460 176.0000 ""
11185 1024210.3391 77292.4800 176.0000 ""
11186 1024197.6281 77303.9218 176.0000 ""
11187 1024187.1507 77311.8327 176.0000 ""
11188 1024178.2697 77314.8074 176.0000 ""
11189 1024157.6885 77317.3332 176.0000 ""
11190 1024138.5594 77330.5203 176.0000 ""
11191 1024127.2113 77340.6733 176.0000 ""
11192 1024113.8424 77347.6095 176.0000 ""
11193 1024073.4300 77369.1150 176.0000 ""
11194 1024064.3264 77374.5873 176.0000 ""
11195 1024046.4905 77404.7830 176.0000 ""
11196 1024047.5325 77421.7905 176.0000 ""
11197 1024057.5377 77448.4240 176.0000 ""
11198 1024041.7897 77458.4392 176.0000 ""
11199 1024009.7675 77492.0643 176.0000 ""
11200 1023998.8265 77506.8701 176.0000 ""
11201 1023986.4281 77533.1631 176.0000 ""
11202 1023985.2257 77544.1025 176.0000 ""
11203 1024018.8728 77577.6414 176.0000 ""
11204 1024032.1054 77590.7055 176.0000 ""
11205 1024031.5603 77600.9013 176.0000 ""
11206 1024023.3597 77616.7815 176.0000 ""
11207 1024024.9032 77622.8951 176.0000 ""
11208 1024040.1068 77623.0761 176.0000 ""
11209 1024067.0236 77627.7084 176.0000 ""
11210 1024080.4554 77619.4734 176.0000 ""
11211 1024117.9276 77624.1467 176.0000 ""
11212 1024138.1128 77621.3203 176.0000 ""
11213 1024163.4278 77615.5876 176.0000 ""
11214 1024189.7008 77609.1129 176.0000 ""
11215 1024206.3316 77601.3049 176.0000 ""
11216 1024213.6112 77598.5171 176.0000 ""
11217 1024234.7860 77586.2474 176.0000 ""
11218 1024244.4641 77583.7802 176.0000 ""
11219 1024256.1573 77585.2309 176.0000 ""
11220 1024271.1092 77585.9595 176.0000 ""
11221 1024281.9662 77585.9028 176.0000 ""
11222 1024302.5407 77590.0304 176.0000 ""
11223 1024337.1778 77582.9767 176.0000 ""
11224 1024336.9277 77544.9176 176.0000 ""
11225 1024345.2927 77538.4382 176.0000 ""
11226 1024361.5332 77518.8740 176.0000 ""
11227 1024364.0979 77495.6923 176.0000 ""
11228 1024365.2341 77480.9499 176.0000 ""
11229 1024377.0390 77448.5964 176.0000 ""
11230 1024386.2890 77432.9234 176.0000 ""
11231 1024396.2421 77411.5057 176.0000 ""
11232 1024392.7296 77401.7249 176.0000 ""
11233 1024371.0524 77365.0882 176.0000 ""
11234 1024368.1595 77336.9124 176.0000 ""
11235 1024362.0437 77327.3604 176.0000 ""
11236 1024365.1917 77322.3369 176.0000 ""
11237 1024371.9746 77319.1941 176.0000 ""
11238 1024385.0702 77298.7543 176.0000 ""
11239 1024376.9315 77269.7856 176.0000 ""
11240 1024349.2399 77245.4031 176.0000 ""
11241 1024323.9212 77240.5404 176.0000 ""
11242 1024313.9607 77246.5562 176.0000 ""
11243 1024298.0420 77226.0239 176.0000 ""
11244 1024283.8822 77204.6570 176.0000 ""
11245 1024268.8647 77194.9821 176.0000 ""
11246 1024261.0012 77179.8182 176.0000 ""
11247 1024257.5128 77172.9899 176.0000 ""
11248 1024227.0925 77217.1289 176.0000 ""
11249 1024222.5062 77210.0413 176.0000 ""
11250 1024226.9379 77195.9804 176.0000 ""
11251 1024232.1872 77190.8752 176.0000 ""
11252 1024240.1511 77200.5406 176.0000 ""
11253 1024234.2962 77211.6401 176.0000 ""
11254 1024228.3856 77217.9396 176.0000 ""
11255 1024223.0764 77213.2957 176.0000 ""
11256 1024354.2394 77272.9443 178.0000 ""
11257 1024353.6516 77271.5894 178.0000 ""
11258 1024353.0390 77267.4843 178.0000 ""
11259 1024352.4181 77264.2792 178.0000 ""
11260 1024365.4138 77265.5386 178.0000 ""
11261 1024365.8754 77275.1923 178.0000 ""
11262 1024360.2143 77276.0446 178.0000 ""
11263 1024353.4964 77272.1381 178.0000 ""
11264 1024235.1276 77154.1555 174.0000 ""
11265 1024228.4529 77156.5493 174.0000 ""
11266 1024219.5488 77156.6248 174.0000 ""
11267 1024209.6766 77164.0409 174.0000 ""
11268 1024200.6387 77200.2092 174.0000 ""
11269 1024198.2725 77218.0867 174.0000 ""
11270 1024200.4719 77239.8523 174.0000 ""
11271 1024199.7450 77258.9439 174.0000 ""
11272 1024194.4754 77266.2488 174.0000 ""
11273 1024184.2385 77275.2115 174.0000 ""
11274 1024167.8828 77285.9725 174.0000 ""
11275 1024158.9473 77289.4467 174.0000 ""
11276 1024138.4199 77302.4220 174.0000 ""
11277 1024125.2792 77317.1094 174.0000 ""
11278 1024114.8763 77333.2197 174.0000 ""
11279 1024100.9214 77338.6510 174.0000 ""
11280 1024069.0336 77357.8289 174.0000 ""
11281 1024052.0619 77365.0343 174.0000 ""
11282 1024035.7583 77375.6948 174.0000 ""
11283 1024029.2630 77380.3891 174.0000 ""
11284 1024022.0188 77395.6759 174.0000 ""
11285 1024022.1659 77406.7261 174.0000 ""
11286 1024026.8442 77419.9146 174.0000 ""
11287 1024028.2059 77440.1746 174.0000 ""
11288 1024012.9410 77457.4433 174.0000 ""
11289 1024002.5968 77467.2544 174.0000 ""
11290 1023981.4289 77495.4219 174.0000 ""
11291 1023978.5668 77501.9971 174.0000 ""
11292 1023959.1104 77528.9792 174.0000 ""
11293 1023954.3359 77547.5376 174.0000 ""
11294 1023966.4573 77566.9911 174.0000 ""
11295 1023976.2114 77572.1749 174.0000 ""
11296 1024003.1864 77607.8574 174.0000 ""
11297 1024018.3612 77648.6404 174.0000 ""
11298 1024025.5995 77660.9039 174.0000 ""
11299 1024031.4464 77672.2054 174.0000 ""
11300 1024044.0630 77681.6655 174.0000 ""
11301 1024060.9275 77680.8112 174.0000 ""
11302 1024069.9258 77692.1405 174.0000 ""
11303 1024079.8820 77702.6781 174.0000 ""
11304 1024089.3539 77700.7598 174.0000 ""
11305 1024096.2576 77689.9180 174.0000 ""
11306 1024094.4009 77674.3998 174.0000 ""
11307 1024089.8561 77662.8590 174.0000 ""
11308 1024100.0747 77655.9464 174.0000 ""
11309 1024111.3272 77661.5943 174.0000 ""
11310 1024123.8120 77653.0509 174.0000 ""
11311 1024131.1204 77652.5139 174.0000 ""
11312 1024160.0805 77642.1123 174.0000 ""
11313 1024167.1144 77638.8225 174.0000 ""
11314 1024180.8740 77638.5411 174.0000 ""
11315 1024206.3203 77629.5590 174.0000 ""
11316 1024227.5501 77627.5917 174.0000 ""
11317 1024251.7170 77610.9969 174.0000 ""
11318 1024285.8371 77605.5896 174.0000 ""
11319 1024296.0803 77601.5770 174.0000 ""
11320 1024322.6713 77598.9552 174.0000 ""
11321 1024341.6682 77595.2178 174.0000 ""
11322 1024372.8162 77608.6386 174.0000 ""
11323 1024376.8422 77600.6714 174.0000 ""
11324 1024375.3131 77571.0518 174.0000 ""
11325 1024379.2507 77550.9315 174.0000 ""
11326 1024388.6519 77540.6101 174.0000 ""
11327 1024385.7251 77516.0805 174.0000 ""
11328 1024381.4141 77484.2886 174.0000 ""
11329 1024389.2152 77473.8536 174.0000 ""
11330 1024399.6949 77449.5896 174.0000 ""
11331 1024404.0237 77435.8747 174.0000 ""
11332 1024412.7179 77409.8955 174.0000 ""
11333 1024407.5901 77390.7500 174.0000 ""
11334 1024402.8704 77376.2087 174.0000 ""
11335 1024401.4627 77371.4964 174.0000 ""
11336 1024403.0903 77357.7091 174.0000 ""
11337 1024401.3623 77349.7440 174.0000 ""
11338 1024398.1702 77337.7663 174.0000 ""
11339 1024394.4471 77329.1344 174.0000 ""
11340 1024396.4299 77314.8006 174.0000 ""
11341 1024394.9875 77281.1877 174.0000 ""
11342 1024382.3178 77260.7310 174.0000 ""
11343 1024373.6787 77248.1086 174.0000 ""
11344 1024361.9318 77241.6100 174.0000 ""
11345 1024339.2554 77232.2698 174.0000 ""
11346 1024322.3175 77219.1283 174.0000 ""
11347 1024306.8874 77199.8505 174.0000 ""
11348 1024292.4042 77186.4305 174.0000 ""
11349 1024282.8211 77178.7011 174.0000 ""
11350 1024271.7300 77166.3599 174.0000 ""
11351 1024255.0281 77154.9718 174.0000 ""
11352 1024240.0389 77153.1468 174.0000 ""
11353 1024235.1276 77154.1555 174.0000 ""
11354 1024228.4043 77134.7528 172.0000 ""
11355 1024220.9373 77130.8911 172.0000 ""
11356 1024201.9806 77136.2817 172.0000 ""
11357 1024196.8020 77144.5868 172.0000 ""
11358 1024185.8798 77162.7920 172.0000 ""
11359 1024183.8446 77177.3222 172.0000 ""
11360 1024184.2466 77214.9194 172.0000 ""
11361 1024183.8203 77250.1609 172.0000 ""
11362 1024176.7057 77256.8502 172.0000 ""
11363 1024171.8501 77262.6586 172.0000 ""
11364 1024159.6379 77268.9049 172.0000 ""
11365 1024129.2430 77272.6483 172.0000 ""
11366 1024114.4926 77282.9725 172.0000 ""
11367 1024106.1517 77287.1016 172.0000 ""
11368 1024090.1625 77306.9639 172.0000 ""
11369 1024081.9830 77320.6430 172.0000 ""
11370 1024044.2484 77355.5192 172.0000 ""
11371 1024032.2600 77359.3171 172.0000 ""
11372 1024016.9560 77370.0860 172.0000 ""
11373 1023995.9734 77410.6030 172.0000 ""
11374 1023997.9327 77415.0192 172.0000 ""
11375 1024006.5833 77420.5422 172.0000 ""
11376 1024008.6421 77425.0093 172.0000 ""
11377 1023973.4070 77460.0559 172.0000 ""
11378 1023954.4126 77475.0925 172.0000 ""
11379 1023951.6231 77489.9675 172.0000 ""
11380 1023948.7143 77501.5418 172.0000 ""
11381 1023942.9842 77515.3419 172.0000 ""
11382 1023917.1928 77529.9201 172.0000 ""
11383 1023904.6076 77554.8107 172.0000 ""
11384 1023908.5407 77562.0441 172.0000 ""
11385 1023922.8690 77564.6670 172.0000 ""
11386 1023938.6898 77568.1527 172.0000 ""
11387 1023962.3076 77582.9054 172.0000 ""
11388 1023982.4461 77616.8791 172.0000 ""
11389 1024000.2366 77666.7353 172.0000 ""
11390 1024019.2760 77695.4026 172.0000 ""
11391 1024028.2831 77705.7317 172.0000 ""
11392 1024052.3708 77718.7921 172.0000 ""
11393 1024062.2194 77730.1292 172.0000 ""
11394 1024073.9286 77740.4325 172.0000 ""
11395 1024085.4364 77740.1323 172.0000 ""
11396 1024111.8415 77751.6637 172.0000 ""
11397 1024130.9480 77746.5785 172.0000 ""
11398 1024136.2240 77733.2716 172.0000 ""
11399 1024149.3092 77730.1845 172.0000 ""
11400 1024154.5420 77721.5281 172.0000 ""
11401 1024152.6951 77704.9089 172.0000 ""
11402 1024150.4388 77683.8856 172.0000 ""
11403 1024152.3155 77681.1014 172.0000 ""
11404 1024175.2933 77679.3497 172.0000 ""
11405 1024199.1920 77664.6536 172.0000 ""
11406 1024206.7964 77664.6192 172.0000 ""
11407 1024216.3944 77660.0012 172.0000 ""
11408 1024221.4598 77664.0458 172.0000 ""
11409 1024224.3475 77670.9721 172.0000 ""
11410 1024233.7774 77684.5564 172.0000 ""
11411 1024240.9886 77689.2198 172.0000 ""
11412 1024248.8079 77687.6370 172.0000 ""
11413 1024250.6768 77685.7028 172.0000 ""
11414 1024250.9397 77678.9035 172.0000 ""
11415 1024252.0425 77657.0084 172.0000 ""
11416 1024270.2870 77637.1118 172.0000 ""
11417 1024302.2522 77632.1863 172.0000 ""
11418 1024317.9007 77628.0202 172.0000 ""
11419 1024321.1903 77623.9476 172.0000 ""
11420 1024327.6221 77620.9524 172.0000 ""
11421 1024352.1743 77622.5142 172.0000 ""
11422 1024381.2400 77633.9174 172.0000 ""
11423 1024400.4223 77631.9322 172.0000 ""
11424 1024404.3763 77626.3648 172.0000 ""
11425 1024410.4368 77620.2654 172.0000 ""
11426 1024411.1060 77612.7692 172.0000 ""
11427 1024401.7535 77595.9345 172.0000 ""
11428 1024394.8216 77577.0706 172.0000 ""
11429 1024399.5003 77568.8590 172.0000 ""
11430 1024405.6988 77558.6099 172.0000 ""
11431 1024410.2848 77544.1462 172.0000 ""
11432 1024409.3420 77516.0326 172.0000 ""
11433 1024408.1022 77509.3707 172.0000 ""
11434 1024411.0628 77492.0930 172.0000 ""
11435 1024418.6478 77477.9554 172.0000 ""
11436 1024416.1499 77472.0832 172.0000 ""
11437 1024421.1966 77461.9246 172.0000 ""
11438 1024421.8845 77430.5760 172.0000 ""
11439 1024430.9027 77401.9991 172.0000 ""
11440 1024423.1322 77376.3805 172.0000 ""
11441 1024424.6895 77364.7927 172.0000 ""
11442 1024425.6432 77348.0994 172.0000 ""
11443 1024420.4502 77336.0547 172.0000 ""
11444 1024412.4038 77302.3851 172.0000 ""
11445 1024405.5560 77285.3269 172.0000 ""
11446 1024385.3676 77255.5068 172.0000 ""
11447 1024382.8709 77249.5359 172.0000 ""
11448 1024352.0003 77228.1271 172.0000 ""
11449 1024338.6184 77214.5155 172.0000 ""
11450 1024326.6252 77207.6654 172.0000 ""
11451 1024302.5826 77183.8661 172.0000 ""
11452 1024294.8346 77172.4025 172.0000 ""
11453 1024273.2099 77157.7735 172.0000 ""
11454 1024244.5853 77137.4874 172.0000 ""
11455 1024230.2406 77136.3178 172.0000 ""
11456 1024228.4043 77134.7528 172.0000 ""
11457 1024427.0254 77318.2666 170.0000 ""
11458 1024422.2714 77312.0688 170.0000 ""
11459 1024417.2166 77295.8755 170.0000 ""
11460 1024394.8059 77251.9362 170.0000 ""
11461 1024388.6083 77240.3843 170.0000 ""
11462 1024385.8964 77236.0616 170.0000 ""
11463 1024387.8484 77230.5282 170.0000 ""
11464 1024403.3316 77227.9084 170.0000 ""
11465 1024405.9476 77215.4307 170.0000 ""
11466 1024397.8205 77206.9628 170.0000 ""
11467 1024390.5418 77201.8657 170.0000 ""
11468 1024384.7302 77205.3817 170.0000 ""
11469 1024381.9773 77217.9170 170.0000 ""
11470 1024371.1187 77218.8342 170.0000 ""
11471 1024337.5823 77191.2087 170.0000 ""
11472 1024324.7866 77184.6020 170.0000 ""
11473 1024316.4656 77175.5833 170.0000 ""
11474 1024297.5880 77161.3269 170.0000 ""
11475 1024291.3093 77153.2755 170.0000 ""
11476 1024281.3564 77136.8447 170.0000 ""
11477 1024274.0175 77129.8846 170.0000 ""
11478 1024263.8182 77129.3495 170.0000 ""
11479 1024246.9185 77123.1595 170.0000 ""
11480 1024243.0584 77118.6781 170.0000 ""
11481 1024222.2211 77111.0558 170.0000 ""
11482 1024222.2211 77111.0558 170.0000 ""
11483 1024215.8341 77109.4029 170.0000 ""
11484 1024203.6475 77107.5016 170.0000 ""
11485 1024192.8665 77121.2587 170.0000 ""
11486 1024183.8778 77141.3294 170.0000 ""
11487 1024179.1007 77154.8868 170.0000 ""
11488 1024175.5475 77192.9000 170.0000 ""
11489 1024170.5610 77212.8548 170.0000 ""
11490 1024169.3060 77240.3401 170.0000 ""
11491 1024158.6980 77251.5993 170.0000 ""
11492 1024138.7178 77254.1308 170.0000 ""
11493 1024109.5202 77263.6835 170.0000 ""
11494 1024094.4343 77272.4550 170.0000 ""
11495 1024064.5123 77311.5966 170.0000 ""
11496 1024046.4014 77328.3910 170.0000 ""
11497 1024012.3258 77351.7492 170.0000 ""
11498 1023985.7952 77375.8709 170.0000 ""
11499 1023984.6166 77378.3675 170.0000 ""
11500 1023975.6763 77642.8807 170.0000 ""
11501 1023982.9253 77656.6351 170.0000 ""
11502 1023990.1114 77674.4484 170.0000 ""
11503 1024016.9435 77709.5340 170.0000 ""
11504 1024032.1733 77728.4184 170.0000 ""
11505 1024046.2183 77751.0437 170.0000 ""
11506 1024056.2716 77761.8829 170.0000 ""
11507 1024089.3325 77778.4234 170.0000 ""
11508 1024100.0207 77785.6180 170.0000 ""
11509 1024118.9362 77790.3336 170.0000 ""
11510 1024129.0928 77790.1720 170.0000 ""
11511 1024140.7929 77780.0214 170.0000 ""
11512 1024150.4468 77769.3529 170.0000 ""
11513 1024171.0761 77745.7767 170.0000 ""
11514 1024196.8760 77714.8936 170.0000 ""
11515 1024205.1883 77714.0654 170.0000 ""
11516 1024214.6836 77709.7467 170.0000 ""
11517 1024223.9978 77697.9747 170.0000 ""
11518 1024248.7193 77702.6397 170.0000 ""
11519 1024272.8752 77671.0913 170.0000 ""
11520 1024278.4608 77662.1876 170.0000 ""
11521 1024288.2576 77657.7712 170.0000 ""
11522 1024331.5172 77648.9424 170.0000 ""
11523 1024345.3687 77644.3608 170.0000 ""
11524 1024372.1052 77642.4408 170.0000 ""
11525 1024383.6520 77643.6907 170.0000 ""
11526 1024393.1362 77640.7217 170.0000 ""
11527 1024422.9214 77633.8766 170.0000 ""
11528 1024427.3387 77626.9127 170.0000 ""
11529 1024432.0244 77617.9506 170.0000 ""
11530 1024428.9961 77609.8724 170.0000 ""
11531 1024416.4356 77571.8050 170.0000 ""
11532 1024417.3931 77565.6118 170.0000 ""
11533 1024428.0400 77550.4497 170.0000 ""
11534 1024433.4903 77534.4930 170.0000 ""
11535 1024433.0564 77516.3355 170.0000 ""
11536 1024435.0021 77516.9523 170.0000 ""
11537 1024445.0013 77501.4847 170.0000 ""
11538 1024439.4809 77486.8848 170.0000 ""
11539 1024434.1102 77461.4346 170.0000 ""
11540 1024434.4416 77452.5861 170.0000 ""
11541 1024437.0633 77444.9572 170.0000 ""
11542 1024444.6820 77410.7673 170.0000 ""
11543 1024443.3948 77360.1508 170.0000 ""
11544 1024436.5286 77330.5116 170.0000 ""
11545 1023975.2513 77390.9635 170.0000 ""
11546 1023963.6495 77407.0786 170.0000 ""
11547 1023944.8626 77416.0176 170.0000 ""
11548 1023930.4815 77408.3964 170.0000 ""
11549 1023917.4254 77403.4862 170.0000 ""
11550 1023896.8328 77402.4113 170.0000 ""
11551 1023892.7017 77411.0248 170.0000 ""
11552 1023889.5556 77421.2463 170.0000 ""
11553 1023895.5037 77442.8938 170.0000 ""
11554 1023919.0458 77460.1422 170.0000 ""
11555 1023926.7450 77465.7073 170.0000 ""
11556 1023930.5295 77478.1383 170.0000 ""
11557 1023927.3231 77484.1104 170.0000 ""
11558 1023910.8299 77493.7685 170.0000 ""
11559 1023900.6921 77497.6315 170.0000 ""
11560 1023889.8042 77506.8375 170.0000 ""
11561 1023881.1646 77521.6122 170.0000 ""
11562 1023876.1743 77531.1686 170.0000 ""
11563 1023870.7925 77539.8217 170.0000 ""
11564 1023875.6454 77550.2625 170.0000 ""
11565 1023915.6470 77572.2047 170.0000 ""
11566 1023930.1661 77586.5290 170.0000 ""
11567 1023950.1922 77611.0012 170.0000 ""
11568 1023967.6872 77629.3124 170.0000 ""
11569 1023909.8596 77447.8154 172.0000 ""
11570 1023906.7221 77446.4389 172.0000 ""
11571 1023899.6026 77437.7294 172.0000 ""
11572 1023900.2051 77426.7861 172.0000 ""
11573 1023921.3518 77416.7676 172.0000 ""
11574 1023928.9219 77436.1293 172.0000 ""
11575 1023907.1740 77446.2427 172.0000 ""
11576 1023906.2744 77446.1851 172.0000 ""
11577 1024289.7727 77064.9778 168.0000 ""
11578 1024292.1405 77063.1479 168.0000 ""
11579 1024299.2962 77062.8574 168.0000 ""
11580 1024309.1067 77073.0371 168.0000 ""
11581 1024297.5233 77081.5391 168.0000 ""
11582 1024294.4812 77085.9629 168.0000 ""
11583 1024302.6042 77100.1281 168.0000 ""
11584 1024304.1904 77128.8367 168.0000 ""
11585 1024322.1896 77156.9833 168.0000 ""
11586 1024348.4227 77154.8030 168.0000 ""
11587 1024360.2399 77153.6019 168.0000 ""
11588 1024365.8054 77173.9966 168.0000 ""
11589 1024370.7856 77181.8876 168.0000 ""
11590 1024381.7425 77187.2291 168.0000 ""
11591 1024407.4007 77198.8435 168.0000 ""
11592 1024413.4524 77204.4941 168.0000 ""
11593 1024425.5786 77207.8957 168.0000 ""
11594 1024427.3952 77217.1107 168.0000 ""
11595 1024420.6802 77229.2041 168.0000 ""
11596 1024412.5286 77239.7354 168.0000 ""
11597 1024408.7436 77243.3036 168.0000 ""
11598 1024407.9349 77255.0967 168.0000 ""
11599 1024416.6626 77274.4703 168.0000 ""
11600 1024428.9186 77291.0240 168.0000 ""
11601 1024445.2950 77322.0639 168.0000 ""
11602 1024454.0189 77336.4887 168.0000 ""
11603 1024462.6556 77349.5129 168.0000 ""
11604 1024461.5342 77368.1553 168.0000 ""
11605 1024459.2835 77384.4380 168.0000 ""
11606 1024454.6326 77395.0998 168.0000 ""
11607 1024453.7768 77439.3487 168.0000 ""
11608 1024449.0362 77448.8598 168.0000 ""
11609 1024449.6778 77471.6691 168.0000 ""
11610 1024459.0141 77490.3023 168.0000 ""
11611 1024464.8013 77524.9590 168.0000 ""
11612 1024449.3180 77543.6806 168.0000 ""
11613 1024441.4450 77561.9173 168.0000 ""
11614 1024440.4409 77584.1141 168.0000 ""
11615 1024444.4746 77635.3628 168.0000 ""
11616 1024444.9480 77643.7693 168.0000 ""
11617 1024441.5140 77652.6424 168.0000 ""
11618 1024435.4124 77657.7413 168.0000 ""
11619 1024426.7064 77668.5694 168.0000 ""
11620 1024421.4481 77674.4758 168.0000 ""
11621 1024409.3521 77678.4725 168.0000 ""
11622 1024375.6705 77662.8270 168.0000 ""
11623 1024330.4420 77673.3392 168.0000 ""
11624 1024310.0682 77679.8648 168.0000 ""
11625 1024281.4853 77692.2708 168.0000 ""
11626 1024276.6022 77695.5293 168.0000 ""
11627 1024271.3709 77703.9861 168.0000 ""
11628 1024267.6241 77708.8049 168.0000 ""
11629 1024259.9914 77728.0937 168.0000 ""
11630 1024258.8546 77742.8377 168.0000 ""
11631 1024244.9169 77756.8205 168.0000 ""
11632 1024235.1694 77750.4842 168.0000 ""
11633 1024220.1003 77746.1523 168.0000 ""
11634 1024220.2889 77747.4042 168.0000 ""
11635 1024208.5445 77746.0519 168.0000 ""
11636 1024173.8302 77777.9082 168.0000 ""
11637 1024121.7768 77807.6625 168.0000 ""
11638 1024115.4755 77807.4575 168.0000 ""
11639 1024097.8263 77801.0523 168.0000 ""
11640 1024076.2746 77784.0110 168.0000 ""
11641 1024062.6180 77778.6911 168.0000 ""
11642 1024027.5271 77743.9303 168.0000 ""
11643 1024014.2960 77725.2630 168.0000 ""
11644 1023990.1689 77695.1007 168.0000 ""
11645 1023952.2656 77635.3196 168.0000 ""
11646 1023937.6986 77620.6937 168.0000 ""
11647 1023915.3990 77609.4017 168.0000 ""
11648 1023883.5781 77584.2786 168.0000 ""
11649 1023861.2542 77570.4376 168.0000 ""
11650 1023857.0837 77561.9023 168.0000 ""
11651 1023859.6672 77537.0266 168.0000 ""
11652 1023871.9670 77515.8840 168.0000 ""
11653 1023888.5010 77496.4774 168.0000 ""
11654 1023895.4489 77486.1379 168.0000 ""
11655 1023895.3854 77482.2378 168.0000 ""
11656 1023869.6234 77456.4712 168.0000 ""
11657 1023868.6218 77445.9642 168.0000 ""
11658 1023870.9961 77427.3874 168.0000 ""
11659 1023877.0058 77415.7405 168.0000 ""
11660 1023880.7870 77401.7751 168.0000 ""
11661 1023887.1276 77386.8316 168.0000 ""
11662 1023898.2640 77383.0769 168.0000 ""
11663 1023934.6510 77390.3346 168.0000 ""
11664 1023951.0733 77377.5260 168.0000 ""
11665 1023966.3559 77363.6079 168.0000 ""
11666 1023969.4314 77360.9344 168.0000 ""
11667 1023979.3385 77355.0193 168.0000 ""
11668 1023991.0126 77347.3194 168.0000 ""
11669 1024017.7596 77332.1482 168.0000 ""
11670 1024033.7871 77313.4866 168.0000 ""
11671 1024047.9806 77303.8081 168.0000 ""
11672 1024065.2884 77287.3068 168.0000 ""
11673 1024071.6021 77275.2621 168.0000 ""
11674 1024074.9696 77268.0917 168.0000 ""
11675 1024091.0259 77251.7297 168.0000 ""
11676 1024110.0592 77243.3413 168.0000 ""
11677 1024132.3378 77240.9791 168.0000 ""
11678 1024145.4406 77230.3410 168.0000 ""
11679 1024159.0992 77213.7085 168.0000 ""
11680 1024163.2980 77197.7964 168.0000 ""
11681 1024168.6861 77156.0994 168.0000 ""
11682 1024170.3008 77143.7655 168.0000 ""
11683 1024173.3307 77124.4449 168.0000 ""
11684 1024165.4669 77109.4828 168.0000 ""
11685 1024160.4159 77104.0420 168.0000 ""
11686 1024171.9823 77097.2400 168.0000 ""
11687 1024215.4777 77093.8533 168.0000 ""
11688 1024231.8838 77099.2388 168.0000 ""
11689 1024259.2634 77097.1674 168.0000 ""
11690 1024266.8085 77087.1822 168.0000 ""
11691 1024272.8689 77075.4851 168.0000 ""
11692 1024289.7727 77064.9778 168.0000 ""
11693 1023848.2084 77594.3052 166.0000 ""
11694 1023879.4741 77621.9921 166.0000 ""
11695 1023912.2461 77631.0245 166.0000 ""
11696 1023923.2084 77635.3190 166.0000 ""
11697 1023945.9332 77654.6656 166.0000 ""
11698 1023955.8436 77669.9019 166.0000 ""
11699 1023964.2730 77677.7253 166.0000 ""
11700 1023988.9071 77707.0409 166.0000 ""
11701 1023998.7576 77723.4280 166.0000 ""
11702 1024010.2365 77742.2300 166.0000 ""
11703 1024024.9011 77757.3596 166.0000 ""
11704 1024055.9178 77783.7838 166.0000 ""
11705 1024105.6171 77813.2230 166.0000 ""
11706 1024131.9500 77821.9047 166.0000 ""
11707 1024178.7335 77810.2594 166.0000 ""
11708 1024196.2727 77796.3084 166.0000 ""
11709 1024206.0241 77775.1375 166.0000 ""
11710 1024211.3327 77763.7306 166.0000 ""
11711 1024218.4081 77761.4415 166.0000 ""
11712 1024222.8094 77761.5798 166.0000 ""
11713 1024249.5532 77774.8659 166.0000 ""
11714 1024257.7244 77773.1364 166.0000 ""
11715 1024277.7302 77746.8026 166.0000 ""
11716 1024281.1633 77727.1770 166.0000 ""
11717 1024284.5217 77715.6530 166.0000 ""
11718 1024289.5481 77713.1459 166.0000 ""
11719 1024322.4804 77728.3355 166.0000 ""
11720 1024329.0537 77731.7435 166.0000 ""
11721 1024336.4425 77722.6548 166.0000 ""
11722 1024346.2685 77720.5894 166.0000 ""
11723 1024359.9099 77717.1565 166.0000 ""
11724 1024363.7794 77715.3395 166.0000 ""
11725 1024370.3980 77713.8463 166.0000 ""
11726 1024371.0976 77708.5007 166.0000 ""
11727 1024387.3544 77703.6400 166.0000 ""
11728 1024429.0950 77702.7510 166.0000 ""
11729 1024439.7053 77691.6391 166.0000 ""
11730 1024447.3576 77681.1518 166.0000 ""
11731 1024460.4186 77659.2576 166.0000 ""
11732 1024477.4920 77625.4443 166.0000 ""
11733 1024477.1255 77616.2884 166.0000 ""
11734 1024476.7332 77604.4816 166.0000 ""
11735 1024473.1743 77594.1981 166.0000 ""
11736 1024467.6920 77575.3959 166.0000 ""
11737 1024466.0282 77565.8292 166.0000 ""
11738 1024473.2750 77539.4849 166.0000 ""
11739 1024475.4264 77495.7936 166.0000 ""
11740 1024471.8287 77484.3105 166.0000 ""
11741 1024469.3058 77459.2843 166.0000 ""
11742 1024470.0676 77452.5896 166.0000 ""
11743 1024472.6035 77421.5562 166.0000 ""
11744 1024474.2182 77398.2165 166.0000 ""
11745 1024495.1303 77365.7897 166.0000 ""
11746 1024499.5808 77360.6268 166.0000 ""
11747 1024501.2284 77350.0895 166.0000 ""
11748 1024499.8181 77345.6271 166.0000 ""
11749 1024483.0138 77339.2842 166.0000 ""
11750 1024472.4192 77332.3940 166.0000 ""
11751 1024455.1973 77295.2459 166.0000 ""
11752 1024444.7780 77274.7572 166.0000 ""
11753 1024431.5001 77255.0450 166.0000 ""
11754 1024434.0220 77236.4662 166.0000 ""
11755 1024439.0120 77205.1585 166.0000 ""
11756 1024422.2410 77189.9683 166.0000 ""
11757 1024396.0758 77168.1504 166.0000 ""
11758 1024397.5068 77159.4131 166.0000 ""
11759 1024412.2701 77153.4370 166.0000 ""
11760 1024412.4510 77150.0888 166.0000 ""
11761 1024384.5958 77127.1582 166.0000 ""
11762 1024387.8401 77122.5358 166.0000 ""
11763 1024394.4960 77116.8419 166.0000 ""
11764 1024368.6359 77094.6791 166.0000 ""
11765 1024329.9011 77074.6598 166.0000 ""
11766 1024324.1681 77061.6645 166.0000 ""
11767 1024286.6415 77030.2593 166.0000 ""
11768 1024260.7355 77035.2432 166.0000 ""
11769 1023870.1962 77373.7900 166.0000 ""
11770 1023869.1678 77377.0311 166.0000 ""
11771 1023866.0270 77402.6994 166.0000 ""
11772 1023862.8533 77415.8701 166.0000 ""
11773 1023859.2692 77430.1371 166.0000 ""
11774 1023859.3974 77443.1361 166.0000 ""
11775 1023865.3315 77466.2332 166.0000 ""
11776 1023870.4159 77478.6249 166.0000 ""
11777 1023861.8369 77502.9487 166.0000 ""
11778 1023847.0736 77541.5182 166.0000 ""
11779 1023839.6552 77564.7025 166.0000 ""
11780 1023837.8620 77569.2867 166.0000 ""
11781 1023847.6888 77593.2195 166.0000 ""
11782 1023848.2084 77594.3052 166.0000 ""
11783 1024259.8811 77035.6860 166.0000 ""
11784 1024256.5098 77037.8575 166.0000 ""
11785 1024244.1770 77051.7517 166.0000 ""
11786 1024238.5016 77065.1014 166.0000 ""
11787 1024232.1834 77077.6460 166.0000 ""
11788 1024220.7641 77079.3006 166.0000 ""
11789 1024177.4831 77075.7412 166.0000 ""
11790 1024157.5390 77079.8741 166.0000 ""
11791 1024141.8937 77089.6913 166.0000 ""
11792 1024138.6134 77092.8631 166.0000 ""
11793 1024147.2445 77116.7290 166.0000 ""
11794 1024150.7025 77132.1542 166.0000 ""
11795 1024150.9601 77169.0984 166.0000 ""
11796 1024145.4758 77188.7986 166.0000 ""
11797 1024115.8717 77215.2452 166.0000 ""
11798 1024091.4245 77224.9880 166.0000 ""
11799 1024058.3586 77241.9567 166.0000 ""
11800 1024048.6434 77248.7236 166.0000 ""
11801 1024021.7885 77264.7442 166.0000 ""
11802 1024010.1326 77270.4949 166.0000 ""
11803 1024007.8404 77274.9746 166.0000 ""
11804 1024011.4056 77284.1529 166.0000 ""
11805 1024000.2796 77308.1544 166.0000 ""
11806 1023989.4521 77321.6105 166.0000 ""
11807 1023978.2809 77329.0147 166.0000 ""
11808 1023948.7687 77345.8619 166.0000 ""
11809 1023933.6201 77356.1817 166.0000 ""
11810 1023907.0869 77364.7052 166.0000 ""
11811 1023870.9712 77371.3476 166.0000 ""
11812 1023870.1962 77373.7900 166.0000 ""
11813 1024129.7153 77831.3555 164.0000 ""
11814 1024133.7506 77832.7233 164.0000 ""
11815 1024152.5236 77836.7383 164.0000 ""
11816 1024179.6650 77828.5227 164.0000 ""
11817 1024208.1516 77815.5674 164.0000 ""
11818 1024220.5318 77813.1245 164.0000 ""
11819 1024227.1797 77808.3810 164.0000 ""
11820 1024234.0310 77803.2892 164.0000 ""
11821 1024238.4774 77803.9781 164.0000 ""
11822 1024255.0409 77803.6723 164.0000 ""
11823 1024277.2585 77781.6589 164.0000 ""
11824 1024287.7970 77767.3961 164.0000 ""
11825 1024296.5176 77760.3697 164.0000 ""
11826 1024304.2387 77764.0880 164.0000 ""
11827 1024325.7687 77773.3280 164.0000 ""
11828 1024346.3346 77756.9013 164.0000 ""
11829 1024349.3818 77746.5744 164.0000 ""
11830 1024354.1338 77735.8622 164.0000 ""
11831 1024379.7695 77744.9376 164.0000 ""
11832 1024389.8126 77746.5253 164.0000 ""
11833 1024397.4451 77738.1887 164.0000 ""
11834 1024406.1246 77735.7131 164.0000 ""
11835 1024416.4640 77732.3016 164.0000 ""
11836 1024425.3259 77726.3263 164.0000 ""
11837 1024447.1740 77717.5626 164.0000 ""
11838 1024456.7094 77709.0921 164.0000 ""
11839 1024468.9026 77689.0907 164.0000 ""
11840 1024478.0484 77679.4665 164.0000 ""
11841 1024496.6648 77657.5198 164.0000 ""
11842 1024503.9003 77643.3775 164.0000 ""
11843 1024505.5786 77629.4875 164.0000 ""
11844 1024510.3223 77581.3637 164.0000 ""
11845 1024520.5864 77575.3001 164.0000 ""
11846 1024515.3109 77566.6523 164.0000 ""
11847 1024492.9845 77551.1067 164.0000 ""
11848 1024491.9471 77538.6946 164.0000 ""
11849 1024490.5131 77509.4755 164.0000 ""
11850 1024489.6951 77494.9653 164.0000 ""
11851 1024484.5015 77461.0142 164.0000 ""
11852 1024487.8058 77449.8903 164.0000 ""
11853 1024484.5659 77432.1096 164.0000 ""
11854 1024483.3377 77418.6970 164.0000 ""
11855 1024481.4460 77401.2283 164.0000 ""
11856 1024491.1602 77395.0099 164.0000 ""
11857 1024512.0518 77375.7845 164.0000 ""
11858 1024523.9311 77362.6334 164.0000 ""
11859 1024514.8548 77342.8540 164.0000 ""
11860 1024499.2585 77330.2207 164.0000 ""
11861 1024474.6961 77302.3109 164.0000 ""
11862 1024471.6996 77296.2352 164.0000 ""
11863 1024469.8983 77285.3194 164.0000 ""
11864 1024455.7847 77258.4495 164.0000 ""
11865 1024457.8199 77232.9162 164.0000 ""
11866 1024455.4085 77212.1459 164.0000 ""
11867 1024446.3963 77196.4706 164.0000 ""
11868 1024439.8137 77188.6656 164.0000 ""
11869 1024429.5136 77182.5296 164.0000 ""
11870 1024427.5827 77174.8638 164.0000 ""
11871 1024434.0728 77170.9183 164.0000 ""
11872 1024425.4190 77138.0481 164.0000 ""
11873 1024424.5019 77123.4916 164.0000 ""
11874 1024419.2533 77112.0989 164.0000 ""
11875 1024416.8930 77107.6297 164.0000 ""
11876 1024396.8541 77088.8649 164.0000 ""
11877 1024385.3851 77084.8200 164.0000 ""
11878 1024365.5256 77079.3055 164.0000 ""
11879 1024348.5528 77064.5667 164.0000 ""
11880 1024341.5789 77045.0623 164.0000 ""
11881 1024327.2984 77025.9476 164.0000 ""
11882 1024321.3116 77018.7995 164.0000 ""
11883 1024231.4714 77041.0488 164.0000 ""
11884 1024235.4865 77029.2386 164.0000 ""
11885 1024258.8012 77007.3520 164.0000 ""
11886 1024273.5317 77004.5415 164.0000 ""
11887 1024321.4588 77019.1006 164.0000 ""
11888 1024231.4714 77041.0488 164.0000 ""
11889 1024231.7239 77046.1996 164.0000 ""
11890 1024228.8057 77058.8723 164.0000 ""
11891 1024227.4301 77067.0089 164.0000 ""
11892 1024202.5833 77060.3539 164.0000 ""
11893 1024184.9532 77057.6081 164.0000 ""
11894 1024156.4640 77050.1733 164.0000 ""
11895 1024148.3207 77060.0029 164.0000 ""
11896 1024144.7422 77068.3708 164.0000 ""
11897 1024131.9624 77082.0106 164.0000 ""
11898 1024119.3366 77105.9989 164.0000 ""
11899 1024121.2677 77118.8617 164.0000 ""
11900 1024120.2135 77135.4488 164.0000 ""
11901 1024136.1241 77156.3270 164.0000 ""
11902 1024121.5857 77176.2010 164.0000 ""
11903 1024117.8579 77184.4680 164.0000 ""
11904 1024113.5134 77189.1306 164.0000 ""
11905 1024108.3124 77189.0870 164.0000 ""
11906 1024086.8508 77200.5046 164.0000 ""
11907 1024069.9675 77214.4099 164.0000 ""
11908 1024059.0656 77219.7172 164.0000 ""
11909 1024052.7261 77223.8131 164.0000 ""
11910 1024044.8788 77223.3472 164.0000 ""
11911 1024031.4382 77222.0346 164.0000 ""
11912 1024006.3272 77238.8197 164.0000 ""
11913 1024003.3598 77245.9931 164.0000 ""
11914 1023991.7331 77248.6446 164.0000 ""
11915 1023979.7098 77256.2917 164.0000 ""
11916 1023969.8749 77243.8118 164.0000 ""
11917 1023958.7911 77241.9191 164.0000 ""
11918 1023943.0751 77259.4824 164.0000 ""
11919 1023945.6860 77269.0520 164.0000 ""
11920 1023957.7240 77275.8519 164.0000 ""
11921 1023967.6924 77279.3852 164.0000 ""
11922 1023983.4645 77293.3653 164.0000 ""
11923 1023980.4621 77309.6367 164.0000 ""
11924 1023972.3549 77315.6171 164.0000 ""
11925 1023951.2099 77325.4364 164.0000 ""
11926 1023917.5535 77336.3495 164.0000 ""
11927 1023911.6509 77341.8983 164.0000 ""
11928 1023897.0883 77348.4237 164.0000 ""
11929 1023870.0502 77352.2438 164.0000 ""
11930 1023850.7614 77373.4111 164.0000 ""
11931 1023850.7578 77374.3982 164.0000 ""
11932 1023852.2656 77393.1344 164.0000 ""
11933 1023851.3534 77410.4233 164.0000 ""
11934 1023849.9339 77423.1588 164.0000 ""
11935 1023851.5396 77449.2181 164.0000 ""
11936 1023853.3046 77463.6309 164.0000 ""
11937 1023853.7262 77477.3326 164.0000 ""
11938 1023856.7381 77486.7571 164.0000 ""
11939 1023847.1414 77523.6206 164.0000 ""
11940 1023839.5679 77536.7043 164.0000 ""
11941 1023830.8349 77550.7780 164.0000 ""
11942 1023826.7480 77559.9921 164.0000 ""
11943 1023811.3993 77570.3593 164.0000 ""
11944 1023789.3887 77576.6196 164.0000 ""
11945 1023780.4774 77585.9569 164.0000 ""
11946 1023780.4774 77585.9569 164.0000 ""
11947 1023781.8902 77600.5103 164.0000 ""
11948 1023794.3760 77653.3012 164.0000 ""
11949 1023794.3760 77653.3012 164.0000 ""
11950 1023799.1126 77659.2978 164.0000 ""
11951 1023820.5501 77666.2328 164.0000 ""
11952 1023833.5027 77666.1447 164.0000 ""
11953 1023849.8991 77672.1364 164.0000 ""
11954 1023872.1120 77671.1784 164.0000 ""
11955 1023904.9289 77659.4117 164.0000 ""
11956 1023917.7593 77656.4724 164.0000 ""
11957 1023954.5168 77688.7917 164.0000 ""
11958 1023969.2127 77705.7702 164.0000 ""
11959 1023979.0348 77719.8067 164.0000 ""
11960 1023982.6802 77725.7889 164.0000 ""
11961 1024032.2011 77773.7757 164.0000 ""
11962 1024042.6614 77783.8685 164.0000 ""
11963 1024073.2655 77800.9883 164.0000 ""
11964 1024088.9253 77811.4771 164.0000 ""
11965 1024109.9131 77824.6632 164.0000 ""
11966 1024128.7794 77831.0383 164.0000 ""
11967 1023849.5047 77621.4058 166.0000 ""
11968 1023848.0299 77619.0370 166.0000 ""
11969 1023841.2647 77611.2046 166.0000 ""
11970 1023833.9518 77613.0771 166.0000 ""
11971 1023839.1823 77629.3523 166.0000 ""
11972 1023855.7557 77625.7791 166.0000 ""
11973 1023853.0859 77622.9967 166.0000 ""
11974 1023849.5047 77621.4058 166.0000 ""
11975 1023789.0790 77565.1586 162.0000 ""
11976 1023817.2819 77540.3129 162.0000 ""
11977 1023838.0916 77371.0268 162.0000 ""
11978 1023838.8502 77373.3746 162.0000 ""
11979 1023844.7764 77381.2732 162.0000 ""
11980 1023848.7574 77388.6555 162.0000 ""
11981 1023847.4027 77421.1377 162.0000 ""
11982 1023845.7598 77431.0219 162.0000 ""
11983 1023846.6361 77470.8730 162.0000 ""
11984 1023847.8553 77484.8314 162.0000 ""
11985 1023845.5628 77510.6585 162.0000 ""
11986 1023837.5468 77522.9385 162.0000 ""
11987 1023817.2819 77540.3129 162.0000 ""
11988 1024223.2263 77023.9848 162.0000 ""
11989 1024220.0127 77030.7564 162.0000 ""
11990 1024210.0942 77048.6193 162.0000 ""
11991 1024195.1967 77047.8458 162.0000 ""
11992 1024166.7975 77036.0632 162.0000 ""
11993 1024147.4513 77035.1029 162.0000 ""
11994 1024123.7839 77068.6963 162.0000 ""
11995 1024113.5065 77082.1569 162.0000 ""
11996 1024099.3505 77109.3813 162.0000 ""
11997 1024096.9119 77118.8584 162.0000 ""
11998 1024093.4188 77134.1752 162.0000 ""
11999 1024095.1752 77144.2873 162.0000 ""
12000 1024094.7013 77152.2314 162.0000 ""
12001 1024095.9588 77156.8408 162.0000 ""
12002 1024094.0870 77164.5233 162.0000 ""
12003 1024082.1338 77175.3207 162.0000 ""
12004 1024069.4599 77193.7102 162.0000 ""
12005 1024039.9425 77184.1650 162.0000 ""
12006 1024004.9745 77174.7245 162.0000 ""
12007 1023988.0512 77187.6791 162.0000 ""
12008 1023970.1366 77205.0741 162.0000 ""
12009 1023953.6528 77208.4848 162.0000 ""
12010 1023937.5221 77222.2954 162.0000 ""
12011 1023935.0552 77234.7713 162.0000 ""
12012 1023931.7145 77255.1378 162.0000 ""
12013 1023930.5308 77269.4242 162.0000 ""
12014 1023931.4420 77289.6271 162.0000 ""
12015 1023931.6579 77298.6268 162.0000 ""
12016 1023926.7394 77305.8837 162.0000 ""
12017 1023881.7075 77335.5462 162.0000 ""
12018 1023863.2085 77340.6385 162.0000 ""
12019 1023858.2250 77338.8467 162.0000 ""
12020 1023846.9405 77347.7990 162.0000 ""
12021 1023842.1008 77352.0071 162.0000 ""
12022 1023837.8447 77369.3485 162.0000 ""
12023 1024223.2263 77023.9848 162.0000 ""
12024 1024228.8816 77014.1186 162.0000 ""
12025 1024254.0167 76990.0489 162.0000 ""
12026 1024270.5284 76973.5493 162.0000 ""
12027 1024288.4312 76958.0627 162.0000 ""
12028 1024330.6180 76982.0739 162.0000 ""
12029 1024364.5589 77006.1621 162.0000 ""
12030 1024377.1721 77025.9113 162.0000 ""
12031 1024129.9877 77840.6959 162.0000 ""
12032 1024162.1429 77846.0249 162.0000 ""
12033 1024183.9829 77843.0647 162.0000 ""
12034 1024198.2518 77836.5373 162.0000 ""
12035 1024212.4963 77832.6604 162.0000 ""
12036 1024227.1422 77834.0887 162.0000 ""
12037 1024239.3707 77831.8447 162.0000 ""
12038 1024256.0027 77824.1372 162.0000 ""
12039 1024277.6563 77803.6193 162.0000 ""
12040 1024295.1639 77798.6701 162.0000 ""
12041 1024306.1647 77799.4161 162.0000 ""
12042 1024314.2709 77793.9349 162.0000 ""
12043 1024340.4920 77788.2611 162.0000 ""
12044 1024348.1588 77776.1736 162.0000 ""
12045 1024360.3236 77759.2236 162.0000 ""
12046 1024375.8185 77755.6069 162.0000 ""
12047 1024395.7011 77753.7289 162.0000 ""
12048 1024412.0159 77753.5205 162.0000 ""
12049 1024430.5524 77751.1805 162.0000 ""
12050 1024448.5318 77744.1340 162.0000 ""
12051 1024463.2894 77744.6622 162.0000 ""
12052 1024472.3901 77729.0352 162.0000 ""
12053 1024475.8112 77710.6581 162.0000 ""
12054 1024493.0618 77695.8020 162.0000 ""
12055 1024514.5464 77672.1792 162.0000 ""
12056 1024526.3221 77654.0745 162.0000 ""
12057 1024532.1355 77642.2206 162.0000 ""
12058 1024530.4103 77600.9922 162.0000 ""
12059 1024536.4981 77580.9884 162.0000 ""
12060 1024536.0219 77567.3803 162.0000 ""
12061 1024528.4139 77551.1104 162.0000 ""
12062 1024518.5812 77542.8239 162.0000 ""
12063 1024512.2464 77535.1176 162.0000 ""
12064 1024508.1144 77521.8289 162.0000 ""
12065 1024504.4757 77503.8436 162.0000 ""
12066 1024501.7828 77486.4167 162.0000 ""
12067 1024503.2474 77479.4777 162.0000 ""
12068 1024502.8966 77463.1214 162.0000 ""
12069 1024504.4101 77450.8319 162.0000 ""
12070 1024503.6323 77431.9218 162.0000 ""
12071 1024499.4955 77419.1845 162.0000 ""
12072 1024507.2776 77394.4467 162.0000 ""
12073 1024527.4722 77374.8651 162.0000 ""
12074 1024531.5974 77372.4497 162.0000 ""
12075 1024536.4918 77362.5398 162.0000 ""
12076 1024534.4588 77355.0215 162.0000 ""
12077 1024522.0981 77338.7148 162.0000 ""
12078 1024518.5377 77334.0841 162.0000 ""
12079 1024508.4028 77320.6470 162.0000 ""
12080 1024507.3515 77315.2376 162.0000 ""
12081 1024498.8567 77308.5153 162.0000 ""
12082 1024498.9127 77296.9149 162.0000 ""
12083 1024510.7632 77286.8641 162.0000 ""
12084 1024514.0842 77284.8419 162.0000 ""
12085 1024503.5887 77283.5033 162.0000 ""
12086 1024487.6691 77273.4685 162.0000 ""
12087 1024466.3426 77247.4380 162.0000 ""
12088 1024466.6770 77216.3905 162.0000 ""
12089 1024453.4753 77182.8803 162.0000 ""
12090 1024454.5482 77174.9896 162.0000 ""
12091 1024444.3944 77131.0571 162.0000 ""
12092 1024438.1190 77127.9549 162.0000 ""
12093 1024430.3534 77107.3419 162.0000 ""
12094 1024421.5255 77098.9192 162.0000 ""
12095 1024392.2860 77079.6781 162.0000 ""
12096 1024382.2784 77069.0464 162.0000 ""
12097 1024380.0438 77040.0325 162.0000 ""
12098 1024377.1721 77025.9113 162.0000 ""
12099 1024333.6449 77110.7952 168.0000 ""
12100 1024341.1951 77111.3195 168.0000 ""
12101 1024339.2778 77123.5119 168.0000 ""
12102 1024332.4861 77122.1440 168.0000 ""
12103 1024322.5158 77113.0883 168.0000 ""
12104 1024326.1993 77109.8215 168.0000 ""
12105 1024333.6449 77110.7952 168.0000 ""
12106 1024226.4693 76997.8190 160.0000 ""
12107 1024221.0722 77002.7229 160.0000 ""
12108 1024212.9982 77015.8523 160.0000 ""
12109 1024206.7292 77023.0983 160.0000 ""
12110 1024192.1265 77039.1226 160.0000 ""
12111 1024162.5806 77010.7859 160.0000 ""
12112 1024147.3687 77011.6595 160.0000 ""
12113 1024139.1242 77021.6380 160.0000 ""
12114 1024117.5841 77057.7480 160.0000 ""
12115 1024111.7390 77067.8464 160.0000 ""
12116 1024102.0711 77080.3122 160.0000 ""
12117 1024087.9870 77115.9347 160.0000 ""
12118 1024090.6871 77126.7544 160.0000 ""
12119 1024084.5609 77134.8011 160.0000 ""
12120 1024074.6063 77135.0678 160.0000 ""
12121 1024038.8422 77141.2173 160.0000 ""
12122 1024002.2633 77143.7108 160.0000 ""
12123 1023989.6921 77145.8050 160.0000 ""
12124 1023979.8218 77158.5686 160.0000 ""
12125 1023966.0047 77176.2976 160.0000 ""
12126 1023949.5123 77180.6581 160.0000 ""
12127 1023936.8258 77184.4506 160.0000 ""
12128 1023930.1770 77187.5493 160.0000 ""
12129 1023913.1208 77195.4984 160.0000 ""
12130 1023908.9413 77214.6575 160.0000 ""
12131 1023916.8237 77237.9671 160.0000 ""
12132 1023916.1895 77257.6564 160.0000 ""
12133 1023918.3398 77284.3678 160.0000 ""
12134 1023918.7453 77299.8175 160.0000 ""
12135 1023910.8591 77303.6000 160.0000 ""
12136 1023895.1477 77304.6671 160.0000 ""
12137 1023875.2538 77293.2020 160.0000 ""
12138 1023874.3974 77288.5460 160.0000 ""
12139 1023870.1463 77277.9629 160.0000 ""
12140 1023858.8277 77274.5684 160.0000 ""
12141 1023850.6866 77289.5956 160.0000 ""
12142 1023851.9145 77307.9510 160.0000 ""
12143 1023856.2819 77311.4370 160.0000 ""
12144 1023861.8269 77317.3324 160.0000 ""
12145 1023858.3614 77324.3014 160.0000 ""
12146 1023843.7901 77337.1749 160.0000 ""
12147 1023835.0714 77360.4455 160.0000 ""
12148 1023834.7297 77375.5392 160.0000 ""
12149 1023848.2118 77398.8488 160.0000 ""
12150 1023847.5666 77408.9913 160.0000 ""
12151 1023836.0888 77433.1892 160.0000 ""
12152 1023833.9121 77436.0201 160.0000 ""
12153 1023838.2002 77453.3037 160.0000 ""
12154 1023841.0889 77497.1719 160.0000 ""
12155 1023829.8638 77515.7236 160.0000 ""
12156 1023814.4448 77517.4131 160.0000 ""
12157 1023765.6449 77603.6592 160.0000 ""
12158 1023762.8628 77591.3449 160.0000 ""
12159 1023762.5239 77582.1710 160.0000 ""
12160 1023764.9237 77572.1745 160.0000 ""
12161 1023786.4841 77552.4666 160.0000 ""
12162 1023800.8610 77525.8937 160.0000 ""
12163 1023803.3991 77522.6780 160.0000 ""
12164 1023807.5808 77520.2606 160.0000 ""
12165 1023813.5988 77517.5817 160.0000 ""
12166 1023776.4299 77641.8329 160.0000 ""
12167 1023772.6729 77631.7665 160.0000 ""
12168 1023772.4788 77628.5011 160.0000 ""
12169 1023770.0595 77623.1990 160.0000 ""
12170 1023766.6733 77608.2111 160.0000 ""
12171 1023776.4299 77641.8329 160.0000 ""
12172 1023780.9315 77655.6474 160.0000 ""
12173 1023791.1497 77684.2439 160.0000 ""
12174 1023803.9495 77692.6889 160.0000 ""
12175 1023803.9495 77692.6889 160.0000 ""
12176 1023810.0451 77693.2416 160.0000 ""
12177 1023821.8471 77693.1938 160.0000 ""
12178 1023864.2519 77704.1111 160.0000 ""
12179 1023874.0497 77709.8962 160.0000 ""
12180 1023885.6756 77707.3968 160.0000 ""
12181 1023899.7948 77716.3696 160.0000 ""
12182 1023909.4565 77731.4044 160.0000 ""
12183 1023924.6213 77740.9368 160.0000 ""
12184 1023935.4164 77736.4300 160.0000 ""
12185 1023957.2430 77734.2692 160.0000 ""
12186 1023969.9008 77755.2815 160.0000 ""
12187 1023992.1786 77779.9286 160.0000 ""
12188 1024011.2614 77787.8959 160.0000 ""
12189 1024029.8779 77786.9078 160.0000 ""
12190 1024036.6817 77792.1680 160.0000 ""
12191 1024045.1603 77805.5944 160.0000 ""
12192 1024065.2812 77820.4230 160.0000 ""
12193 1024088.4354 77837.2790 160.0000 ""
12194 1024099.3606 77840.5252 160.0000 ""
12195 1024131.9374 77855.6138 160.0000 ""
12196 1024146.8198 77858.3947 160.0000 ""
12197 1024180.2635 77861.1378 160.0000 ""
12198 1024206.9047 77853.0181 160.0000 ""
12199 1024219.9419 77855.2827 160.0000 ""
12200 1024232.9899 77856.3971 160.0000 ""
12201 1024256.6843 77847.8512 160.0000 ""
12202 1024265.8377 77842.7293 160.0000 ""
12203 1024269.3962 77841.5697 160.0000 ""
12204 1024280.7012 77828.8553 160.0000 ""
12205 1024286.5420 77822.1029 160.0000 ""
12206 1024288.2758 77818.5668 160.0000 ""
12207 1024308.0505 77817.3887 160.0000 ""
12208 1024317.2047 77812.2167 160.0000 ""
12209 1024340.3952 77804.2159 160.0000 ""
12210 1024356.1389 77800.7517 160.0000 ""
12211 1024367.5981 77795.2495 160.0000 ""
12212 1024370.3851 77786.0204 160.0000 ""
12213 1024376.7010 77773.9210 160.0000 ""
12214 1024401.4088 77769.7342 160.0000 ""
12215 1024419.8175 77770.3944 160.0000 ""
12216 1024464.1373 77766.8282 160.0000 ""
12217 1024475.7236 77753.0233 160.0000 ""
12218 1024478.8136 77732.5422 160.0000 ""
12219 1024481.4198 77715.7085 160.0000 ""
12220 1024522.2274 77707.8589 160.0000 ""
12221 1024530.7353 77696.8783 160.0000 ""
12222 1024540.7965 77669.2549 160.0000 ""
12223 1024547.0468 77653.4031 160.0000 ""
12224 1024550.2884 77616.2681 160.0000 ""
12225 1024553.7864 77600.3930 160.0000 ""
12226 1024552.0096 77581.2217 160.0000 ""
12227 1024531.8409 77532.0346 160.0000 ""
12228 1024518.8791 77482.8619 160.0000 ""
12229 1024523.1969 77470.3460 160.0000 ""
12230 1024528.0587 77458.5350 160.0000 ""
12231 1024541.7370 77434.7466 160.0000 ""
12232 1024580.4238 77395.8679 160.0000 ""
12233 1024578.4455 77393.3006 160.0000 ""
12234 1024560.2352 77398.2469 160.0000 ""
12235 1024546.9656 77404.6854 160.0000 ""
12236 1024541.4357 77401.9880 160.0000 ""
12237 1024536.0302 77396.6411 160.0000 ""
12238 1024531.9457 77389.1052 160.0000 ""
12239 1024548.9498 77362.7453 160.0000 ""
12240 1024553.4984 77352.3323 160.0000 ""
12241 1024543.5400 77335.9458 160.0000 ""
12242 1024536.0573 77328.5147 160.0000 ""
12243 1024526.1146 77315.9390 160.0000 ""
12244 1024520.5119 77309.6983 160.0000 ""
12245 1024518.2912 77300.8287 160.0000 ""
12246 1024532.4622 77288.7472 160.0000 ""
12247 1024526.6135 77271.6965 160.0000 ""
12248 1024526.5706 77265.4457 160.0000 ""
12249 1024516.6078 77260.5615 160.0000 ""
12250 1024508.3242 77252.6414 160.0000 ""
12251 1024490.9693 77240.8950 160.0000 ""
12252 1024475.2783 77195.0128 160.0000 ""
12253 1024481.5442 77188.2654 160.0000 ""
12254 1024488.0852 77184.2702 160.0000 ""
12255 1024474.3606 77147.7064 160.0000 ""
12256 1024470.5184 77141.1246 160.0000 ""
12257 1024439.3882 77098.6681 160.0000 ""
12258 1024430.4055 77085.2947 160.0000 ""
12259 1024418.0118 77078.3924 160.0000 ""
12260 1024412.6354 77064.5995 160.0000 ""
12261 1024412.0126 77050.6963 160.0000 ""
12262 1024413.3242 77044.0582 160.0000 ""
12263 1024226.4693 76997.8190 160.0000 ""
12264 1024236.5821 76983.0304 160.0000 ""
12265 1024250.2453 76950.6494 160.0000 ""
12266 1024245.4919 76924.9981 160.0000 ""
12267 1024258.9797 76915.9726 160.0000 ""
12268 1024295.6011 76930.0700 160.0000 ""
12269 1024336.7485 76958.1695 160.0000 ""
12270 1024346.6885 76965.0171 160.0000 ""
12271 1024371.3563 76969.9535 160.0000 ""
12272 1024409.8858 77017.6042 160.0000 ""
12273 1024417.3680 77030.8370 160.0000 ""
12274 1024413.3242 77044.0582 160.0000 ""
12275 1024118.2777 77036.9102 158.0000 ""
12276 1024126.0034 77023.5351 158.0000 ""
12277 1024142.1822 76999.5852 158.0000 ""
12278 1024158.7699 76984.9906 158.0000 ""
12279 1024172.3452 76982.0692 158.0000 ""
12280 1024186.4585 76995.9069 158.0000 ""
12281 1024195.9237 76999.3983 158.0000 ""
12282 1024208.4243 76994.1159 158.0000 ""
12283 1024234.3786 76957.4515 158.0000 ""
12284 1024238.4589 76933.5840 158.0000 ""
12285 1024118.2777 77036.9102 158.0000 ""
12286 1024114.5589 77044.2270 158.0000 ""
12287 1024090.6460 77077.3680 158.0000 ""
12288 1024085.3676 77091.0700 158.0000 ""
12289 1024068.1600 77113.0201 158.0000 ""
12290 1024054.4766 77121.7034 158.0000 ""
12291 1024023.3737 77116.0955 158.0000 ""
12292 1024018.4199 77111.0557 158.0000 ""
12293 1024018.6449 77103.0102 158.0000 ""
12294 1024012.5912 77097.9613 158.0000 ""
12295 1023978.3980 77102.1749 158.0000 ""
12296 1023973.7616 77111.3831 158.0000 ""
12297 1023966.0495 77123.3147 158.0000 ""
12298 1023960.7879 77135.2168 158.0000 ""
12299 1023944.8786 77162.8248 158.0000 ""
12300 1023937.3024 77165.5605 158.0000 ""
12301 1023897.2286 77167.8742 158.0000 ""
12302 1023886.7406 77182.5814 158.0000 ""
12303 1023891.5597 77201.9155 158.0000 ""
12304 1023894.1062 77207.6351 158.0000 ""
12305 1023895.8830 77226.1444 158.0000 ""
12306 1023888.8936 77231.3878 158.0000 ""
12307 1023879.8394 77236.0566 158.0000 ""
12308 1023859.7418 77235.7376 158.0000 ""
12309 1023848.3521 77245.2888 158.0000 ""
12310 1023837.7143 77254.6464 158.0000 ""
12311 1023832.4652 77265.1990 158.0000 ""
12312 1023833.7006 77304.0482 158.0000 ""
12313 1023838.8788 77317.0385 158.0000 ""
12314 1023836.0147 77323.8625 158.0000 ""
12315 1023825.0503 77362.6600 158.0000 ""
12316 1023831.7776 77397.0595 158.0000 ""
12317 1023833.6890 77417.1717 158.0000 ""
12318 1023832.3989 77453.4042 158.0000 ""
12319 1023833.7207 77493.7094 158.0000 ""
12320 1023820.7164 77505.5764 158.0000 ""
12321 1023778.7678 77618.2130 162.0000 ""
12322 1023771.6856 77586.8660 162.0000 ""
12323 1023771.5717 77583.7835 162.0000 ""
12324 1023772.3781 77580.4245 162.0000 ""
12325 1023789.0790 77565.1586 162.0000 ""
12326 1023778.7678 77618.2130 162.0000 ""
12327 1023782.3736 77627.5941 162.0000 ""
12328 1023793.9869 77664.5916 162.0000 ""
12329 1023803.4217 77675.9571 162.0000 ""
12330 1023825.9171 77680.4790 162.0000 ""
12331 1023825.9171 77680.4790 162.0000 ""
12332 1023868.1579 77687.5445 162.0000 ""
12333 1023910.3458 77684.4593 162.0000 ""
12334 1023929.7392 77685.6771 162.0000 ""
12335 1023939.5195 77693.4122 162.0000 ""
12336 1023974.6219 77737.1203 162.0000 ""
12337 1023987.4519 77750.4333 162.0000 ""
12338 1023999.1067 77761.0860 162.0000 ""
12339 1024033.8959 77785.1424 162.0000 ""
12340 1024058.2279 77804.3080 162.0000 ""
12341 1024112.4681 77835.0382 162.0000 ""
12342 1024118.4054 77836.7404 162.0000 ""
12343 1024129.7865 77840.6576 162.0000 ""
12344 1023803.5738 77711.3856 158.0000 ""
12345 1023813.6462 77714.4729 158.0000 ""
12346 1023833.8082 77718.8477 158.0000 ""
12347 1023848.4512 77719.8747 158.0000 ""
12348 1023866.4068 77724.9806 158.0000 ""
12349 1023890.1977 77737.1877 158.0000 ""
12350 1023906.1450 77748.5770 158.0000 ""
12351 1023934.1063 77758.8709 158.0000 ""
12352 1023978.3856 77778.6584 158.0000 ""
12353 1023989.9454 77788.7606 158.0000 ""
12354 1024013.9456 77795.0706 158.0000 ""
12355 1024043.3271 77809.0792 158.0000 ""
12356 1024088.9921 77852.7378 158.0000 ""
12357 1024102.5364 77859.4579 158.0000 ""
12358 1024135.2910 77871.5978 158.0000 ""
12359 1024156.7294 77879.5378 158.0000 ""
12360 1024179.8842 77875.0890 158.0000 ""
12361 1024214.5976 77875.9429 158.0000 ""
12362 1024225.2336 77878.1868 158.0000 ""
12363 1024234.2777 77879.4664 158.0000 ""
12364 1024258.3661 77871.6243 158.0000 ""
12365 1024272.1803 77865.6929 158.0000 ""
12366 1024286.2025 77858.9130 158.0000 ""
12367 1024294.8317 77850.9855 158.0000 ""
12368 1024302.5727 77841.6996 158.0000 ""
12369 1024307.5252 77836.3909 158.0000 ""
12370 1024315.3027 77834.0079 158.0000 ""
12371 1024341.6299 77827.7353 158.0000 ""
12372 1024354.0792 77823.3922 158.0000 ""
12373 1024358.4488 77821.6296 158.0000 ""
12374 1024375.6810 77814.1270 158.0000 ""
12375 1024388.0972 77807.9828 158.0000 ""
12376 1024393.9175 77795.3786 158.0000 ""
12377 1024406.2434 77788.1832 158.0000 ""
12378 1024447.2360 77787.2394 158.0000 ""
12379 1024474.0187 77780.7197 158.0000 ""
12380 1024488.2074 77772.3896 158.0000 ""
12381 1024498.3686 77761.2233 158.0000 ""
12382 1024497.4188 77750.1605 158.0000 ""
12383 1024502.0043 77741.2467 158.0000 ""
12384 1024534.2100 77732.8726 158.0000 ""
12385 1024541.0059 77717.5753 158.0000 ""
12386 1024544.0977 77702.3460 158.0000 ""
12387 1024554.2385 77687.9281 158.0000 ""
12388 1024562.0232 77679.4421 158.0000 ""
12389 1024560.7910 77671.8786 158.0000 ""
12390 1024569.2471 77661.0975 158.0000 ""
12391 1024573.3235 77653.1297 158.0000 ""
12392 1024573.9666 77642.9815 158.0000 ""
12393 1024572.2491 77628.2614 158.0000 ""
12394 1024573.3418 77612.7153 158.0000 ""
12395 1024565.5147 77581.9879 158.0000 ""
12396 1024560.6319 77569.7356 158.0000 ""
12397 1024554.5963 77555.8142 158.0000 ""
12398 1024546.9500 77543.4171 158.0000 ""
12399 1024543.7167 77524.8344 158.0000 ""
12400 1024541.2197 77513.3100 158.0000 ""
12401 1024537.6004 77482.2216 158.0000 ""
12402 1024547.0104 77465.5480 158.0000 ""
12403 1024579.5657 77446.0711 158.0000 ""
12404 1024597.3668 77442.1718 158.0000 ""
12405 1024603.6724 77436.6742 158.0000 ""
12406 1024602.4572 77416.2592 158.0000 ""
12407 1024601.3678 77403.9974 158.0000 ""
12408 1024603.2640 77393.6113 158.0000 ""
12409 1024588.9573 77371.0357 158.0000 ""
12410 1024579.6595 77337.0015 158.0000 ""
12411 1024573.2339 77333.7466 158.0000 ""
12412 1024561.9148 77329.3503 158.0000 ""
12413 1024543.2472 77307.7400 158.0000 ""
12414 1024536.3723 77298.9311 158.0000 ""
12415 1024536.6466 77296.2832 158.0000 ""
12416 1024540.7405 77291.8173 158.0000 ""
12417 1024536.4580 77267.6291 158.0000 ""
12418 1024531.7462 77257.5888 158.0000 ""
12419 1024517.4023 77233.8669 158.0000 ""
12420 1024502.6525 77221.7426 158.0000 ""
12421 1024491.2935 77216.3971 158.0000 ""
12422 1024488.5071 77203.7737 158.0000 ""
12423 1024501.4397 77190.2321 158.0000 ""
12424 1024504.8793 77186.1609 158.0000 ""
12425 1024486.1242 77147.0547 158.0000 ""
12426 1024459.6146 77113.4854 158.0000 ""
12427 1024454.3868 77099.7930 158.0000 ""
12428 1024450.6240 77079.1137 158.0000 ""
12429 1024448.3488 77065.3463 158.0000 ""
12430 1024443.0776 77050.9543 158.0000 ""
12431 1024438.2906 77038.3163 158.0000 ""
12432 1024436.8707 77034.9550 158.0000 ""
12433 1024436.8707 77034.9550 158.0000 ""
12434 1024427.5567 77022.4276 158.0000 ""
12435 1024403.5398 76990.0725 158.0000 ""
12436 1024380.4457 76961.1342 158.0000 ""
12437 1024346.8127 76936.1537 158.0000 ""
12438 1024465.4137 77048.4402 156.0000 ""
12439 1024454.2907 77032.3931 156.0000 ""
12440 1024433.5547 77007.2721 156.0000 ""
12441 1024423.0408 76997.0635 156.0000 ""
12442 1024400.6023 76967.2788 156.0000 ""
12443 1024391.6668 76954.4362 156.0000 ""
12444 1024366.4962 76933.7376 156.0000 ""
12445 1024360.1444 76928.2753 156.0000 ""
12446 1023939.8028 77781.1330 156.0000 ""
12447 1023943.9052 77780.7087 156.0000 ""
12448 1023975.1541 77792.6324 156.0000 ""
12449 1024001.7715 77802.5158 156.0000 ""
12450 1024024.1589 77804.8113 156.0000 ""
12451 1024036.3780 77808.6685 156.0000 ""
12452 1024042.8587 77821.7777 156.0000 ""
12453 1024073.4324 77858.3532 156.0000 ""
12454 1024114.8682 77878.2711 156.0000 ""
12455 1024153.6186 77891.3143 156.0000 ""
12456 1024167.7993 77894.2895 156.0000 ""
12457 1024176.1832 77896.5637 156.0000 ""
12458 1024188.0358 77907.8714 156.0000 ""
12459 1024199.8005 77912.4762 156.0000 ""
12460 1024211.7186 77905.9283 156.0000 ""
12461 1024239.0402 77900.1156 156.0000 ""
12462 1024293.7760 77873.2346 156.0000 ""
12463 1024325.5681 77849.4533 156.0000 ""
12464 1024356.5636 77841.6209 156.0000 ""
12465 1024407.1798 77822.4548 156.0000 ""
12466 1024426.7440 77811.7710 156.0000 ""
12467 1024445.9930 77802.7349 156.0000 ""
12468 1024487.6282 77791.9428 156.0000 ""
12469 1024505.8262 77777.5449 156.0000 ""
12470 1024526.0397 77761.6638 156.0000 ""
12471 1024565.4806 77750.3013 156.0000 ""
12472 1024572.3995 77727.0012 156.0000 ""
12473 1024582.9873 77696.5301 156.0000 ""
12474 1024591.7712 77688.2527 156.0000 ""
12475 1024605.1370 77671.4614 156.0000 ""
12476 1024599.8206 77656.2094 156.0000 ""
12477 1024583.6840 77598.1493 156.0000 ""
12478 1024577.4919 77580.1902 156.0000 ""
12479 1024570.7550 77561.6265 156.0000 ""
12480 1024564.1724 77542.6145 156.0000 ""
12481 1024565.8065 77539.0274 156.0000 ""
12482 1024592.7859 77543.9600 156.0000 ""
12483 1024600.6763 77534.8248 156.0000 ""
12484 1024609.3248 77513.8926 156.0000 ""
12485 1024634.9828 77477.1513 156.0000 ""
12486 1024640.0790 77467.0920 156.0000 ""
12487 1024636.0328 77460.7558 156.0000 ""
12488 1024615.9136 77455.3329 156.0000 ""
12489 1024615.6658 77444.0780 156.0000 ""
12490 1024617.4142 77372.9773 156.0000 ""
12491 1024608.6134 77350.2486 156.0000 ""
12492 1024614.6970 77330.6468 156.0000 ""
12493 1024621.6207 77317.7032 156.0000 ""
12494 1024621.6207 77317.7032 156.0000 ""
12495 1024610.5903 77314.5096 156.0000 ""
12496 1024582.2098 77309.7692 156.0000 ""
12497 1024562.6596 77291.6021 156.0000 ""
12498 1024556.5684 77279.1495 156.0000 ""
12499 1024551.4919 77270.6560 156.0000 ""
12500 1024544.5111 77246.0454 156.0000 ""
12501 1024524.7038 77223.3278 156.0000 ""
12502 1024510.3200 77214.9568 156.0000 ""
12503 1024509.1410 77207.0968 156.0000 ""
12504 1024529.1398 77192.3642 156.0000 ""
12505 1024530.5153 77178.7256 156.0000 ""
12506 1024501.6633 77149.3845 156.0000 ""
12507 1024490.7394 77134.7938 156.0000 ""
12508 1024469.3684 77108.2671 156.0000 ""
12509 1024463.8249 77101.7215 156.0000 ""
12510 1024471.7868 77090.0388 156.0000 ""
12511 1024475.6403 77089.9209 156.0000 ""
12512 1024477.1541 77077.5846 156.0000 ""
12513 1024465.4137 77048.4402 156.0000 ""
12514 1024486.5103 77066.6135 154.0000 ""
12515 1024481.2246 77053.5236 154.0000 ""
12516 1024456.3708 77008.0408 154.0000 ""
12517 1024408.9282 76938.6893 154.0000 ""
12518 1024402.7976 76930.8271 154.0000 ""
12519 1023996.1753 77812.6189 154.0000 ""
12520 1024008.1261 77813.0231 154.0000 ""
12521 1024023.8259 77813.7101 154.0000 ""
12522 1024041.8420 77834.2716 154.0000 ""
12523 1024053.2833 77851.8755 154.0000 ""
12524 1024063.5807 77863.4184 154.0000 ""
12525 1024076.7762 77875.3369 154.0000 ""
12526 1024096.2734 77882.0594 154.0000 ""
12527 1024116.7114 77889.8906 154.0000 ""
12528 1024142.1903 77899.0667 154.0000 ""
12529 1024164.2581 77909.3135 154.0000 ""
12530 1024169.5964 77910.9108 154.0000 ""
12531 1024182.2123 77926.2269 154.0000 ""
12532 1024209.3828 77925.8652 154.0000 ""
12533 1024237.2964 77915.5562 154.0000 ""
12534 1024256.7854 77912.7760 154.0000 ""
12535 1024304.2650 77880.6792 154.0000 ""
12536 1024320.7781 77869.7194 154.0000 ""
12537 1024344.1193 77861.7202 154.0000 ""
12538 1024380.0359 77857.5324 154.0000 ""
12539 1024417.2388 77849.6540 154.0000 ""
12540 1024443.3412 77824.5210 154.0000 ""
12541 1024469.3273 77817.5945 154.0000 ""
12542 1024512.7871 77793.4624 154.0000 ""
12543 1024537.3289 77785.9225 154.0000 ""
12544 1024559.8523 77785.7183 154.0000 ""
12545 1024586.0968 77772.6905 154.0000 ""
12546 1024600.6117 77756.1589 154.0000 ""
12547 1024601.2611 77745.3095 154.0000 ""
12548 1024591.8690 77715.9651 154.0000 ""
12549 1024603.3308 77704.9096 154.0000 ""
12550 1024625.6610 77687.5454 154.0000 ""
12551 1024627.5701 77670.2546 154.0000 ""
12552 1024609.2610 77641.7853 154.0000 ""
12553 1024600.7886 77604.8987 154.0000 ""
12554 1024595.5449 77581.6957 154.0000 ""
12555 1024587.5520 77569.1230 154.0000 ""
12556 1024588.5056 77563.3293 154.0000 ""
12557 1024602.5416 77560.7989 154.0000 ""
12558 1024611.1541 77554.8209 154.0000 ""
12559 1024625.1678 77521.7805 154.0000 ""
12560 1024640.2860 77504.8547 154.0000 ""
12561 1024660.9832 77474.3223 154.0000 ""
12562 1024648.6382 77450.4605 154.0000 ""
12563 1024637.6765 77445.1157 154.0000 ""
12564 1024631.8230 77433.9131 154.0000 ""
12565 1024635.8732 77417.7936 154.0000 ""
12566 1024635.8928 77399.1395 154.0000 ""
12567 1024627.2258 77367.1593 154.0000 ""
12568 1024627.3505 77353.4578 154.0000 ""
12569 1024640.5986 77321.9642 154.0000 ""
12570 1024632.2619 77297.6900 154.0000 ""
12571 1024606.3295 77293.3207 154.0000 ""
12572 1024585.2817 77280.1916 154.0000 ""
12573 1024568.5320 77256.7483 154.0000 ""
12574 1024560.7667 77235.8314 154.0000 ""
12575 1024540.3773 77222.0094 154.0000 ""
12576 1024531.4927 77214.1345 154.0000 ""
12577 1024531.4927 77214.1345 154.0000 ""
12578 1024548.8180 77207.2796 154.0000 ""
12579 1024557.9838 77189.8559 154.0000 ""
12580 1024543.2387 77171.6821 154.0000 ""
12581 1024505.9159 77138.4704 154.0000 ""
12582 1024478.8304 77102.1465 154.0000 ""
12583 1024480.7603 77099.0128 154.0000 ""
12584 1024490.9926 77096.1983 154.0000 ""
12585 1024486.5103 77066.6135 154.0000 ""
12586 1024492.9354 77064.3171 152.0000 ""
12587 1024489.7995 77052.0047 152.0000 ""
12588 1024472.6784 77014.5026 152.0000 ""
12589 1024458.8984 76978.6399 152.0000 ""
12590 1024453.2964 76940.8582 152.0000 ""
12591 1024443.8972 76913.1517 152.0000 ""
12592 1024454.7585 77830.0900 152.0000 ""
12593 1024464.8950 77826.1596 152.0000 ""
12594 1024478.1565 77820.7228 152.0000 ""
12595 1024529.0039 77809.7109 152.0000 ""
12596 1024551.4348 77814.1584 152.0000 ""
12597 1024567.7605 77813.1001 152.0000 ""
12598 1024598.1401 77802.2094 152.0000 ""
12599 1024610.8155 77778.8582 152.0000 ""
12600 1024624.6119 77769.8238 152.0000 ""
12601 1024628.3492 77733.1389 152.0000 ""
12602 1024639.8766 77698.4230 152.0000 ""
12603 1024643.4003 77685.1977 152.0000 ""
12604 1024636.9043 77662.0318 152.0000 ""
12605 1024634.1349 77652.8541 152.0000 ""
12606 1024621.7611 77615.6331 152.0000 ""
12607 1024615.0052 77599.0689 152.0000 ""
12608 1024607.9046 77581.9019 152.0000 ""
12609 1024617.0518 77572.1772 152.0000 ""
12610 1024629.8695 77571.5870 152.0000 ""
12611 1024633.5023 77546.3597 152.0000 ""
12612 1024640.1432 77526.0600 152.0000 ""
12613 1024663.1604 77504.6001 152.0000 ""
12614 1024674.7069 77473.1891 152.0000 ""
12615 1024676.1730 77460.5479 152.0000 ""
12616 1024667.6552 77439.5695 152.0000 ""
12617 1024650.3373 77428.7193 152.0000 ""
12618 1024651.0770 77402.4192 152.0000 ""
12619 1024650.7402 77378.9111 152.0000 ""
12620 1024647.7344 77340.7279 152.0000 ""
12621 1024644.6578 77321.3484 152.0000 ""
12622 1024635.8325 77290.2690 152.0000 ""
12623 1024602.7990 77268.8879 152.0000 ""
12624 1024588.7299 77247.7674 152.0000 ""
12625 1024581.9994 77234.0597 152.0000 ""
12626 1024570.9845 77223.7665 152.0000 ""
12627 1024566.2823 77218.1267 152.0000 ""
12628 1024567.1928 77189.6331 152.0000 ""
12629 1024563.3134 77170.6001 152.0000 ""
12630 1024532.5432 77148.4427 152.0000 ""
12631 1024507.5656 77127.6846 152.0000 ""
12632 1024499.5020 77095.7692 152.0000 ""
12633 1024500.6264 77093.1787 152.0000 ""
12634 1024492.9354 77064.3171 152.0000 ""
12635 1024484.6829 77829.4501 150.0000 ""
12636 1024489.9659 77826.3283 150.0000 ""
12637 1024531.5404 77827.8916 150.0000 ""
12638 1024550.6354 77830.4593 150.0000 ""
12639 1024566.1242 77838.8486 150.0000 ""
12640 1024574.4859 77843.9742 150.0000 ""
12641 1024581.3613 77847.4360 150.0000 ""
12642 1024596.3557 77833.2595 150.0000 ""
12643 1024627.1818 77811.9172 150.0000 ""
12644 1024648.4736 77765.7791 150.0000 ""
12645 1024653.4688 77744.8622 150.0000 ""
12646 1024659.3294 77716.8497 150.0000 ""
12647 1024661.9249 77701.1150 150.0000 ""
12648 1024656.8061 77658.5521 150.0000 ""
12649 1024647.0537 77646.7131 150.0000 ""
12650 1024644.1528 77624.4792 150.0000 ""
12651 1024633.1482 77601.7759 150.0000 ""
12652 1024633.9535 77595.7806 150.0000 ""
12653 1024650.9021 77597.7771 150.0000 ""
12654 1024656.5004 77593.0734 150.0000 ""
12655 1024648.4174 77557.2912 150.0000 ""
12656 1024652.1294 77539.8671 150.0000 ""
12657 1024661.6421 77526.1322 150.0000 ""
12658 1024441.4260 77887.0557 150.0000 ""
12659 1024445.9243 77886.6716 150.0000 ""
12660 1024453.2182 77877.1309 150.0000 ""
12661 1024463.3621 77846.0051 150.0000 ""
12662 1024473.1234 77834.7852 150.0000 ""
12663 1024484.0826 77829.8049 150.0000 ""
12664 1023977.4088 77815.5787 152.0000 ""
12665 1023989.6338 77822.1636 152.0000 ""
12666 1024008.8463 77826.9821 152.0000 ""
12667 1024020.4664 77830.6843 152.0000 ""
12668 1024031.6691 77841.6344 152.0000 ""
12669 1024050.8529 77860.4064 152.0000 ""
12670 1024102.3767 77892.8160 152.0000 ""
12671 1024147.3922 77909.9658 152.0000 ""
12672 1024176.9174 77930.7321 152.0000 ""
12673 1024196.4558 77933.3045 152.0000 ""
12674 1024236.4603 77935.6567 152.0000 ""
12675 1024278.4696 77910.7153 152.0000 ""
12676 1024297.5125 77902.1287 152.0000 ""
12677 1024333.9384 77880.5388 152.0000 ""
12678 1024378.8720 77875.2797 152.0000 ""
12679 1024418.9502 77870.3781 152.0000 ""
12680 1024439.4123 77849.1474 152.0000 ""
12681 1024453.3703 77833.2122 152.0000 ""
12682 1024454.5492 77830.1712 152.0000 ""
12683 1024089.5326 77892.4569 150.0000 ""
12684 1024093.5571 77894.4392 150.0000 ""
12685 1024113.4573 77900.9155 150.0000 ""
12686 1024131.8484 77919.1325 150.0000 ""
12687 1024146.5527 77930.3654 150.0000 ""
12688 1024156.1728 77934.2012 150.0000 ""
12689 1024188.0100 77937.6820 150.0000 ""
12690 1024213.3529 77945.6077 150.0000 ""
12691 1024240.8351 77954.9529 150.0000 ""
12692 1024251.8597 77947.6968 150.0000 ""
12693 1024294.3169 77923.1093 150.0000 ""
12694 1024316.4382 77906.2963 150.0000 ""
12695 1024351.8269 77905.0559 150.0000 ""
12696 1024384.5145 77897.6230 150.0000 ""
12697 1023993.8873 77840.2773 150.0000 ""
12698 1024000.4329 77844.3665 150.0000 ""
12699 1024022.6391 77844.4561 150.0000 ""
12700 1024037.7616 77858.8415 150.0000 ""
12701 1024055.5074 77870.8997 150.0000 ""
12702 1024088.3510 77891.8748 150.0000 ""
12703 1023993.8450 77839.9511 150.0000 ""
12704 1023932.1309 77824.1330 150.0000 ""
12705 1023928.9847 77823.3602 150.0000 ""
12706 1023928.7559 77823.0594 150.0000 ""
12707 1023928.1838 77823.4902 150.0000 ""
12708 1023906.8737 77827.5161 150.0000 ""
12709 1023895.8139 77821.8477 150.0000 ""
12710 1023885.0413 77809.1907 150.0000 ""
12711 1023869.1992 77793.8912 150.0000 ""
12712 1023844.5872 77775.1043 150.0000 ""
12713 1023834.6963 77769.5212 150.0000 ""
12714 1023826.7982 77766.8143 150.0000 ""
12715 1023809.1346 77754.3890 150.0000 ""
12716 1023976.8436 77815.1372 152.0000 ""
12717 1023952.0813 77809.0546 152.0000 ""
12718 1023943.1746 77797.3450 152.0000 ""
12719 1023939.9026 77796.3848 152.0000 ""
12720 1023938.2228 77797.8816 152.0000 ""
12721 1023915.5036 77814.9909 152.0000 ""
12722 1023907.6299 77816.4784 152.0000 ""
12723 1023903.5435 77814.3840 152.0000 ""
12724 1023899.5633 77809.7075 152.0000 ""
12725 1023875.2293 77786.2070 152.0000 ""
12726 1023859.7373 77774.3817 152.0000 ""
12727 1023920.1583 77788.8297 154.0000 ""
12728 1023936.7204 77785.9201 154.0000 ""
12729 1023975.1777 77803.0540 154.0000 ""
12730 1023996.1753 77812.6189 154.0000 ""
12731 1023920.1583 77788.8297 154.0000 ""
12732 1023907.9860 77799.6762 154.0000 ""
12733 1023894.2710 77784.4409 154.0000 ""
12734 1023765.7491 77691.7931 154.0000 ""
12735 1023785.7148 77719.7473 154.0000 ""
12736 1023785.7148 77719.7473 154.0000 ""
12737 1023812.5976 77731.1869 154.0000 ""
12738 1023866.0965 77763.6441 154.0000 ""
12739 1023894.2710 77784.4409 154.0000 ""
12740 1023769.3094 77675.1397 156.0000 ""
12741 1023783.7424 77710.7986 156.0000 ""
12742 1023783.7424 77710.7986 156.0000 ""
12743 1023797.2800 77719.7347 156.0000 ""
12744 1023839.9398 77740.1608 156.0000 ""
12745 1023846.5809 77746.7992 156.0000 ""
12746 1023890.0070 77763.1409 156.0000 ""
12747 1023906.8663 77779.7367 156.0000 ""
12748 1023906.8663 77779.7367 156.0000 ""
12749 1023938.9990 77781.2161 156.0000 ""
12750 1023762.1889 77708.4464 152.0000 ""
12751 1023768.7615 77716.9983 152.0000 ""
12752 1023841.4414 77759.6782 152.0000 ""
12753 1023859.7373 77774.3817 152.0000 ""
12754 1023805.3177 77751.7041 150.0000 ""
12755 1023796.6186 77745.5848 150.0000 ""
12756 1023792.6847 77742.2769 150.0000 ""
12757 1023764.1173 77725.1941 150.0000 ""
12758 1023755.4855 77714.8666 150.0000 ""
12759 1023750.8301 77708.0529 150.0000 ""
12760 1023744.4684 77687.1593 150.0000 ""
12761 1023733.0292 77656.5092 150.0000 ""
12762 1023731.7374 77634.7715 150.0000 ""
12763 1023731.6736 77634.4276 150.0000 ""
12764 1023731.6689 77634.1338 150.0000 ""
12765 1023722.2368 77611.5336 150.0000 ""
12766 1023720.3249 77597.6829 150.0000 ""
12767 1023719.5971 77579.9720 150.0000 ""
12768 1023724.1931 77568.0576 150.0000 ""
12769 1023729.0599 77541.3593 150.0000 ""
12770 1023728.1913 77538.2573 150.0000 ""
12771 1023735.0963 77521.6766 150.0000 ""
12772 1023744.0448 77510.3390 150.0000 ""
12773 1023785.5969 77486.3178 150.0000 ""
12774 1023786.2646 77486.0206 150.0000 ""
12775 1023796.0998 77416.2533 150.0000 ""
12776 1023762.1889 77708.4464 152.0000 ""
12777 1023740.9579 77651.5607 152.0000 ""
12778 1023739.8613 77633.1076 152.0000 ""
12779 1023732.7142 77617.4440 152.0000 ""
12780 1023728.9382 77608.3962 152.0000 ""
12781 1023728.1891 77602.9693 152.0000 ""
12782 1023727.1550 77577.8067 152.0000 ""
12783 1023728.7898 77573.5688 152.0000 ""
12784 1023734.9116 77539.9855 152.0000 ""
12785 1023735.1064 77539.1745 152.0000 ""
12786 1023735.1813 77539.1059 152.0000 ""
12787 1023735.2313 77539.0135 152.0000 ""
12788 1023755.9157 77512.8068 152.0000 ""
12789 1023789.9937 77493.1064 152.0000 ""
12790 1023799.5817 77488.8383 152.0000 ""
12791 1023806.1442 77442.2865 152.0000 ""
12792 1023765.7491 77691.7931 154.0000 ""
12793 1023748.8866 77646.6121 154.0000 ""
12794 1023748.0157 77631.9559 154.0000 ""
12795 1023737.1573 77608.1586 154.0000 ""
12796 1023736.3943 77604.7816 154.0000 ""
12797 1023735.3804 77577.3336 154.0000 ""
12798 1023742.5607 77547.4245 154.0000 ""
12799 1023748.0070 77542.4461 154.0000 ""
12800 1023751.6388 77535.7336 154.0000 ""
12801 1023767.7865 77515.2746 154.0000 ""
12802 1023794.3905 77499.8949 154.0000 ""
12803 1023812.8988 77491.6560 154.0000 ""
12804 1023816.1886 77468.3198 154.0000 ""
12805 1023769.3094 77675.1397 156.0000 ""
12806 1023756.8154 77641.6636 156.0000 ""
12807 1023756.1700 77630.8043 156.0000 ""
12808 1023748.1247 77613.1721 156.0000 ""
12809 1023745.2171 77600.3027 156.0000 ""
12810 1023744.4282 77578.9460 156.0000 ""
12811 1023750.0151 77555.6745 156.0000 ""
12812 1023760.8327 77545.7863 156.0000 ""
12813 1023768.0462 77532.4536 156.0000 ""
12814 1023779.6574 77517.7424 156.0000 ""
12815 1023798.7872 77506.6835 156.0000 ""
12816 1023826.2159 77494.4737 156.0000 ""
12817 1023826.2329 77494.3531 156.0000 ""
12818 1023772.8696 77658.4863 158.0000 ""
12819 1023786.5521 77696.7553 158.0000 ""
12820 1023786.5521 77696.7553 158.0000 ""
12821 1023803.5738 77711.3856 158.0000 ""
12822 1023772.8696 77658.4863 158.0000 ""
12823 1023764.7441 77636.7150 158.0000 ""
12824 1023764.3244 77629.6527 158.0000 ""
12825 1023759.0921 77618.1855 158.0000 ""
12826 1023754.0399 77595.8238 158.0000 ""
12827 1023753.4760 77580.5585 158.0000 ""
12828 1023757.4694 77563.9245 158.0000 ""
12829 1023773.6584 77549.1264 158.0000 ""
12830 1023784.4536 77529.1737 158.0000 ""
12831 1023791.5283 77520.2102 158.0000 ""
12832 1023803.1840 77513.4720 158.0000 ""
12833 1023819.9585 77506.0049 158.0000 ""
12834 1023796.1743 77404.8708 150.0000 ""
12835 1023799.4881 77362.2283 150.0000 ""
12836 1023797.1089 77349.7177 150.0000 ""
12837 1023800.8736 77335.0167 150.0000 ""
12838 1023806.1442 77442.2865 152.0000 ""
12839 1023807.2199 77424.1773 152.0000 ""
12840 1023806.5721 77376.9231 152.0000 ""
12841 1023800.8736 77335.0167 150.0000 ""
12842 1023802.2087 77318.7998 150.0000 ""
12843 1023800.1550 77279.7834 150.0000 ""
12844 1023800.9247 77260.7892 150.0000 ""
12845 1023811.1956 77221.0021 150.0000 ""
12846 1023818.8997 77205.3438 150.0000 ""
12847 1023827.6312 77159.9105 150.0000 ""
12848 1023816.3328 77134.2423 150.0000 ""
12849 1023815.0488 77116.7875 150.0000 ""
12850 1023820.1848 77097.2789 150.0000 ""
12851 1023832.9535 77080.6989 150.0000 ""
12852 1023808.1401 77353.6148 152.0000 ""
12853 1023807.1981 77337.9030 152.0000 ""
12854 1023806.9416 77300.8410 152.0000 ""
12855 1023807.7090 77259.1787 152.0000 ""
12856 1023813.3341 77227.2285 152.0000 ""
12857 1023831.7467 77194.0005 152.0000 ""
12858 1023839.9295 77177.1312 152.0000 ""
12859 1023836.0935 77137.2580 152.0000 ""
12860 1023835.5826 77114.2542 152.0000 ""
12861 1023844.7883 77093.0395 152.0000 ""
12862 1023861.9214 77078.7257 152.0000 ""
12863 1023904.6259 77076.1695 152.0000 ""
12864 1023916.1327 77080.0034 152.0000 ""
12865 1023921.7590 77078.9814 152.0000 ""
12866 1023923.0373 77067.7352 152.0000 ""
12867 1023929.9418 77029.3955 152.0000 ""
12868 1023936.0790 77012.0148 152.0000 ""
12869 1023945.3243 77002.7885 152.0000 ""
12870 1023851.6724 77139.2621 154.0000 ""
12871 1023853.0128 77142.8632 154.0000 ""
12872 1023855.2184 77168.9220 154.0000 ""
12873 1023851.5662 77190.4838 154.0000 ""
12874 1023841.7947 77203.4474 154.0000 ""
12875 1023834.3532 77207.8834 154.0000 ""
12876 1023816.8394 77246.6732 154.0000 ""
12877 1023811.1714 77307.1570 154.0000 ""
12878 1023814.8610 77324.2335 154.0000 ""
12879 1023813.6732 77361.3648 154.0000 ""
12880 1023812.1222 77381.5959 154.0000 ""
12881 1023813.7676 77408.7040 154.0000 ""
12882 1023817.4794 77434.0805 154.0000 ""
12883 1023816.5834 77467.1510 154.0000 ""
12884 1023940.0875 77077.5622 156.0000 ""
12885 1023939.3621 77089.6540 156.0000 ""
12886 1023940.0402 77108.0529 156.0000 ""
12887 1023937.2730 77125.9235 156.0000 ""
12888 1023926.9157 77137.3330 156.0000 ""
12889 1023903.3610 77132.3879 156.0000 ""
12890 1023890.5445 77134.1302 156.0000 ""
12891 1023875.3592 77153.8960 156.0000 ""
12892 1023869.6799 77183.6880 156.0000 ""
12893 1023867.4922 77203.7130 156.0000 ""
12894 1023845.8997 77224.2249 156.0000 ""
12895 1023833.8325 77236.7194 156.0000 ""
12896 1023825.2400 77257.2405 156.0000 ""
12897 1023820.8748 77285.4952 156.0000 ""
12898 1023822.3904 77304.3349 156.0000 ""
12899 1023823.8000 77314.7616 156.0000 ""
12900 1023817.3925 77347.4988 156.0000 ""
12901 1023821.9198 77403.1744 156.0000 ""
12902 1023820.8854 77412.1638 156.0000 ""
12903 1023826.7616 77441.3583 156.0000 ""
12904 1023828.6792 77492.7664 156.0000 ""
12905 1023826.1830 77494.3655 156.0000 ""
12906 1023940.3756 77049.6471 154.0000 ""
12907 1023938.4299 77055.6593 154.0000 ""
12908 1023929.9760 77077.4304 154.0000 ""
12909 1023928.9204 77099.4133 154.0000 ""
12910 1023921.8440 77102.2033 154.0000 ""
12911 1023900.2472 77096.4754 154.0000 ""
12912 1023874.7721 77099.1620 154.0000 ""
12913 1023851.0424 77113.0584 154.0000 ""
12914 1023847.8361 77119.0793 154.0000 ""
12915 1023851.5602 77138.9607 154.0000 ""
12916 1023944.1547 77076.7823 158.0000 ""
12917 1023944.8185 77070.3391 158.0000 ""
12918 1023947.1284 77064.1119 158.0000 ""
12919 1023957.4306 77062.8119 158.0000 ""
12920 1023968.8337 77076.3723 158.0000 ""
12921 1023965.7735 77082.6926 158.0000 ""
12922 1023963.4995 77090.3206 158.0000 ""
12923 1023947.3062 77096.2627 158.0000 ""
12924 1023944.1547 77076.7823 158.0000 ""
12925 1024101.0224 77042.4651 156.0000 ""
12926 1024096.8564 77049.4783 156.0000 ""
12927 1024081.4969 77071.6936 156.0000 ""
12928 1024079.3955 77092.2257 156.0000 ""
12929 1024057.6270 77089.4893 156.0000 ""
12930 1024037.8055 77075.3288 156.0000 ""
12931 1024026.3912 77060.5889 156.0000 ""
12932 1024002.0688 77062.6858 156.0000 ""
12933 1023987.2133 77063.1121 156.0000 ""
12934 1023977.8892 77049.5397 156.0000 ""
12935 1023957.1983 77043.0703 156.0000 ""
12936 1023940.0895 77077.5295 156.0000 ""
12937 1024094.1954 77018.3165 154.0000 ""
12938 1024090.2481 77023.3320 154.0000 ""
12939 1024061.0596 77059.1776 154.0000 ""
12940 1024054.5446 77060.6729 154.0000 ""
12941 1024042.5202 77046.9777 154.0000 ""
12942 1024029.7542 77037.7749 154.0000 ""
12943 1024001.1872 77049.9831 154.0000 ""
12944 1023998.4408 77049.5605 154.0000 ""
12945 1024012.8681 77041.4333 154.0000 ""
12946 1024024.9466 77027.7887 154.0000 ""
12947 1024025.3305 77018.7952 154.0000 ""
12948 1024007.2876 77007.1002 154.0000 ""
12949 1023974.5422 77027.7704 154.0000 ""
12950 1023965.1265 77024.0438 154.0000 ""
12951 1023945.8758 77034.7296 154.0000 ""
12952 1023940.3756 77049.6471 154.0000 ""
12953 1024172.3408 76931.1120 150.0000 ""
12954 1024150.9639 76944.8117 150.0000 ""
12955 1024119.4744 76960.3650 150.0000 ""
12956 1024105.0803 76965.5788 150.0000 ""
12957 1024086.7999 76964.6055 150.0000 ""
12958 1024053.2508 76946.5398 150.0000 ""
12959 1024029.5595 76937.5180 150.0000 ""
12960 1023995.3933 76937.3962 150.0000 ""
12961 1023953.7522 76936.1543 150.0000 ""
12962 1023936.9467 76938.7949 150.0000 ""
12963 1023928.0558 76944.0089 150.0000 ""
12964 1023910.0288 76983.8725 150.0000 ""
12965 1023915.6539 77010.4678 150.0000 ""
12966 1023918.7054 77026.1577 150.0000 ""
12967 1023917.4703 77040.5913 150.0000 ""
12968 1023918.8888 77054.6473 150.0000 ""
12969 1023914.8858 77060.3117 150.0000 ""
12970 1023877.3962 77053.9026 150.0000 ""
12971 1023847.6622 77061.5999 150.0000 ""
12972 1023845.5631 77064.3256 150.0000 ""
12973 1023945.3243 77002.7885 152.0000 ""
12974 1023954.3605 76995.1919 152.0000 ""
12975 1023966.3941 76995.5067 152.0000 ""
12976 1023972.4356 76995.7144 152.0000 ""
12977 1024011.8056 76969.7439 152.0000 ""
12978 1024023.1519 76969.1016 152.0000 ""
12979 1024037.6702 76976.1386 152.0000 ""
12980 1024048.3732 77000.2892 152.0000 ""
12981 1024054.3279 77024.6968 152.0000 ""
12982 1024056.1425 77028.1645 152.0000 ""
12983 1024072.1906 77007.0671 152.0000 ""
12984 1024082.4478 76995.5645 152.0000 ""
12985 1024131.0518 76967.2750 152.0000 ""
12986 1024175.9793 76937.3468 152.0000 ""
12987 1024094.1954 77018.3165 154.0000 ""
12988 1024102.1115 77003.3029 154.0000 ""
12989 1024128.0971 76978.0980 154.0000 ""
12990 1024181.8041 76939.8019 154.0000 ""
12991 1024101.0224 77042.4651 156.0000 ""
12992 1024108.1771 77026.9145 156.0000 ""
12993 1024139.1796 76989.7049 156.0000 ""
12994 1024164.9615 76965.1461 156.0000 ""
12995 1024179.6900 76956.7343 156.0000 ""
12996 1024204.4260 76962.9695 156.0000 ""
12997 1024216.2187 76958.4800 156.0000 ""
12998 1024233.9258 76926.6399 156.0000 ""
